Unnamed: 0,BreastVol,tissueVol_T1,breastDensity_T1,tissueVol_PostCon,breastDensity_PostCon
-1.7301732451659837,0.15160227910374538,1.3750251005619227,1.2161293146695478,0.1676916741677449,0.03653692319015951
-1.7264160828529198,-0.7842449295489797,-0.11100153028980049,1.461910318599431,-0.2417225770518676,1.5106222112683856
-1.7226589205398557,0.6535083698697246,0.6401533030929207,-0.19218782417772812,0.07479711820444464,-0.6345499006609823
-1.7189017582267916,-0.22099392921916108,-0.7878139993266656,-1.0995046223417377,-0.33377006569851286,-0.3941801537195295
-1.7151445959137277,-0.9987620171621064,-1.0163516957287633,-0.5655127061987435,-0.8666236773906716,-0.4375829660871335
-1.7113874336006636,-0.19797465186969906,0.8001991112833791,1.2368479293464598,0.029051166291688198,0.36747204337465844
-1.7076302712875997,-0.6596698698019533,-0.19076240353947566,0.7554973622519506,-0.10975158335840074,1.386354150359113
-1.7038731089745356,0.20155313760877017,0.2776201196913731,-0.11920964437378874,1.2789049642149455,1.82675318515322
-1.7001159466614715,-0.9234856716542548,-0.671979452362744,0.4133715348037381,-0.6583415424984917,0.3605544610952259
-1.6963587843484076,-0.32933694353437964,-0.6638954016351807,-0.8112791164037124,-0.7544956546270807,-1.2431451129129063
-1.6926016220353435,-0.6865118848777898,-0.16257918149298572,0.9153221503806889,-0.6112045095591488,-0.26321802581627995
-1.6888444597222794,1.0906423086743224,1.3537996740829115,0.03017930973521502,0.13623757351562688,-0.8499094340082552
-1.6850872974092155,-1.0109052628485724,-0.9166684962103345,-0.1274299726678569,-0.9035054436393225,-0.6097054791507255
-1.6813301350961514,-0.5862772943287439,-0.3143376317687043,0.26858552889527915,-0.41101585624527304,0.1384130241961529
-1.6775729727830875,0.4355350967783282,0.05894922346348827,-0.56455077580319,1.8238950103214073,2.1245613913680677
-1.6738158104700234,0.49309594061918666,0.6678102227665967,-0.01948010837303601,0.41509436836750585,-0.014008600384500235
-1.6700586481569593,0.34587878893012725,-0.6272165685905076,-1.2089086751247533,1.3374339820434273,1.5915161949745433
-1.6663014858438954,-0.6488126897143713,-0.4482604711105187,0.13241119451115038,-0.35037778024023214,0.5257605951624644
-1.6625443235308313,-0.6356394872010535,-0.1064670676337703,0.8669483083012497,-0.48658655776950455,0.029009200469813975
-1.6587871612177674,0.4429196824977294,-0.8048385461743043,-1.423958621983976,0.32616488877424293,-0.08466493319659105
-1.6550299989047033,0.8797705224146963,0.13652576628696064,-0.7703679747091674,0.13415521114555465,-0.7230853329442216
-1.6512728365916391,0.10266532843064687,0.27319830574502835,-0.007771906807827198,0.43534394059248205,0.5843764389419632
-1.6475156742785753,0.39380589356624635,0.09649489482961988,-0.4947329189513958,-0.11353858163228857,-0.6871785283263521
-1.6437585119655111,2.282448104941008,2.135252693711432,-0.21458187274807217,1.3464880076813666,-0.4022935245471081
-1.640001349652447,-0.736995702738596,-0.6920442750228276,-0.23846525871806654,-0.7701514653315074,-0.725790079089318
-1.6362441873393831,0.7157253900785541,-0.3511804709041575,-1.1015844248175406,0.4455402986589473,-0.20627528323605276
-1.632487025026319,-0.829621770967772,-0.3894142968299711,0.8909057860399437,-0.45073815238068266,0.8738654697811943
-1.6287298627132551,0.4098580966581435,1.0993620856794695,0.5013109665453709,0.04600031981662038,-0.46324514488305435
-1.624972700400191,1.917488776151779,-0.11166317424755014,-1.2821512114231564,0.3305618026678179,-1.0411232995755437
-1.621215538087127,-0.6390242322329346,-0.5265414861800697,-0.06869786099414399,-0.7677556402348632,-0.9002620218016522
-1.617458375774063,0.8858594055415584,2.4112406516049214,1.0549357875552414,0.41843287603937845,-0.3888059114357383
-1.613701213460999,-0.8184670988340509,-0.6459462468385794,0.10822592596701953,-0.622275391907246,0.09362705823036681
-1.6099440511479348,0.47220699349543044,-0.4527872337514404,-1.0896427200864323,-0.22614472759323304,-0.9141513206987592
-1.606186888834871,0.12025248505326665,0.20385401086222962,-0.1118720397141999,-0.6136062324456006,-1.2914547139091652
-1.6024297265218068,-0.7936605468540524,0.1923948078882956,2.346318295797364,-0.46476947715183153,0.6512070493394206
-1.598672564208743,-0.6572702810745014,-0.05156768494845503,1.0682768249464931,-0.3803147287086266,0.4525242253380043
-1.5949154018956788,-0.057242953503071535,-0.346901731211384,-0.6132803322597546,0.005293577333951206,0.057438567397124496
-1.5911582395826147,0.4604884652412511,-0.35884934194436585,-0.9921751940375749,-0.5925927481289622,-1.4373371670335267
-1.5874010772695508,0.1715155576170611,1.282487271597554,1.0710534273012253,-0.33216840037227213,-0.8431776697211194
-1.5836439149564867,-0.09696934794795416,1.830458733939425,2.416665806170815,1.240349896258934,2.6364552963445855
-1.5798867526434228,-0.1846710638012554,-0.3752381491196526,-0.5195713002505364,-0.409612604215725,-0.6120815063255489
-1.5761295903303587,-0.5386397325004282,-0.3980645916717519,-0.014079252176836664,-0.572966643211014,-0.46765221155393366
-1.5723724280172946,-0.6301480134346874,0.686374913060198,2.6175159680829085,-0.30045271526656797,0.628924947973321
-1.5686152657042307,-1.058910408880504,-0.5168241144587976,1.8754046311341923,-0.7161195458834849,0.8247237793693344
-1.5648581033911666,-0.19090257463385638,-0.5490677036493621,-0.7685600616104765,-0.6001372445709988,-1.019531849324983
-1.5611009410781025,0.16460566239253063,0.7100140100622748,0.42240190642792846,0.16664003267716937,0.016312312527906495
-1.5573437787650386,-0.16467371904312822,-0.4137693808457214,-0.5975313171754674,-0.29018057356229204,-0.3823260437021544
-1.5535866164519745,-0.9065738065954003,-1.099040979970931,-1.0661781754786788,-0.3675599123016786,1.7031778077039825
-1.5498294541389106,-0.627038879368649,0.03227940558858918,1.1466913509254364,-0.5713264010891403,-0.27328334612064
-1.5460722918258465,2.6857533299810004,2.8869670619770247,-0.04312090297531632,1.925700747707232,-0.1940062005845654
-1.5423151295127824,0.36875634739990437,-0.6701871900562795,-1.2627633881497191,0.787046335900998,0.7056013673029244
-1.5385579671997185,-0.5143701554487904,-0.8690852067945438,-0.9890232136928035,-0.33759791818156504,0.17118326850232757
-1.5348008048866544,-0.7377691040444372,0.031542017529966396,1.6106597168546222,-0.4077562523385244,0.645693248954345
-1.5310436425735905,0.026641859113995674,0.6324491675345798,0.545134996935972,-0.2794971230472526,-0.6051762457984026
-1.5272864802605264,-0.6848546034293246,-0.4063789120985822,0.3280921775691288,-0.4807729170313219,0.1929396135549567
-1.5235293179474623,-0.10608933439937042,0.31484497787343513,0.35048592146017565,-0.02449437566776462,0.08001654074041882
-1.5197721556343984,0.315348953105285,0.7017406910482129,0.21133589719631965,0.7353541698777031,0.7137697448333091
-1.5160149933213343,-0.745760199648625,-0.22514839122639183,0.9872436771120742,-0.5514319741669014,0.1286033788808873
-1.5122578310082702,-0.0610517682373956,-0.13486506674890208,-0.32572327673120216,-0.6687074720878893,-1.2722475947600036
-1.5085006686952063,-0.17481083139047943,0.37479468469529464,0.560705114374791,-0.3986136587473017,-0.6010936566159759
-1.5047435063821422,-0.23662873382693703,-0.17166537620626982,-0.14732237466044087,-0.259775999153324,-0.2029817468280076
-1.5009863440690783,-0.5484067822353621,-0.48518625419289907,-0.17082304476440457,-0.6384203968385743,-0.6458608264047463
-1.4972291817560142,0.1148404702684172,-0.18603408050032802,-0.5700451614949201,-0.29633480538370055,-0.728342703953695
-1.49347201944295,-0.2985302674270657,-0.3039453397701428,-0.2635445320479396,0.06335473113237951,0.6753193319374348
-1.4897148571298862,-0.22425154262813976,-0.7611716841067887,-1.0569070295635903,0.6730709436394905,1.8650633066985944
-1.485957694816822,0.8318877095309637,0.5726184360787677,-0.3863963567704601,0.36688023111550017,-0.4070637245334059
-1.4822005325037582,0.7415890527155754,0.19669958710871313,-0.6429940163184241,2.4055512555090814,2.2533023567933586
-1.478443370190694,0.20363756631720084,0.5145070465962013,0.1458680929302846,-0.3801839140301097,-0.9511427793606935
-1.47468620787763,-0.23762205948059262,-0.27901737362024975,-0.30993202493648764,-0.3888997027881577,-0.4935204539487846
-1.470929045564566,0.009585359874060706,0.07903777120855417,-0.1317274985666164,-0.45539998826076616,-0.9180087072724217
-1.467171883251502,-0.9376940174756739,-0.30737530360259585,1.7474954629557817,-0.5207412464641917,1.1402597948816822
-1.4634147209384378,-0.188351385665203,-0.6394234821157199,-0.9038202612235633,-0.2409372345240207,-0.24008968294106134
-1.459657558625374,-0.6791694038615872,-0.5661564261444592,-0.06650690603013515,-0.4754936990292638,0.19383441243081803
-1.4559003963123098,-0.6355897492161003,-0.2928084128585887,0.44835586892448986,-0.6937574154969053,-0.6599054870491072
-1.452143233999246,0.35113701159230687,0.7291216139333055,0.1967816493359181,2.5468175211017683,3.4391180888083426
-1.4483860716861818,-0.7909462043535725,0.06675133612711583,1.9839411783269458,-0.15703380125618382,1.8921571676179638
-1.4446289093731177,-0.2751815997696416,0.11363570110722566,0.3611380703196403,0.025523886228883883,0.5295855138026442
-1.4408717470600538,-0.4603348497846662,-0.7917534156893096,-0.8980730676841214,-0.7264902024202501,-1.0308039508578648
-1.4371145847469897,0.14068311604758543,-0.03652832839999092,-0.41737177387736263,-0.4102777023492748,-0.951142720179628
-1.4333574224339258,-0.17134100006694977,1.5711564413424355,2.290174363334805,-0.28224221458941395,-0.3555308447286311
-1.4296002601208617,-0.27378929637564686,-0.6294774816429016,-0.8113137954064246,-0.034817908101170796,0.38569460535302086
-1.4258430978077976,-0.5267726316829914,-0.38513498131661444,-0.01287446766888633,-0.3509900041725675,0.16373426471796707
-1.4220859354947337,-0.932429378816653,-0.6132139160752245,0.655373489167366,-0.7827470224650499,-0.23255413244547735
-1.4183287731816696,-0.6907882304424592,-0.8782982966768169,-0.7879831173391796,-0.7124069541795193,-0.61212338152429
-1.4145716108686055,-0.9553863006770248,-0.7322469348290912,0.3413616431324334,-0.5686054226955476,0.999979490018693
-1.4108144485555416,-0.45268500711931386,-0.25606505636760885,0.0833300530390996,-0.5717760364455323,-0.6170732948396803
-1.4070572862424775,-0.052262709056078174,0.03703472310202497,-0.1072354755082198,-0.30069773254396415,-0.5535678803828444
-1.4033001239294136,0.6729908231159054,1.385053145793025,0.44940522618523965,0.7400181791044509,0.22025265145560713
-1.3995429616163495,1.9834276312535806,1.6162845477860446,-0.34637723979480706,0.37991817028133285,-1.0249043233350188
-1.3957857993032854,-0.5634399691310326,0.12395219531331184,1.1195148961039636,-0.6251677823071109,-0.5782485339023702
-1.3920286369902215,-0.22190168383790432,-0.9235657513038804,-1.3037650409203796,0.16813688217604592,0.7288671095733993
-1.3882714746771574,-0.7616921120956464,-0.1736602038857193,1.188776326751896,-0.3058080881788723,1.1413771949205695
-1.3845143123640935,-0.5182104172649107,0.037799618290479474,0.8038280114156855,-0.21594198333254133,0.53631214424221
-1.3807571500510294,-0.1551131461310809,-1.2038289848856332,-1.7401368329545714,0.6958599923791661,1.6967526312418082
-1.3769999877379653,-0.5822186551130097,-0.23624283396090306,0.42338885655241454,-0.6170615008175516,-0.5170487101759562
-1.3732428254249014,-0.9093960549994786,-0.5024512773197938,0.9164734157634427,-0.716213558201682,0.011211437245352627
-1.3694856631118373,-0.4489033343211131,-0.25598137769480683,0.07590006841079043,-0.04961656347709597,0.7996606921303137
-1.3657285007987732,0.09557880417923441,0.9361124736657634,0.8006042867107672,-0.5368495632735797,-1.1386520449147084
-1.3619713384857093,0.0607167400008983,0.4591235898769454,0.27540999412904826,-0.18996282239386356,-0.479067763964474
-1.3582141761726452,-0.7977675200256666,-0.7661990736093489,-0.28899483255316555,-0.7226049394532921,-0.3909748143014567
-1.3544570138595813,-0.8238436594131415,-0.7341022337506808,-0.12907457041870984,-0.649324291476548,-0.0024586650497044078
-1.3506998515465172,-0.15225631010740973,1.4630238472034411,2.074120682577911,-0.2740265546127032,-0.36598866836229416
-1.346942689233453,-0.7601055471201869,-0.8344151141613306,-0.5571549338038476,-0.5253758119799037,0.27825667924459857
-1.3431855269203892,0.21897263317750534,-0.48262942178176677,-0.9887908623641309,0.6297886708313594,0.7094607895824776
-1.339428364607325,-1.0058114329424115,-0.6057775987429443,1.0914040852509965,-0.7828501708785609,0.08407597865068939
-1.3356712022942612,0.7793120372548048,0.8882298612679557,-0.08345471782497614,-0.0773136678695952,-0.9166448156424513
-1.331914039981197,0.9677540807560244,0.4229097837145308,-0.5917104097845018,1.3679707558661474,0.6397061826575922
-1.328156877668133,5.596729149826421,4.759338141637692,-0.34075442739215783,2.569535534741588,-0.80309461750175
-1.324399715355069,0.1871984792060668,0.19090111319267344,-0.20196880178509258,0.32985843339023424,0.26047206812774
-1.320642553042005,-0.8931826687073181,-0.2195481406487177,1.7489058098124421,-0.6574939059904044,0.22815018001089835
-1.3168853907289408,-1.014568014927759,-0.6410541452311467,1.0057625116717197,-0.8386979564910856,-0.20706550365796836
-1.313128228415877,0.10948219026599881,-0.7988647431449903,-1.2978851825405844,1.205160311441614,1.9346430739538722
-1.3093710661028128,-0.5322277864707043,-0.9771190755035476,-1.186436577540531,-0.6167959293710206,-0.6098852038362569
-1.305613903789749,-0.12843110547802156,0.2070046967660303,0.2375528835856044,-0.3007565974231003,-0.4555892049681107
-1.3018567414766848,-0.7647181314328182,-0.4113979651537763,0.5724759641849209,-0.6058341879863923,-0.020740158564277536
-1.2980995791636207,-0.7183239543050092,-0.5979259712275534,-0.047060459738944294,-0.5855509668970927,-0.08410263511055303
-1.2943424168505568,-0.9782253702333149,-0.8457131918032028,0.019337001399144856,-0.8359994691942277,-0.34238863536156366
-1.2905852545374927,-0.06950730689941235,0.24691852447781326,0.19841091969225974,-0.10786159690586761,-0.14776088736389675
-1.2868280922244288,-0.7049601460352364,-0.6717594557169548,-0.2609905253676985,-0.8904428413663176,-1.2260547955959349
-1.2830709299113647,-0.007816513230726782,-0.626811550178072,-1.0206729616689891,-0.24534378376242008,-0.5003701460225228
-1.2793137675983006,-0.1601840264874096,-0.2226458645449764,-0.3272320971194259,0.7578640435529141,1.844168712294142
-1.2755566052852367,3.981089795313404,1.4566987778051217,-1.0036459816483403,4.160794508886074,0.4604498541257997
-1.2717994429721726,-0.20551654549796702,0.3031689638155599,0.5153009070288109,-0.3239292982419668,-0.3955354474213284
-1.2680422806591085,-0.3235949287723058,-0.8394453570156879,-1.1053208282957092,0.6829950215963412,2.2457379493895973
-1.2642851183460446,0.7501556858481384,0.24987314723575066,-0.6028301779711257,2.2915939452774943,2.0919817115660506
-1.2605279560329805,-0.5425371313544189,0.08785295832024974,0.9773696559004535,-0.014045008088186739,1.2144833899871097
-1.2567707937199166,-0.2933568236326708,-0.7263501832464518,-0.9468982007103236,-0.7710200885531057,-1.314210809148305
-1.2530136314068525,-0.8984559249329876,-0.9686312537837215,-0.6547031740580792,-0.8859225122542186,-0.8495413574370502
-1.2492564690937884,1.2136859407469456,1.5181960015390832,0.05401387021506095,0.21589022081411852,-0.8327442233757666
-1.2454993067807245,4.379585465508043,1.9120988172644877,-0.9228934204329492,1.3901774605456194,-1.0597752034894856
-1.2417421444676604,-0.8395185436057964,-0.5395375028106689,0.4914063294000641,-0.6723704561900489,-0.04745536371124892
-1.2379849821545963,-0.5817984416623685,-0.665214446887315,-0.48354335400632137,-0.4340373373375335,0.05433448832256454
-1.2342278198415324,-0.893586262265106,-0.6199474124378597,0.45942334509144384,-0.7921166978554508,-0.41331862257965984
-1.2304706575284683,-1.121705859501269,-0.5453706088025542,2.395854145935578,-0.8362945842964721,0.4305672865740324
-1.2267134952154044,-0.6641018138104999,-0.5254470752674905,-0.007311489503838188,-0.47505882571894853,0.14950638499625563
-1.2229563329023403,-0.6285968230722758,0.1665159167090291,1.4513693490428767,-0.28651823791222236,0.6695631362219064
-1.2191991705892762,-0.9822069113083809,-0.6696237871355012,0.7038959834146099,-0.7316639061620764,0.2596911406667229
-1.2154420082762123,0.3780358739054525,-0.12174068690316465,-0.7053138080326935,0.3623506188000779,0.04732296012899752
-1.2116848459631482,-0.4278869388810993,-0.4709920069107092,-0.3531004916515437,0.4085145775645013,1.961543349335423
-1.2079276836500843,-0.6795864144334043,-0.9683043649565088,-1.0179178759152268,-0.5008428529565977,0.10623891306324763
-1.2041705213370202,-0.026117304048042193,-0.04045545007570119,-0.24229872502313776,-0.3533493456089464,-0.6867426814151781
-1.200413359023956,-1.0088555423930645,-0.5536286231225722,1.3202772975063417,-0.45213663723764136,2.062836899415404
-1.1966561967108922,-0.22363854613931244,-0.28094957321596015,-0.3315196395110175,-0.626255179470315,-1.0447376895671687
-1.192899034397828,0.5168933453062541,-0.9349025660975127,-1.5687978038890706,1.326118966475654,1.2430006599890884
-1.189141872084764,0.4812621213205371,0.407009289090622,-0.2603960731012819,0.22374913006298947,-0.27485975155870385
-1.1853847097717,-0.7128286425705715,-1.1343566344374516,-1.3861275028438604,-0.892063950286702,-1.2210318284937909
-1.181627547458636,-0.2066432020795668,-0.10057555269135726,-0.08461563409641797,-0.24601145442853517,-0.2218032159116266
-1.177870385145572,-0.16200587369952432,0.3001087783621265,0.42835209545112546,-0.5611083909042296,-0.9642378673239528
-1.174113222832508,-0.33845171393133533,0.30052324527291807,0.8019229723787823,-0.10579288691875613,0.3625136271757153
-1.1703560605194439,0.18042489621993504,-0.5544337795004486,-1.0477296896053045,-0.3125060359973781,-0.8176530774830545
-1.16659889820638,1.7424022714634473,1.5484300187331743,-0.2634786299395196,1.343505163301872,-0.08735788274616092
-1.1628417358933159,-0.3063760876133153,0.24642498888660783,0.6382947225946622,-0.45091953795288675,-0.5366278211269068
-1.159084573580252,0.14450259607667565,0.5198496883903306,0.22976485652515372,0.9581165214998134,1.4157139728218093
-1.1553274112671879,2.513317747339093,0.9780072736656784,-0.8687328707655637,2.4183367786646484,0.24440660176279036
-1.1515702489541237,2.7397689214315477,2.6362243518381576,-0.1811311831029676,1.6636312065457537,-0.39592635445842955
-1.1478130866410599,-1.1958538939092738,-0.7841084147155218,1.9466597824362015,-1.151578894471183,-1.953833071563303
-1.1440559243279957,-0.4952057062803932,-0.8333661273281037,-0.9396526363192335,-0.2837683021796499,0.2768501859180263
-1.1402987620149316,-0.03675380384708516,-0.9617486326960427,-1.442114812039143,0.2111243092215608,0.4252146963397032
-1.1365415997018677,2.7540626994032382,1.1336216050555787,-0.8626146566688516,1.5260988689060069,-0.4938729058690786
-1.1327844373888036,-0.39341668775291955,0.30068505193484174,0.9430473118210074,-0.6578686501937359,-0.9311702482244055
-1.1290272750757397,-0.297286932902711,0.8125747344163474,1.5269762032750023,0.32456311659512266,1.2930451828581755
-1.1252701127626756,0.5764059357458433,0.8081213972082507,0.030471248721475577,0.888853782791159,0.5421088384853798
-1.1215129504496115,-0.34432223386448574,-0.28077462807677844,-0.15534635714256817,-0.8494447115503052,-1.4642468819343009
-1.1177557881365476,-0.7080832757107203,0.10756849340541251,1.659462113580553,0.10859879439288872,2.410137332188146
-1.1139986258234835,0.21479389750403974,-0.35892886107064687,-0.8476095625349734,1.4348554714320585,2.0535164427249
-1.1102414635104196,-0.6176495641837793,-0.15277957042475898,0.7057282272148292,-0.03487685983564928,1.451344903409676
-1.1064843011973555,0.7677142383701955,0.07223429784787916,-0.763946111023335,0.290757803078872,-0.44848165480879537
-1.1027271388842914,-0.5346026384399645,-0.35816140505334965,0.05757744655949827,-0.6543800644576053,-0.717321094963114
-1.0989699765712275,-0.6942976467398578,-0.5236264057200793,0.07299108935744394,-0.6384078504994077,-0.34030812843804314
-1.0952128142581634,-0.061951361215927314,0.19962570645455457,0.12341624084914618,-0.04463062076688137,-0.03377917257686778
-1.0914556519450993,-0.45326528238452646,0.20559315841593392,0.9377512016502213,-0.5657394152523771,-0.5996067587432901
-1.0876984896320354,-0.1697281486485306,-0.1162079371749625,-0.1608612589669298,-0.6480790661751787,-1.1430408089011461
-1.0839413273189713,-0.08384586882934397,0.7983867974820769,0.9711490013549234,-0.2461314875413945,-0.40426434851466836
-1.0801841650059074,0.13633097680837733,-0.36700545540450236,-0.8016711239139853,0.058765040426231076,-0.13105572520208222
-1.0764270026928433,-0.1717404011324823,-0.3497005722329634,-0.4970116612011763,-0.23627895691325615,-0.2561459181669897
-1.0726698403797792,1.6888440908686033,1.3557103176856171,-0.34999921798422684,3.347865444728326,1.7317102959707777
-1.0689126780667153,-0.3433568328471172,-0.74377444936488,-0.9301698122837128,-0.3499670890041197,-0.22983673375458233
-1.0651555157536512,-0.6108003757094693,-0.7531465444343628,-0.6252695050378606,-0.38610208099090926,0.2873625022128742
-1.0613983534405873,1.3124722418075423,0.11575425830120019,-0.9735941004244573,0.6431635378392686,-0.4536189009159118
-1.0576411911275232,-0.1527240564161266,-0.31950200170590626,-0.47515973852065196,-0.058360515627692865,0.09162039906884129
-1.053884028814459,-0.8789351123320837,-1.0078147801779382,-0.8212431482905509,-0.6484430086006954,0.21081999102955903
-1.0501268665013952,0.3715879710966246,-0.16363101222503612,-0.743846095202369,-0.013617496198880951,-0.5159941057918789
-1.046369704188331,-0.03602677403192067,0.010554749484535,-0.1632114950751411,-0.3173845171136006,-0.6056490015319526
-1.042612541875267,-0.9353035181691775,-0.9193038068911781,-0.39358133664768863,-0.8312083757840906,-0.47087046386154624
-1.038855379562203,0.7780656206374386,0.6484307023676433,-0.2843420540024454,0.3239089503119967,-0.4156170685574572
-1.035098217249139,-0.396277389177537,0.9134499039909915,2.023959250682081,0.03954103894620129,0.8809086252579127
-1.031341054936075,-0.9496856617939103,-0.6975354535268469,0.44023104311756306,-0.8358258682363582,-0.4460215607285901
-1.027583892623011,-0.6799450619233022,-0.6014686520427233,-0.14831634793837975,-0.7154779983095758,-0.6456531409276776
-1.0238267303099469,0.9435272048649305,0.5291367135846938,-0.4943739259864361,1.3575251006150266,0.656902877845421
-1.020069567996883,0.9187583132343734,-0.49857891350530015,-1.2937107161143024,0.833894561466439,0.07271968128035601
-1.0163124056838189,0.05953132235802639,0.45330980588173614,0.26997653201448846,-0.2840879717205873,-0.6496667380930027
-1.012555243370755,0.36467873436924486,-0.7494283967287265,-1.3428072645922693,0.5062794779464024,0.28386877633711183
-1.0087980810576909,0.773194604742416,-0.7789205762710761,-1.485248270478958,0.7167054443143495,0.07926482447855003
-1.0050409187446268,0.1817868903788105,0.07623333561600106,-0.3272839865395497,0.5131292812200375,0.5791032518785082
-1.0012837564315629,-0.43181608883195016,0.7757513178755828,1.9103164430315687,0.217476839943479,1.4653348810865439
-0.9975265941184988,0.0851227056296365,-0.48936976918653374,-0.9113669756310054,0.3827413475971144,0.522064156592105
-0.9937694318054348,0.26002065992506823,-0.7364315908386317,-1.2896334871872448,1.025547587202695,1.2786785900985995
-0.9900122694923708,-0.6008519707695418,0.03456483889223684,1.0585331634048805,-0.5185195129479584,-0.16470711949663144
-0.9862551071793066,-0.7104941429560111,-1.103465461546741,-1.3118737133028908,-0.8102993107478592,-0.9261165703796019
-0.9824979448662426,-0.3109665403181882,-0.7240505924520565,-0.927468622001189,-0.22085771775742016,0.023461508226769564
-0.9787407825531786,0.712895358202178,-0.030786883768557018,-0.8226235590919327,0.8203248062761865,0.2775855753543803
-0.9749836202401146,-0.3327840436798686,-0.5288900494141552,-0.5843373331486218,-0.07484906533400515,0.42522316114972314
-0.9712264579270506,-0.5781202918243104,-0.42093040008442845,0.024060018859523462,-0.599511627244027,-0.4704673157203729
-0.9674692956139865,2.8239025061719465,0.8783048371577079,-0.9938261543096136,8.254522183510785,3.881977074478857
-0.9637121333009225,-0.8252143262628107,-0.552112099757275,0.40110389060905943,-0.6553637542081896,-0.02353891960618155
-0.9599549709878585,0.3182551867859868,2.1297321610148074,1.717142613230372,0.05016063063936744,-0.36340617547674614
-0.9561978086747945,1.282498761930717,2.9777085946735875,1.0080792684213025,1.1359917728495834,0.06881637964116617
-0.9524406463617304,2.638185442955415,-0.16878331600066906,-1.4327060100632407,2.887266498294234,0.488192543586751
-0.9486834840486664,-1.131302309039315,-0.9577051456658563,0.28766277227634585,-0.8203635792206242,0.6322998270738427
-0.9449263217356024,-0.046346178530458755,0.39110227229276734,0.3541675828256478,-0.1497347519592218,-0.26457744073871503
-0.9411691594225384,-0.6140302125285776,-0.3156432846484778,0.33785988406669876,-0.3205558777601914,0.5094864468333274
-0.9374119971094743,-0.682003848614175,0.6734043044699008,2.88480964768732,-0.6915313056256621,-0.557183945256602
-0.9336548347964103,6.802681208745726,11.3530427801062,0.9345893732348155,3.606974192984377,-0.6677519633195957
-0.9298976724833463,-1.1379743997811989,-1.1243436660894004,-0.5859849510266808,-0.8653453440619238,0.32209748030225616
-0.9261405101702823,-0.9187149336193683,-0.23036591562622827,1.8814584643146617,-0.4639228429885269,1.3082900089974443
-0.9223833478572182,-0.5506279169902765,-0.6139414195002495,-0.42928397466273926,-0.7789718706922044,-1.066674230168057
-0.9186261855441542,-0.7743603044413845,1.0067905446966319,4.414667839189052,-1.1825898271435482,-2.282340985407783
-0.9148690232310902,-0.11488824268065242,-0.4325502486305164,-0.674385293483623,-0.3901286671134862,-0.6579470423000771
-0.9111118609180262,0.3327713325246195,0.05763465137065761,-0.4851656612815631,-0.06629532702616335,-0.5596707096443815
-0.9073546986049622,0.4256044761945144,-0.7982529443758835,-1.4122354983608616,0.18854292047177834,-0.26785041249831953
-0.9035975362918981,-0.1728242027625041,0.20558538956091146,0.3109940554802919,0.017544975089123803,0.2915623311458636
-0.8998403739788341,0.8114753000283144,0.12544977675760474,-0.7432030112980287,-0.22575798478411585,-1.1184136808165732
-0.8960832116657701,0.4781699710513473,-0.4682612003992394,-1.10740863827469,2.892624740916056,3.5646580141742126
-0.8923260493527061,-1.1501805242475207,-0.9855139214935889,0.2579072853379592,-0.9191259234360263,-0.03654410257073133
-0.888568887039642,-0.5406172838688077,1.1128903330326902,3.041276562003988,-0.5786957450901794,-0.4809418171985264
-0.884811724726578,2.6095007026897896,2.819887740166241,-0.0380262571517203,1.5431823492586467,-0.4183410210843794
-0.881054562413514,0.9927213976162708,0.39726814442997194,-0.6255517139566069,0.6361088385308522,-0.22335610308956316
-0.87729740010045,0.28045532381727867,0.1775093121946531,-0.31105683607785434,-0.5165216353398404,-1.2277790603532128
-0.8735402377873859,-0.4352830096591473,-0.31113620604375136,-0.05115454650904954,-0.665797629798617,-0.8978712394361306
-0.8697830754743219,0.5553819596301157,-0.24432511759482173,-0.9317393001150138,-0.17237442399441033,-0.8962833705896477
-0.8660259131612579,-0.4189604358891411,-0.5574994006145154,-0.521576069833766,-0.3232839895731158,-0.012248052823919567
-0.8622687508481939,-0.2789054638754887,0.07452553662003517,0.3065858688640759,-0.1955964794960261,0.020784050755545472
-0.8585115885351299,0.43813421238107597,0.25837299176227857,-0.3688413449899066,-0.15564631723961583,-0.7861479601008574
-0.8547544262220658,-0.510594503006352,0.17874174374270047,1.057786459866773,-0.2552880561949677,0.4001099097610782
-0.8509972639090018,-0.5841701819467927,0.03658244141341045,1.006238994596429,-0.16584008266729006,0.9012510251465911
-0.8472401015959378,2.0635031769657113,1.5818338365558744,-0.4020294241468246,-0.2538396219986302,-1.5575360287491187
-0.8434829392828738,-0.6893711842759191,-0.43201233620782126,0.2798273919303889,-0.658018413111143,-0.4220675402399479
-0.8397257769698097,-0.5693801296179256,0.44559651599022027,1.8096818405668869,-0.15054250100710695,0.8966664711225277
-0.8359686146567457,-0.37906610270698554,0.18871690258883597,0.7118749110475929,-0.3857969815282197,-0.2544125144198897
-0.8322114523436817,-0.3966508750703539,-0.6568638140606136,-0.7258401489404447,-0.7064477495890347,-1.0531160356725757
-0.8284542900306177,-0.7079860878447658,-0.08468271664400173,1.18702965562861,-0.3605933110867968,0.7040809935417893
-0.8246971277175535,0.17482600400201695,0.5452626981059464,0.21832663321636894,-0.016680988474645254,-0.3096580022911071
-0.8209399654044895,1.473283092507042,-0.02028780195888866,-1.1166207818996157,0.6724153447883393,-0.5260904275039945
-0.8171828030914255,-0.7172851233505277,-0.29372304530026483,0.7061780928646684,-0.576016981034511,-0.05202905261822937
-0.8134256407783615,0.779632420197336,0.25240286980366533,-0.6187955778692072,0.2660394674376427,-0.4890257905770676
-0.8096684784652975,-0.6277853009429233,-0.7230929579720642,-0.5312787110670488,-0.4362161686567556,0.17358729178166973
-0.8059113161522334,-0.1478094042940273,-0.14560782457398413,-0.23282143156976504,-0.3578756463901154,-0.5494203156715856
-0.8021541538391694,1.348446756645239,0.21857586045909377,-0.917382244240648,0.9415030550509642,-0.1799874819844382
-0.7983969915261054,-1.0825368016857886,-0.3425733540361138,2.930087981396432,-0.7388731369024949,0.8487366878542543
-0.7946398292130414,-0.010132253327845144,0.13780234907754463,-0.030881426597851917,0.12537096908093862,0.21189311237760744
-0.7908826668999773,-0.12953157679833888,1.5646401196499857,2.1488084269299668,0.7448647001757245,1.723321068881682
-0.7871255045869133,0.30796809766739425,-0.01687355493296355,-0.5435096699994508,-0.3628943572068402,-1.0024275213285014
-0.7833683422738493,-0.5278933012486804,-0.5939731349264825,-0.42666690372481647,-0.4000645860801626,0.021844335643298792
-0.7796111799607853,-0.3561237866926996,0.5425486326725545,1.254497409673714,-0.16966094758618583,0.2445027750113351
-0.7758540176477212,-0.7742343960042514,-0.5211201776110568,0.3123554682145215,-0.8058260090568217,-0.7849982144640008
-0.7720968553346572,-0.678883005992406,-1.038926634068811,-1.1858782839384119,-0.4327595292701015,0.3426660957369539
-0.7683396930215932,1.7591508365674176,-0.4277412062772868,-1.4331311226768717,0.8954644892294544,-0.4884223141221863
-0.7645825307085292,0.6028197994908578,1.0062131976597428,0.18569309331312145,-0.34302837569974426,-1.1588295074547008
-0.7608253683954652,0.5320340580033919,0.3921005043272224,-0.3181018175576789,0.5864029733428544,0.18151474538120385
-0.7570682060824011,-0.6101049961970816,0.16582876055359397,1.3769933581202771,-0.4549242592447553,0.06316530997695238
-0.7533110437693371,0.04662944323536568,-0.4118197062233432,-0.7876649917841198,-0.5307376374802454,-1.0902683803655917
-0.7495538814562731,0.6755970668633737,0.05117617590607091,-0.7301235668630007,-0.09382459455527277,-0.8718012879079484
-0.7457967191432091,-0.48366638666753486,-0.5806718623020147,-0.47056313120838933,-0.5154384822549694,-0.4061111674318394
-0.742039556830145,-0.38477357700059545,-0.1414761593920869,0.15367243095896146,-0.5107091461808065,-0.5643180503117456
-0.738282394517081,1.262478092227689,0.3734723338108148,-0.7763012787569632,3.2653940742342558,2.272826225568995
-0.734525232204017,-0.10747697108776129,-0.19544721764888925,-0.3533517670287345,-0.277025608362543,-0.4350320334867276
-0.730768069890953,-0.3723910631761903,0.2303896113460882,0.7670519481821889,-0.18072606111758505,0.25365620971863634
-0.7270109075778889,-1.026617752828255,-0.6630599580406953,0.9930968344557283,-0.7249287328870427,0.54976851909901
-0.7232537452648249,-0.3971719194618319,-0.22427072769523923,0.03303063259770678,-0.5415061243729272,-0.6244498835414917
-0.7194965829517609,-0.1291592428416459,-0.6085771552972545,-0.9080068739452585,0.302987528481261,0.8022989785434801
-0.7157394206386969,0.026167341476070766,0.5909575714529492,0.49359353298252984,-0.42324567211185204,-0.8731225460221586
-0.7119822583256328,2.227121731812875,-0.2470092996011734,-1.4108745410791719,2.481760082057762,0.48878253366387414
-0.7082250960125688,-0.2642916289181221,-0.40250832619686716,-0.46601791108485263,-0.5265759335857347,-0.772409117865648
-0.7044679336995048,-0.4330411658230827,-0.3146514707651772,-0.06166769660901628,-0.7389504863140087,-1.097193074516358
-0.7007107713864408,-0.022955939000996708,-0.6721434466624278,-1.0697101057822977,-0.09037337689375559,-0.18255786124912718
-0.6969536090733768,1.1660296481659937,0.2318203439549447,-0.8338664977561455,0.29754954544373236,-0.71945850135832
-0.6931964467603127,1.261972782808796,0.7274883547470413,-0.5304929806556669,0.7306240933148647,-0.32984184628587077
-0.6894392844472487,0.07935435395163118,0.6371000090037247,0.4652402225741038,0.107221237353172,0.03539522069836795
-0.6856821221341847,0.4447313304929757,-0.9165048272439994,-1.534781473549176,0.30426084182594787,-0.11877675735816737
-0.6819249598211207,-0.2632065383234143,-0.24971937571050823,-0.22895267059872454,-0.18936636060849812,0.0053399418269521074
-0.6781677975080566,0.5528593273690183,0.2855661869155374,-0.4348543202591059,-0.35485305757526303,-1.1472274430998244
-0.6744106351949926,-0.5506197141842325,-0.564270857810515,-0.32791841000549854,-0.3751396654684896,0.15369106256940387
-0.6706534728819286,0.6805187946868844,1.2736593019473743,0.3428783324622552,0.05636885828706349,-0.6793381943340479
-0.6668963105688646,0.3072207242307492,-0.668871209691238,-1.2363001593828176,-0.4033124158947607,-1.0655296603397624
-0.6631391482558004,1.6931093358271634,2.2856460313910145,0.20535729380345044,0.30192543985976195,-0.9776823438695247
-0.6593819859427364,-0.16952689726641762,0.9243863949776963,1.3469350235985669,0.3359803779554655,0.968353852599015
-0.6556248236296724,-0.5707296188410051,-0.36246012910828246,0.12970859031434828,-0.5629203704584331,-0.37225572766803866
-0.6518676613166084,-0.6214385418633283,-0.2151472313508318,0.5798342344843489,-0.4393919220469563,0.14500396692487644
-0.6481104990035444,-0.6210311332578555,1.4642556240757951,4.286049095632968,-0.32629904051436276,0.513504165883334
-0.6443533366904803,-0.47421520242370324,0.3126005602271577,1.2004256739765051,0.29687846308796684,1.8452172780485818
-0.6405961743774163,0.1838287553924638,0.6237559875464518,0.2960466008817785,0.1264522164115122,-0.0783419567950362
-0.6368390120643523,-0.8836196172382751,-0.14237281967155993,1.9342042891593023,-0.6759825655832342,0.10101623130065002
-0.6330818497512883,-0.031371990599281765,0.30151610310086263,0.21249418325483746,-0.31451544255095554,-0.6055057976228886
-0.6293246874382242,-0.7486931290194291,-0.5564260750088025,0.14081538908756983,-0.5689685931997185,0.07101589327961519
-0.6255675251251602,-0.6382604599628017,-0.5988906039963499,-0.23340645826543208,-0.5821238406592364,-0.28240893330174544
-0.6218103628120962,-0.2882024065741452,-0.5529026753106208,-0.6750876235057283,-0.4630941057451449,-0.5921365841630561
-0.6180532004990322,1.1597439473496376,3.184100283766412,1.2961114524110147,0.6045264419200611,-0.38820772134892456
-0.6142960381859681,2.4116807175532378,2.2326664593960808,-0.2259231938164395,0.7442897677368296,-0.9012074386682104
-0.6105388758729041,-0.35887477627926934,0.6738881140506211,1.4848160686941192,0.48052701582565555,1.8806966188499123
-0.6067817135598401,0.15464794719436728,0.3421698830725834,0.009450086321299237,-0.5166651588550472,-1.145752069318585
-0.6030245512467761,-0.7179099641101991,-0.9160232478244378,-0.8391553937982755,-0.736032753521391,-0.6393728311956032
-0.5992673889337121,1.9834267743894958,0.6991701309625914,-0.8502100893548683,1.2858213160814054,-0.2880395609047279
-0.595510226620648,0.5007712999751112,0.3767172952276763,-0.3064941413958541,-0.5220118908783614,-1.3545333027476603
-0.591753064307584,-0.28891261105578414,0.1723822983409656,0.48182452342746995,-0.3709199052285871,-0.3735766916168541
-0.58799590199452,0.9369519506807118,1.607044217373058,0.35784330933310377,0.37631171316430906,-0.47820004086108203
-0.584238739681456,-0.9388192777495408,-0.1459408268492609,2.3193755324908594,-0.3187416782205157,2.19255866960206
-0.5804815773683919,0.858409175434049,0.4047132075378551,-0.5411255807373696,1.3580788785759756,0.7649978450901654
-0.5767244150553279,-0.2409653180681757,0.301877943928952,0.5848400885798474,-0.5790925561529991,-0.9202311749761546
-0.5729672527422639,2.6548579887930157,-0.046088487453271015,-1.3784907208642183,1.5679931461818435,-0.4220479482330337
-0.5692100904291999,0.6209439519001891,0.7496481295044185,-0.06524730258356443,0.7764016419213862,0.33130644343519344
-0.5654529281161358,-0.14917615679371637,-0.23017780375621288,-0.35171364332399735,-0.3885986165286528,-0.6125478558033772
-0.5616957658030718,-0.4982752168068922,-0.884735048797807,-1.0356518956088505,-0.4864526258153708,-0.2951068571329868
-0.5579386034900078,-0.17258073756861803,-0.46171794657948567,-0.6587721784373451,-0.307291724490891,-0.40756896518867675
-0.5541814411769438,2.9421552952808594,1.3338175412344513,-0.8244640569940765,0.5061267165046502,-1.2205367290525708
-0.5504242788638798,0.06236942097740254,-0.2548008316271548,-0.6064960606917833,-0.5069025836154613,-1.0591015101089039
-0.5466671165508157,0.7978914196828076,0.6744451768607534,-0.2774650595997571,3.3352357629725864,3.2900758145905944
-0.5429099542377517,0.8810277610841448,0.9109690817210483,-0.1472388365571542,1.5475573678054653,0.9616560680333412
-0.5391527919246877,-0.8281317160413038,-0.9251579668404072,-0.6718671190422558,-0.4985250057503878,0.6611297957851845
-0.5353956296116237,-0.5853125583653337,-0.7071942944295527,-0.5666333829834213,-0.4494689180989373,0.015104581392008208
-0.5316384672985596,0.3173440192399291,0.259669913068086,-0.258601814787273,-0.2303112137806471,-0.8015828221721878
-0.5278813049854956,0.7255351660445496,2.039047863265736,0.9551719218545113,1.1773447660199714,0.7185787601731757
-0.5241241426724316,-0.1376575751517861,0.966584445190031,1.32759313877022,1.0870587511784688,2.464491796358687
-0.5203669803593676,-0.6363779783720506,-0.47065593651296084,0.050902247455316935,-0.414279914007186,0.2716585461032451
-0.5166098180463035,-0.01686506265600619,-0.24482362194594542,-0.5186940959918074,0.2541496512370953,0.47099290947365574
-0.5128526557332395,-0.7594260856759285,0.5938620195504277,3.196877622188475,0.14698791645585044,2.893347333086783
-0.5090954934201755,0.16865781954369802,-0.7852854870522684,-1.3070985850892238,0.20026734997129148,0.06802441571984327
-0.5053383311071115,-0.6006390920396694,-0.5861345853584019,-0.28081496210965584,-0.6437157485483077,-0.5649890558086027
-0.5015811687940473,0.21716150227827621,-0.5114889334834701,-1.0200392476648565,-0.3232991927904185,-0.867546968869014
-0.4978240064809834,-0.03062602647303244,-0.7071491543870644,-1.1107238600915166,-0.4416795111625312,-0.853160771801369
-0.49406684416791935,-0.3911847622120033,-0.0916611805035608,0.2531022917321386,-0.740282469627244,-1.1466792870341684
-0.49030968185485535,-0.2237390724105321,-1.1606944653150353,-1.6612031730101369,-0.5673522175519552,-0.9128075419082419
-0.4865525195417913,1.604960684727285,1.0533759056888008,-0.49184342614309784,1.447875372016768,0.1063630922109644
-0.4827953572287273,-0.13553787964970718,2.85252041593559,3.9866606338752595,-0.1375424583842301,-0.10447861532913881
-0.47903819491566324,-0.8866871353810805,-0.5644091669501761,0.6082449408971432,-0.6996588798369036,0.0015324061901165074
-0.47528103260259924,-0.6797961084902813,-0.9730065061645625,-1.0288027898831578,-0.48675662344330545,0.1562732336659222
-0.4715238702895352,-0.7928048100681289,-0.6561112753123127,0.00220869988119618,-0.5520552456460497,0.29133833343812715
-0.4677667079764712,-0.4437891542050485,-0.8220309191302859,-0.9709297265630367,-0.6222648461193392,-0.7683665952434571
-0.46400954566340713,-0.25046872991884883,0.4607353576092605,0.8500282698069737,-0.3959029628685152,-0.4907256481903417
-0.46025238335034313,0.2425017859778159,-0.6921031254407081,-1.2335928400942626,-0.03407019608034944,-0.416062600258323
-0.4564952210372791,-0.6966988993962914,-0.012584386310578096,1.3159054903389327,-0.2969204548154947,0.8891421564800398
-0.4527380587242151,0.16709350183959593,-0.5865193448328427,-1.077121488366103,0.7857293014521419,1.0703956194600917
-0.448980896411151,-0.22391465517606207,-0.4032091841455933,-0.5159881980942754,0.14735493288959228,0.6871867175311478
-0.445223734098087,-0.1342700716944214,-0.07598432224370519,-0.15220672473731314,-0.6636968563039964,-1.2060564406468453
-0.441466571785023,0.8141201092387066,0.4153412346934741,-0.5043479603675148,1.1874819185230894,0.6146839135544802
-0.43770940947195897,-0.465589606583481,-0.1704941781447265,0.2697029297818032,-0.39386670773170457,-0.10300877382922363
-0.43395224715889497,0.6217377502815186,0.7985023529055976,-0.021778327934909757,0.001064424115309815,-0.7081902759153361
-0.4301950848458309,1.7568230641844822,1.7975840286157136,-0.12472339827549124,1.7218997923017023,0.23210821872072757
-0.4264379225327669,-0.9722530943448255,-0.40088122016114786,1.6519789976056578,-0.5238885897045077,1.355242374750048
-0.42268076021970286,0.09309373555334809,-0.5259588627855499,-0.961026480712296,-0.10797586562634626,-0.36981142085164803
-0.41892359790663886,1.1946202744663574,0.5996804672392345,-0.5846264297489503,0.19568778030080708,-0.8435771254809278
-0.4151664355935748,-0.029339347312994948,-0.2894926751533385,-0.5645536794935808,1.3912392643797542,2.6995331911645484
-0.4114092732805108,-0.009908727762225648,0.7419633375986319,0.7495818577615935,-0.3849992516399977,-0.7650346691419478
-0.40765211096744675,-0.23623727359069002,-0.5498320437837788,-0.7252615297897392,-0.17839354678781863,-0.019673750759010008
-0.40389494865438275,0.31195254277399953,0.11794847138084016,-0.4037195851263301,-0.41944254146151205,-1.0941125509762577
-0.4001377863413187,0.18506952460518547,-0.0467063557162873,-0.4708736449864196,-0.3906823429018151,-0.9538844863616688
-0.3963806240282547,-1.0309571087632292,-0.9564809770612255,-0.21230438169286509,-0.7448922666287815,0.45275496799022363
-0.3926234617151907,0.36874957205154385,-0.19329930872061557,-0.7724375133088088,-0.16041545344074037,-0.7367367567818742
-0.38886629940212664,-0.2555077928838304,-0.26379166175642105,-0.2618258968513787,-0.5007570751353944,-0.7240483910095906
-0.38510913708906264,2.6673093642398125,0.2005015113034735,-1.267180721593613,2.2925869522717677,0.06461043591522413
-0.3813519747759986,1.3878042047812686,2.166596349123772,0.36003371345198865,1.0734215344557911,-0.07947495015449516
-0.3775948124629346,-0.7605080691366238,-1.0495813887959307,-1.1229406663117227,-0.6887940634375477,-0.35744691184757005
-0.3738376501498705,-0.4169075091135856,-0.6787273850566509,-0.7408286509454239,-0.4217960879578089,-0.2770433305365523
-0.3700804878368065,-0.30264463318263846,0.3242180749883928,0.755431345247876,-0.4994931579621761,-0.6581699691082747
-0.36632332552374247,0.058250391024364294,-0.8521017161824941,-1.3405739178811347,-0.463453030496262,-0.9763265763214357
-0.36256616321067847,-0.2358312059722288,0.18648046562674214,0.3981145448720968,-0.10962235065775719,0.13499184809731657
-0.3588090008976144,-0.6200008366137291,-0.03794651829054281,0.9662732325502272,-0.3006711008540712,0.5938168358607135
-0.3550518385845504,3.3474967809737377,0.5741110825835664,-1.221965115204614,3.419121799686423,0.3894182880943013
-0.35129467627148636,-0.7093013528378757,0.022048334573765337,1.4548969343380171,-0.17797973592663838,1.374090075853048
-0.34753751395842236,-0.27650625111736976,0.03495661608339942,0.23959161568959358,-0.261581104271576,-0.13795990767733407
-0.3437803516453583,-0.261689752928632,-0.8230294480685559,-1.124661688888266,0.36388054340661957,1.2791435823532007
-0.3400231893322943,1.381737688534654,0.4615937842980609,-0.7683315191675425,3.2536695107374145,2.0710062242481
-0.3362660270192303,-0.7942998411494697,-0.44333940275169764,0.5942673468882574,-0.666693940955062,-0.17190248097884078
-0.33250886470616625,0.2726792309765692,-0.4021539753232304,-0.932204512240785,-0.5089516070545023,-1.2108810927390616
-0.32875170239310225,-0.8150765531849404,-0.09747152312325058,1.6596806060625853,-0.09803047418671455,2.2921962671201337
-0.3249945400800382,-0.9254776715064849,-0.7168792908871818,0.2687921709743192,-0.6538387165763166,0.3927851185670227
-0.3212373777669742,-0.6933175594619589,-0.8099759614488727,-0.6195114938874664,-0.4712280192332939,0.2536700611708727
-0.31748021545391014,-0.04092940543063434,0.154055552106837,0.03243667124145802,-0.02965385606636772,-0.03751244813006185
-0.31372305314084614,-0.8720005885274884,-0.5222574083045368,0.6770470820037124,-0.8272939928317637,-0.641991890862969
-0.3099658908277821,0.8178372870715502,0.45953054053677195,-0.47018130726870716,2.4486854307224477,2.155342011199615
-0.3062087285147181,-0.626505325829278,-0.014569327126388858,1.0406549236551903,-0.7141628081360486,-0.744398776867552
-0.30245156620165403,-1.0248715456376014,-0.3116718231521104,2.4399353459385984,-0.7918055220136799,0.1280199328791478
-0.29869440388859003,6.16723228103528,6.265876703610581,-0.0888309868803934,2.7488244322397364,-0.8485721058120145
-0.294937241575526,-0.9718300760531009,-0.5097207919535153,1.2440899807685175,-0.8027998599877548,-0.183971936826503
-0.291180079262462,-0.31434467460433857,-0.23040247571036793,-0.1203896144916198,-0.5921821060839585,-0.865269056230892
-0.287422916949398,2.830677996248515,1.9310677935278544,-0.530611316313698,2.0261132875443657,-0.1990860435893246
-0.2836657546363339,-0.38038148233120167,-0.9914519423542885,-1.3220655033914168,0.3279403593546688,1.5721842523886504
-0.2799085923232699,-0.35037695819446313,0.19284653925078898,0.6503722865284164,-0.4883063406134663,-0.561226188798188
-0.27615143001020587,4.254902304990829,3.4896272492037457,-0.37604274054728387,2.062017816773758,-0.7026686970029699
-0.27239426769714187,0.06946528317996033,-0.3433718864410077,-0.7214385958256444,-0.18736923356537144,-0.48461053217673905
-0.2686371053840778,-0.5724713616495785,-0.6441828787446664,-0.4550279482444806,-0.7469101243496062,-0.937918611976254
-0.2648799430710138,1.898437100276806,0.523101792097777,-0.9206692062250527,0.7136654039336091,-0.7145883149992794
-0.26112278075794976,-0.8926303689563404,-0.28269242093650465,1.5419815326862076,-0.49414284441451817,1.0049814151633036
-0.25736561844488576,0.04907633526897558,0.2624416922278109,0.04823640314734904,-0.16239431852333874,-0.41452566807010804
-0.2536084561318217,0.5927996510907444,-0.12886432562147965,-0.8449423923493581,1.56451279014199,1.4372825506574949
-0.2498512938187577,-0.9863108567255987,-0.6579003296570365,0.7710136843581469,-0.7396290696017149,0.2356500948403664
-0.24609413150569368,-0.9612902970349081,-0.31808414909724764,1.8773209566093743,-0.8012966317735831,-0.21852207607056853
-0.24233696919262965,-0.7101667346281879,-0.5182904310797694,0.12848686470459142,-0.5669874865717002,-0.03979085756507852
-0.23857980687956562,-0.8625813584372011,-0.9448937483661337,-0.6591604817106794,-0.687300167547142,-0.031637200003453214
-0.2348226445665016,-0.26337301876779357,-0.5506537878335703,-0.6983741485480804,-0.2742531156849849,-0.19049918203099547
-0.23106548225343757,0.4496259944882564,0.839964303280662,0.19447358470414133,0.6022132747851429,0.3103122543142449
-0.22730831994037354,-0.11824113462641252,0.12162610717228893,0.10182680567756798,-0.6238550108180564,-1.1366073336418496
-0.2235511576273095,0.6661997501007753,0.14389101070490112,-0.6424680163321724,0.7479128712729629,0.23856644593242105
-0.21979399531424548,0.16577402527940732,-0.0548923480499437,-0.4625304026363795,-0.5998586721547559,-1.295763126811255
-0.21603683300118146,-0.5454495833601786,0.06665007205048783,0.9435486298182938,-0.39998498326587933,0.06550804691994139
-0.21227967068811743,1.9931188687972055,0.8897345433025543,-0.748995456286822,5.604351791976508,3.2092685712257687
-0.20852250837505343,0.7874180777358077,-0.7349689043859101,-1.4515633950279014,-0.5576463336758473,-1.5180178626606873
-0.2047653460619894,-0.25562013291727564,0.1936022092698953,0.44767153270882987,-0.46016642445648426,-0.6307008314210537
-0.20100818374892537,-0.9308994311204153,-0.5708925905188763,0.7938289101556026,-0.4842757775520094,1.283976922362798
-0.19725102143586135,-0.4801538961252801,-0.6472972605779784,-0.6023263652457268,-0.8904839030375968,-1.4665514793049772
-0.19349385912279732,-0.583813136706916,0.03513881695023006,1.0019943776425209,-0.2341443113100626,0.6859545719920063
-0.1897366968097333,-0.8584915816255752,-0.8316279712467545,-0.32289351476393835,-0.7347826449523832,-0.26059668757287474
-0.18597953449666926,1.5059630791327063,-0.18330394474593956,-1.2300495476911772,0.45808586194163986,-0.747649345299449
-0.18222237218360524,-0.7865594168672787,-0.36080793201496125,0.7910003979526824,-0.675067217784298,-0.2293826547950285
-0.1784652098705412,0.0746916464341927,-0.2212811762940945,-0.576485881091412,-0.6261479666997284,-1.2846871068669758
-0.17470804755747718,0.6135171577747568,0.12196982132515063,-0.6284717292411329,-0.41649747148844957,-1.2634383175370725
-0.17095088524441315,-0.5856337268193073,-0.8747753871118752,-0.9214950405184303,-0.8728800812535353,-1.3134881218848988
-0.16719372293134913,-0.14812514540092536,-0.791312548995479,-1.153196976762876,-0.4023565472575063,-0.6429235070315135
-0.1634365606182851,0.13413414228310824,0.2811580676920226,-0.03699795632146854,-0.4189354583624434,-0.9607769800301217
-0.15967939830522107,-0.8628464192290372,-0.6255211613570972,0.32097471763118207,-0.5155333739149381,0.7493724921271837
-0.15592223599215707,1.4997530817733786,1.4626709132104256,-0.17763125909960048,1.1037861198626888,-0.1340633671467091
-0.15216507367909304,2.336628780017628,4.690088294448266,1.033996358940524,2.0122687790538722,0.062286353258054206
-0.14840791136602902,3.1223497361166976,1.0529575905045119,-0.9862938264055454,2.709306800879535,0.08623266473865843
-0.144650749052965,-1.158357141416487,-0.687700428941606,2.0570739822415467,-0.8769751522992852,0.38547722317376826
-0.14089358673990096,0.15911812343003456,-0.11628431062023568,-0.5275085185790659,-0.2679011528511962,-0.7218713182615172
-0.13713642442683693,0.8018012756480206,1.6008483919681253,0.4916410101772477,0.3396709907239203,-0.4157295410451263
-0.1333792621137729,-0.9124219658143822,-0.8230719943100938,-0.13683014682586042,-0.8257183461730533,-0.5169875227189351
-0.12962209980070888,0.46655956995733056,0.7535322311112745,0.09107769218907617,-0.19378338145261728,-0.8633464685890446
-0.12586493748764485,-1.1083056347589246,-0.5124586594935473,2.4062103771039536,-0.5827155152343753,2.2373475553611515
-0.12210777517458082,-0.08244979179432012,0.3206720093862861,0.3188879389956365,-0.2699658963613865,-0.454117735668243
-0.11835061286151681,-0.17744413847859616,-0.205422045364093,-0.280121344895955,-0.4920890753717828,-0.7994635297418246
-0.11459345054845278,1.2297678384605657,0.3402313531084731,-0.7849771069710171,1.8954624048893933,0.9041575193542901
-0.11083628823538876,-0.9524172131079882,-0.7136411431154387,0.39500919648477534,-0.6543399426324154,0.5265850752236538
-0.10707912592232473,-0.6257256568815298,-0.8457882435741848,-0.807127576713348,-0.6255972686988884,-0.4547433921082476
-0.1033219636092607,2.7906433890786064,0.9240148205307743,-0.9656879121353683,2.115620979818752,-0.12035854432940492
-0.09956480129619667,0.4379781676429927,1.1244900010712724,0.48973067979525564,-0.40086715129002193,-1.1458849320783662
-0.09580763898313265,-0.5795698770737948,-0.9999477503663144,-1.192335009669896,-0.4033791524378912,0.144148869945335
-0.09205047667006863,0.3369755541150952,0.7682682686996075,0.2547586598511315,-0.5277484159737864,-1.2784294502872597
-0.0882933143570046,-0.1865009336126269,-0.1290915977843726,-0.156100198272597,-0.4054681817128713,-0.6006924114532086
-0.08453615204394058,-1.0509201454218977,-0.8400915669286416,0.3818190664304561,-0.8209069991475954,0.08449112333303355
-0.08077898973087655,-0.6692900527190775,-0.20792074783002157,0.7478254159559908,-0.7126873842900743,-0.6576216257485189
-0.07702182741781252,-0.5592635686566235,0.39837587655772966,1.670803526893364,-0.4102058152659804,0.06966299750988778
-0.0732646651047485,-0.17804197715550757,-0.12186969766264251,-0.15746003444015025,-0.4545969103647212,-0.717802463326938
-0.06950750279168447,-0.24402280422145203,0.13463102900366297,0.3342501521148275,-0.5460898391503921,-0.8417589556190286
-0.06575034047862045,0.29160515424776545,0.15996637102343209,-0.3404356066415279,-0.021061942238543296,-0.44748331059750857
-0.06199317816555642,-0.8585411187758996,-0.3359055578929372,1.187229895547652,-0.6141832172484409,0.28347052920046417
-0.0582360158524924,-0.19629992131516896,-0.5188296615488005,-0.7186968479962367,0.7639973315502633,1.9738251295236944
-0.05447885353942837,1.3522185877850064,-0.8380180412433637,-1.6284584262759811,0.6291548589389684,-0.49341616324775267
-0.05072169122636434,-0.6150704452293202,-0.6848080496658653,-0.46872266467730833,-0.6798481817553217,-0.6534729304374371
-0.046964528913300316,0.44116814771628815,0.25729860897367357,-0.3724630334133389,-0.17660440349912354,-0.8192376490402078
-0.043207366600236295,-1.123821041679325,-0.5882329882530071,2.1948804892523843,-0.8000113882113649,0.7308024025904172
-0.03945020428717227,-0.23292741811294468,0.09704037073546004,0.25637580049240016,-0.24936930196330848,-0.18572219035858653
-0.03569304197410824,1.0953455266458776,-0.26010095579612025,-1.1654166242564994,-0.35565968162661704,-1.3904293008713882
-0.03193587966104422,-0.6914499778811112,-0.3419902904168822,0.5021793853165555,-0.19601800635892586,1.2271392456073438
-0.028178717347980192,-0.5113015684482979,-0.8598607208063616,-0.9741222351451483,-0.2704382168179093,0.3581396501049603
-0.024421555034916165,-0.5312261430850154,-0.9842546040900636,-1.2015512391054282,-0.8892822848406632,-1.4183488490941412
-0.02066439272185214,-0.7912770896092588,-0.9606750447965321,-0.8398081043980957,-0.612008509012802,0.04149304149188316
-0.016907230408788113,0.7925913954475657,-0.07070987261630723,-0.8969770809064386,1.5624127613638064,1.1067427244652983
-0.01315006809572409,-0.10368127855705074,-1.0126775796790126,-1.485723737672385,0.26065318358881456,0.6585380351650467
-0.009392905782660063,0.38566866108215087,0.23354568850268742,-0.3485781246365342,-0.035857860548403356,-0.5629761804791569
-0.005635743469596039,-1.0142130929722273,-0.58013973425862,1.2505439843081134,-0.7996577289691387,0.025784104586847045
-0.0018785811565320127,-0.06383999417823788,-0.20969412966531517,-0.4228256463130363,-0.589554412155817,-1.1130268463764346
0.0018785811565320127,-0.33983608847939895,-0.7302621786559652,-0.9109406529064995,-0.2470363431408459,0.017540189479820778
0.005635743469596039,0.8661093150116241,-0.3945601089124177,-1.1937456031981908,0.8462883682991349,0.1407370295299835
0.009392905782660063,-0.22948647493416832,-0.7347458446110434,-1.012875318205985,-0.34869626447953866,-0.41484113356378727
0.01315006809572409,0.6167368148064984,0.9286181241326746,0.10090090770482552,0.20373421349528803,-0.43229529662741095
0.016907230408788113,0.8321176457365129,0.1802217486179386,-0.709288013344225,-0.15491910504327697,-1.0426747547061594
0.02066439272185214,0.084382781594322,-0.151671977437,-0.5006870568592205,-0.33220029919315525,-0.7623315535490491
0.024421555034916165,-1.012485876822553,-0.9768978747313767,-0.36455086738468184,-0.9646425646540898,-0.9698142287645862
0.028178717347980192,-0.1772620629103282,-0.5788337046220364,-0.8247287917885654,-0.6359934452177766,-1.110287162936841
0.03193587966104422,4.486470313774629,1.7753048075356384,-0.9856822284129341,3.213420489678462,-0.22068863953318785
0.03569304197410824,-0.2633052538812621,-0.2851339663429945,-0.2840777967375972,-0.12099455781215412,0.16350884593002205
0.03945020428717227,-0.3583021147855618,-0.5216477318521996,-0.5401615717642757,-0.33897999501205917,-0.1748286324402186
0.043207366600236295,0.006161151296026179,0.49393121695773134,0.40293487939883726,-0.3004033241562992,-0.6214608237295851
0.046964528913300316,0.7302066211752142,1.396174609654245,0.39587590981555354,0.2504537842277058,-0.4684670379587531
0.05072169122636434,0.007985846268296772,0.11671799600711576,-0.08162239879529408,-0.08467263475137235,-0.21568315506522867
0.05447885353942837,0.22782507823649006,-0.2593105414147587,-0.745466496116214,-0.1019841500087554,-0.511814198828049
0.0582360158524924,-0.6854690670565157,-1.0304388461404608,-1.158976512058137,-0.6049630483842132,-0.24383013342495796
0.06199317816555642,0.6160883431915795,-0.5630316711862311,-1.2514878934913143,2.0467599466207544,2.0435145445161433
0.06575034047862045,-0.13885030989700264,-0.6594719602372606,-0.9722713935610016,0.3475756345202418,0.9181403857233187
0.06950750279168447,-0.0016984653155153746,-0.26153931917106926,-0.5552548820251947,-0.2835590116988721,-0.5805120493030883
0.0732646651047485,0.6481150505226688,-0.2679541097572557,-0.9989799579574129,-0.4974414149516937,-1.3873255090467187
0.07702182741781252,-0.7885999872573602,-0.5800082104192369,0.19864108614274048,-0.4740140036750846,0.592232992941051
0.08077898973087655,-0.6750363406560459,-0.9131288563818952,-0.8934616374643255,-0.827096211596225,-1.0448823100762517
0.08453615204394058,0.8118831364853023,1.5075982742062959,0.4033619939189705,1.711710648560256,1.2615314421172856
0.0882933143570046,1.1703737445138114,0.29693477455551454,-0.7890330406746927,2.191454867778535,1.2903527039347538
0.09205047667006863,-0.8431374028147794,-0.8941025377157493,-0.5486222224019809,-0.6237123151219268,0.17943643498231318
0.09580763898313265,-0.42720678215310703,0.12742289028464546,0.724580274848471,-0.228380051686045,0.2589028525247268
0.09956480129619667,-1.0274056801536364,-0.6048560902357589,1.2411260030548832,-0.8838008404936148,-0.42688798940463657
0.1033219636092607,-0.49026889996900935,1.0183424491731583,2.6049626469286205,0.3146617579066782,1.962656655494574
0.10707912592232473,-0.08608488601407673,-0.9400474497465761,-1.3931252355400943,-0.07306940690697769,-0.05204419031155632
0.11083628823538876,0.5448209367395932,-0.3498991574057017,-1.02534577638444,-0.20378973007561227,-0.9326531851473754
0.11459345054845278,-0.8802269538657982,-0.6656005053142898,0.2611088967264426,-0.6673923881969858,0.12765955046887
0.11835061286151681,0.1905883472188895,-0.7789851954530526,-1.308905470087231,1.8471976441085043,2.810948472154001
0.12210777517458082,-0.5556497365237557,0.37348536338671995,1.6054646357927118,-0.491698266525144,-0.18716373220389462
0.12586493748764485,0.8919567671074361,-0.6276957858772655,-1.3893495146564152,0.8439850710751253,0.11145668434989427
0.12962209980070888,-0.9511942347512117,-0.39302955437656517,1.535987263993717,-0.6287289218044264,0.6556937969810503
0.1333792621137729,-0.4629027628437805,-0.23896553150817326,0.13600456461436908,-0.3139298498159405,0.11202547208279284
0.13713642442683693,-0.4365741281994863,0.31175948173078777,1.0841478672757197,-0.32490070687604744,0.021862345247487255
0.14089358673990096,-0.9110041468759252,-0.02524618155661546,2.5113403187553422,-0.6285845686877803,0.449097630508338
0.144650749052965,0.6228364892045525,0.46277657648536374,-0.3263583486694048,2.8773608304718308,3.1415500112395014
0.14840791136602902,-0.7189891248865037,-0.5357235451974042,0.10953423938586303,-0.6179616438701594,-0.20168049104660057
0.15216507367909304,-1.0647616333106216,-0.9039447371306675,0.1700251065563459,-0.7256348842608423,0.8043079464537997
0.15592223599215707,0.5446543370178939,0.4305420069429623,-0.2924203788103201,0.0029832307614803873,-0.6450601617740337
0.15967939830522107,-0.22194598015771566,-0.1447203225583699,-0.12811657428062004,-0.7752142073121561,-1.3793302382330794
0.1634365606182851,-0.8958797144067883,0.16548645544452145,3.0133721876288186,-0.45146154800010013,1.227957942938859
0.16719372293134913,-0.3557641220060057,0.039262265762348536,0.40366551501806774,-0.7757016040247233,-1.2714183380141553
0.17095088524441315,0.21365203184779194,0.2526124158628401,-0.16062113333284936,-0.6137683355503458,-1.3471778381444441
0.17470804755747718,-0.07634717016004959,0.0985623069450591,0.008285300931714337,-0.33854706365311127,-0.5995357739640476
0.1784652098705412,1.1620260796408535,0.7541405409643619,-0.4560878420968855,0.6196362652196724,-0.3737502692172705
0.18222237218360524,-0.3884752399453859,-0.6704131184570089,-0.7588534349054842,-0.1733201500684618,0.3102100206932301
0.18597953449666926,-0.7975216358953732,-0.25211739798054594,1.1370959048154772,-0.4342043428297794,0.7933992433161411
0.1897366968097333,0.11820473103224381,-0.24000084315644163,-0.6371963356754268,-0.22505169243075,-0.606154806379664
0.19349385912279732,-0.21774435079744925,0.44031811341967014,0.7458501159579597,-0.3749705674978423,-0.4908435550150705
0.19725102143586135,-0.25282854876976457,-0.6995075338298496,-0.9397800603702647,-0.5554439975262611,-0.8527631141962801
0.20100818374892537,-0.8339712401448833,-0.6831391622155019,0.049326716743208786,-0.6836811076619809,-0.11575882483912242
0.2047653460619894,0.1484305971107324,1.2041486392188423,1.022959401268641,0.17103258358328444,0.04684807042455431
0.20852250837505343,-0.6043726506359132,-0.6471396768220236,-0.4056730204227052,-0.4975623645386116,-0.088959367523078
0.21227967068811743,-0.4868714754029474,-0.38208217640464026,-0.08625927634620577,-0.5491951675859458,-0.4955148095556758
0.21603683300118146,0.28834860783407923,0.18353831819094188,-0.3120647154191436,0.15595986031852227,-0.16236921219709927
0.21979399531424548,-0.33481331333131886,0.4211428643284116,0.9930277428499936,-0.5742379453040867,-0.7956811996834874
0.2235511576273095,-0.5912396142055172,-0.3202836680588071,0.2684656433092524,-0.5956162182478179,-0.4312808180525086
0.22730831994037354,-0.8424566994034692,-0.24771685357551562,1.3693912282386387,-0.3804016218222723,1.2466251449965595
0.23106548225343757,-1.134444615470897,-0.6671285040544678,1.8921130231301608,-0.7219661097185336,1.4528196538367717
0.2348226445665016,0.43758073839469086,-0.19245505037636745,-0.815298279029723,-0.17837426759595126,-0.8190720966248838
0.23857980687956562,-0.08065390202215705,-0.5431648758113616,-0.8566926075259492,-0.22704092309368903,-0.3702054455681714
0.24233696919262965,-1.1225408675037638,-0.75008323298763,1.3268561186876562,-0.7685712190053842,0.9654589869552019
0.24609413150569368,0.07622678517369019,-0.17782872105498812,-0.5248254722696861,-0.3644401614119501,-0.8125785882927473
0.2498512938187577,-0.21376483499274423,-0.8976434999217007,-1.2692997849029608,-0.36626360213533476,-0.47717592401217185
0.2536084561318217,0.6684233028953415,-0.018242327556714174,-0.7873532489880455,1.1336526241967724,0.7414064760837457
0.25736561844488576,-0.5637953865408372,-0.7379094477274306,-0.663561992907307,-0.7618496037450124,-0.9965494144634139
0.26112278075794976,-0.7761474332195385,0.031152184245406712,1.804986090483405,-0.35709486133522067,1.0072759700888936
0.2648799430710138,0.0027525082333894313,-0.041707150493463234,-0.2778864630735531,-0.5341577323191882,-1.0610722687811063
0.2686371053840778,-0.3194221235939573,-0.8533035094202319,-1.1311683853156096,0.08272368806054399,0.7755993988235015
0.27239426769714187,0.6160585625241712,0.45791075390054686,-0.3253949993239636,0.15708849867074348,-0.4943396139890934
0.27615143001020587,1.5612218026893308,4.825636243983893,1.8894002671358965,0.09418310937205698,-1.1128472735400319
0.2799085923232699,-0.7551126649750669,-0.5788417769861612,0.1010162763717978,-0.7382810843777882,-0.5633358521663412
0.2836657546363339,-0.8276138850261648,-0.5889610581669898,0.30290100932865405,-0.5661069254842976,0.36836176357364175
0.287422916949398,0.3653795845604931,1.18043925631646,0.644800204716765,0.4123768085886509,0.13967845879510393
0.291180079262462,-0.1101435605163568,-0.06474116632880401,-0.16893359685323636,-0.7429737662975792,-1.3880142559453965
0.294937241575526,0.32465264364772084,-0.5229056162583067,-1.0898497202753359,-0.2677470600244246,-0.8660147289430092
0.29869440388859003,-0.7668851485465882,-0.46079027401673045,0.4490089732884128,-0.7656239105347312,-0.6423853552884913
0.30245156620165403,0.1817424178832432,0.005481744987554488,-0.40815176741574716,-0.34567377201675736,-0.8749862873324998
0.3062087285147181,0.4120088874684729,1.7250145689852605,1.1270831417365594,-0.13894520124726656,-0.7404519427904998
0.3099658908277821,-0.4138316722135082,0.13915684524950234,0.7115087941093042,-0.1379685936557923,0.4652219819533702
0.31372305314084614,1.1333717322044008,1.0319559420985058,-0.23707617913146317,7.1666775217296355,6.70233725643561
0.31748021545391014,-0.3420547799016784,-0.13779989612969828,0.07951953021885125,-0.6319724736565451,-0.9287492641175384
0.3212373777669742,-0.6121651046669603,-0.5198238312224966,-0.11328770657718525,-0.523186653616998,-0.1521040071508051
0.3249945400800382,0.5059378000287026,-0.3535676952087254,-1.0099626054053037,-0.13546614691653794,-0.8091070082807221
0.32875170239310225,1.965884904460483,1.2717144709640913,-0.5282657875534685,2.045594855784447,0.34333238787751696
0.33250886470616625,0.6627593981242459,-0.37688627745559933,-1.1024174431832903,-0.046917283975939916,-0.8016360661466682
0.3362660270192303,0.7997853503049239,-0.5913813316939925,-1.3347240655614676,-0.14845998382942102,-1.0169060287311722
0.3400231893322943,-0.471771147798901,1.26627768102092,2.987562891697063,-0.46044731780766274,-0.27512560470062475
0.3437803516453583,2.661500472941456,1.1649351521254885,-0.8230014388261081,2.8558697039014023,0.45115371980302826
0.34753751395842236,-0.08190497030986588,-0.3938389584444865,-0.6527946435878796,0.38686482816048673,0.8664909320069093
0.35129467627148636,3.001843161074343,0.5284489434168215,-1.1819969511044583,1.5605683006116564,-0.5719297164673376
0.3550518385845504,-0.1664440869507168,-0.3898335618588172,-0.561049348333671,-0.4102489452331126,-0.6367870172313931
0.3588090008976144,0.8524510763420085,0.5124322221679178,-0.4496008660599168,0.32053193410726905,-0.47966817354301416
0.36256616321067847,-0.9411161779595771,-1.1373632401269442,-1.1417300458931665,-0.916823473062037,-0.8961584296235194
0.36632332552374247,-0.40822994938326623,0.10469439215571696,0.6364002429465273,-0.13641062230267656,0.45490990366200806
0.3700804878368065,-0.6346129391700555,-0.4743762788713192,0.03831157714389442,-0.7098152578875018,-0.71511699151057
0.3738376501498705,-0.15716945416396247,-0.3948742455978517,-0.5782917985048028,-0.3397766418964344,-0.49859995108953664
0.3775948124629346,0.4195211748350424,-0.12486526528132652,-0.7364906802596499,1.1073967424984041,1.1001289547379658
0.3813519747759986,0.07037504906715498,0.5055685728033465,0.31823913039301166,-0.039937226154108704,-0.21814648363324274
0.38510913708906264,-0.11506493726149078,-1.1640378340049415,-1.692141421195371,1.3798252395509492,2.9890807037568585
0.38886629940212664,0.07069405773494607,-0.6851685351338244,-1.1412470822553487,-0.5603787516586138,-1.1627593568143557
0.3926234617151907,-1.032884488910602,-0.8136564007658467,0.39852835990992563,-0.8183274583642394,0.0052929368767196
0.3963806240282547,0.2757389700856153,-0.4749740014454105,-1.0128769992347726,-0.31448910998010754,-0.9010898199934003
0.4001377863413187,0.24812016938505488,0.1808701153836186,-0.275973475444377,0.4391655702178196,0.34842441912332994
0.40389494865438275,-0.9086692716557233,-0.28223097496702804,1.6420562243553483,-0.43637309455257955,1.3803640428206945
0.40765211096744675,-0.7924603016406205,-0.804522467377505,-0.4076470169274773,-0.34787178936907,1.122909640655925
0.4114092732805108,1.3996872518197787,1.5112147429774974,-0.08259193552557452,1.5379728993939614,0.3657387022971586
0.4151664355935748,-0.4222038305550361,-0.736554652490468,-0.8383370282136576,-0.8366479128339763,-1.3689937763028255
0.41892359790663886,0.8197270641770543,0.06768224539697232,-0.7954446327970676,2.7061903050164733,2.4669518240494535
0.42268076021970286,0.17268157771846063,-0.9709774424598557,-1.5222836241474682,-0.7470588002564801,-1.5505573744498704
0.4264379225327669,-0.19369969988757313,0.1651252740373686,0.2885263773669837,-0.45389729420096214,-0.6970797037770717
0.4301950848458309,-0.20606147931168997,-0.29713215780413615,-0.37848733116644157,-0.28459578043824696,-0.3079095016341428
0.43395224715889497,-0.2029234077143392,-0.14650171882244,-0.15844888829144893,0.38591907648136514,1.1634979090966842
0.43770940947195897,0.8043103720164612,2.7384365326366997,1.4359129563082795,0.3218065204959633,-0.43981387928949806
0.441466571785023,1.858491313801812,1.0747648924343491,-0.5934675705398548,0.5372823379218898,-0.8444819450382911
0.445223734098087,0.1398701300738437,-0.8570943960551366,-1.379189897691092,1.5757576689066166,2.4991010893879846
0.448980896411151,0.05776882240581326,-0.1499302170520236,-0.472785130907307,-0.6749862086166184,-1.3628945934806334
0.4527380587242151,-0.8775687112864768,-0.8945730411415542,-0.46811822118196184,-0.6694917083502568,0.10725396852646922
0.4564952210372791,0.7169657353495676,-0.12612314587513665,-0.9073000240687968,-0.11091001788431072,-0.9205284641866753
0.46025238335034313,-0.10206423878740785,0.24251383063476986,0.2439538305526553,-0.3427840943471457,-0.5765488226704425
0.46400954566340713,-0.3892832411036586,-0.29825699910280884,-0.11031656456452464,-0.7619621220765255,-1.2045407796146748
0.4677667079764712,-0.35752328499933844,-0.7356552794989449,-0.9030807924589066,-0.7098704555763559,-1.104977110261173
0.4715238702895352,-0.6703165635756155,-0.27441997324673123,0.5955866395809226,-0.45761355940077497,0.22868842408083484
0.47528103260259924,0.9713135612623299,0.17511804410321247,-0.7859864695975829,0.15276860092015745,-0.760474678778708
0.47903819491566324,-0.47270124551996673,-0.7532986344139496,-0.8122517171311127,-0.5224961477715809,-0.4463256255861544
0.4827953572287273,-0.6861333740450521,0.7721692190417146,3.145880804196198,-0.40685235134417674,0.4582682267073265
0.4865525195417913,-0.7770162634400624,-0.8643965206376598,-0.6036137234085118,-0.6609570322830247,-0.2010302778750452
0.49030968185485535,-0.6569832598938183,-0.6441914774710078,-0.2979354800164652,-0.6930251266758807,-0.6149930073641494
0.49406684416791935,0.5070350470946817,1.0959113831043148,0.3762968615461413,0.05708361379634531,-0.5371639260429727
0.4978240064809834,-1.1585855654192432,-0.827203236047432,1.243047746843467,-0.9308353101404823,-0.07959783838819937
0.5015811687940473,0.0720274563803379,0.19239485565781836,-0.06761809022700037,-0.08705065126081217,-0.3057567316275884
0.5053383311071115,-0.4961558163257975,-0.35577916957001254,-0.017618151248305586,-0.5339895706868238,-0.435142199295066
0.5090954934201755,-0.4779142938104981,-0.3732319099747109,-0.0864723892830996,-0.47117047428047965,-0.292827665991134
0.5128526557332395,-0.059555427431060265,-0.9747568428317336,-1.4507038137121113,0.7037638404843021,1.4443079591422627
0.5166098180463035,-1.1220039148740264,-1.0046787882801533,-0.018172427926181615,-0.939126383090149,-0.36859945449782827
0.5203669803593676,-0.10773101854835375,-0.4800504765415823,-0.7469878275280281,1.4898434028079206,3.1863708556061745
0.5241241426724316,-0.9901522302286467,-1.0601129068070494,-0.7592237070730795,-0.8450416715467033,-0.34676706670802165
0.5278813049854956,-1.067905394727308,-1.1206099247656813,-0.8057687781171523,-0.8845292206598316,-0.24952684833089944
0.5316384672985596,-0.6868368558987042,-0.45974120529188367,0.2063350693491828,-0.5383824654215793,-0.004710680476278657
0.5353956296116237,0.39688671334006187,-0.15963589807515374,-0.7565929764187946,0.18755681155517806,-0.23831024812125384
0.5391527919246877,-0.5320636544077262,-0.0883062029051768,0.5921553965941833,-0.18230591422469775,0.677249388144619
0.5429099542377517,-0.1499510970888501,-0.6412702521952535,-0.9377913571571317,-0.4567328036267441,-0.7556231490218643
0.5466671165508157,-0.700561979513927,-0.39357835582111206,0.4057482589025142,-0.23916214597994606,1.112822437266636
0.5504242788638798,-0.6199715921291472,-0.4101558221424409,0.14549609611754521,-0.654453403581777,-0.5612323677835432
0.5541814411769438,-0.2932488965714177,-0.49483494491210345,-0.576605625459912,-0.3969441684574846,-0.42820808546913874
0.5579386034900078,-0.42587097702094695,0.09969650132819664,0.671232054054285,-0.4235409478801048,-0.2645618396273128
0.5616957658030718,-0.5317448928188131,0.07448249076453826,0.9169609079562577,-0.0713227033381545,1.0049942136583119
0.5654529281161358,1.763377084006672,1.4828658708411924,-0.31310504642670467,4.363335374901855,2.521146749009545
0.5692100904291999,-0.002770817386220945,-0.4887879972309382,-0.846473923274523,0.08281729703490998,0.11838167253621883
0.5729672527422639,0.15497749179109188,-0.5656912938678813,-1.0461475543643697,0.5556226411568206,0.6993169946044074
0.5767244150553279,-0.4161875764463423,-0.16078243415840615,0.18236777807345117,-0.28623701974784893,0.07967169740555256
0.5804815773683919,-0.3369771538815891,0.10630129067345807,0.47575948309083704,-0.6968774457536336,-1.0944225058246362
0.584238739681456,-0.09351262655179278,0.08094694314713125,0.008850951994755246,-0.08192580719273801,-0.0580034969717809
0.58799590199452,-0.19702895270689402,-0.3674739448237293,-0.4939358681512334,-0.6664121557958496,-1.1586895009017963
0.591753064307584,2.0731920802818857,0.32740303917180785,-1.0781140752548166,2.3018715857497067,0.4668064104367148
0.595510226620648,-0.1317839279165418,-0.3937694907692283,-0.6032829903027983,-0.09646449796797199,-0.02488870440826593
0.5992673889337121,4.286836088074769,2.257394387829312,-0.7917286653240516,4.84292637250992,0.6476085024154896
0.6030245512467761,-0.06140072517490605,-0.47014424152386003,-0.774281888844681,0.9710450789451222,1.979095266469662
0.6067817135598401,1.1640520729024357,1.5952763392515332,0.14781923687713555,-0.411052729839308,-1.47301190014607
0.6105388758729041,-0.5365231698985451,1.0114551252434971,2.8155714838609924,-0.6525871737531955,-0.7087765160512248
0.6142960381859681,-0.7664223330316853,-0.37223098209840877,0.682554293658253,-0.4079201441705392,0.7626636258618664
0.6180532004990322,0.08130883016859436,-0.631856656742532,-1.082138509467648,-0.3290669682265693,-0.7536670396599943
0.6218103628120962,2.3672460749347444,7.293580133305608,2.2976648302766445,1.662818729514042,-0.21240386791359456
0.6255675251251602,0.2524599292429156,-0.01991469790482405,-0.5005308305213085,0.9322315984788917,1.142686802769024
0.6293246874382242,0.43537031355468037,1.4180787834083408,0.7844851596420721,0.5673564629183837,0.27847427258702295
0.6330818497512883,-0.988198618403987,-0.6997023866821954,0.6209005639304733,-0.7794941443415053,0.018483649374991536
0.6368390120643523,-0.7895306625309009,-1.1219952241872186,-1.2852569242328,-0.5281492456211303,0.3762232771203285
0.6405961743774163,-0.9884308389608542,-1.0605277613954593,-0.7651027578361748,-0.9893205410771649,-1.174840076267025
0.6443533366904803,0.07184370699686407,0.7755853199111648,0.6466653809767811,-0.2959314462284739,-0.684193085933265
0.6481104990035444,-1.0415350075470338,-0.4043310455778186,2.2078941887976917,-0.6528455539989503,1.1054308877471721
0.6518676613166084,-0.8929830809995569,-0.8738208734940809,-0.36146222468750094,-0.7014771501468451,0.017369125261311673
0.6556248236296724,-0.3225528593930915,0.04893377594823565,0.3510105259146439,-0.7442425145826601,-1.2244149930237163
0.6593819859427364,4.962147566149799,2.0050451544348817,-0.9920742406242117,3.549578230108712,-0.22700077004131428
0.6631391482558004,0.5718608017637298,1.403054125489097,0.5862008496320935,1.179352653982011,0.9469325817655448
0.6668963105688646,-0.9679075126306314,-0.8843314770949944,-0.16345492846611,-0.8793707670946094,-0.618586455595554
0.6706534728819286,-0.8358638112042678,-0.7364043193155889,-0.10128078813978207,-0.9060513791746139,-1.0771799669736954
0.6744106351949926,-0.6716110396413768,-0.2559918375289071,0.6429257321317959,-0.39928684806286247,0.435234715334861
0.6781677975080566,-0.5978284643150849,-0.42849714693793434,0.052641825856759555,-0.5676074171178721,-0.3282378093425168
0.6819249598211207,-0.9624901999124273,-0.848223477506097,-0.05054241478769426,-0.8327023453928637,-0.3836121587920404
0.6856821221341847,-0.8076084060000978,-0.4809609033737187,0.5392024139479277,-0.3400792665212696,1.2320626062855264
0.6894392844472487,-0.5072695509756663,-0.04242817478700874,0.6160244361913364,-0.19694635166208205,0.5594014875141717
0.6931964467603127,-0.7305480786572216,-0.4579639074258381,0.3384003405363996,-0.8253300105326377,-0.9458329526594745
0.6969536090733768,-0.7786346307213794,-0.7454018100930995,-0.27903195533269115,-0.5999366307390597,0.04780689264340301
0.7007107713864408,-0.9737640645165017,-1.0338799731213224,-0.700881671385225,-0.8064528843589124,-0.1961486685149167
0.7044679336995048,-0.8417154110594537,-0.6080336051267796,0.29672772830790567,-0.6017810994346281,0.27026621889950797
0.7082250960125688,0.06625893170438885,0.24857697640717064,0.008581142703398074,-0.594856933129455,-1.222236847183487
0.7119822583256328,0.2477077613686571,-0.2519738805270849,-0.7517122204680652,0.7894379468886641,0.9195588205708948
0.7157394206386969,-0.011507839284189905,0.08970402928914854,-0.09127420537898341,-0.6964714189941296,-1.3599892244181462
0.7194965829517609,-0.8579486805744369,-0.2936571143732053,1.312789266982168,-0.7686200969065213,-0.41482807273104255
0.7232537452648249,-0.8490281311550765,-0.26789565347925226,1.343643542556525,-0.48049967940254823,0.8386498024056754
0.7270109075778889,-0.533538055881414,-0.4007872373000243,-0.0301558273032146,-0.4022211892961815,0.029231233863514502
0.730768069890953,-0.4061937354070559,-0.5075631358483238,-0.45073589762419153,-0.18192682148215608,0.33059011861931265
0.734525232204017,-0.11903597561541175,0.006869409151935657,-0.057111842848468666,-0.34435518123547826,-0.5583727790823853
0.738282394517081,2.2298502444922637,2.5852695836612263,0.04141623189759963,0.9034296150527852,-0.711897592722862
0.742039556830145,0.09967591351693321,-0.7831401021259508,-1.2746702615355918,0.6053678153722396,0.8926325148928936
0.7457967191432091,-0.4956925357664318,-0.16535342791854515,0.34851817539198554,-0.20639177393164712,0.49895317244217463
0.7495538814562731,-0.21456271830882662,0.3292198078233001,0.5722654837343508,-0.32431498645407425,-0.382824530858115
0.7533110437693371,0.4091990958145071,0.5837257360061611,-0.016656337808224963,0.03878349340960791,-0.47335762967908623
0.7570682060824011,-0.23765421455845318,-0.08765047378335879,-0.01738988859924017,-0.2651432948733976,-0.2134033510584409
0.7608253683954652,-0.10020362853375137,2.0635074534551747,2.7477951126952656,1.1161344383559229,2.3948075054284033
0.7645825307085292,-0.7525918916650086,0.02793720359183405,1.6742990600017864,-0.6579769677846257,-0.25961791737799683
0.7683396930215932,0.597199789102224,0.03168442381895318,-0.7004170763026659,-0.44543415194521147,-1.2945315866736322
0.7720968553346572,-0.6198881789886451,-0.40261169287113313,0.161922004465793,-0.7188752923580716,-0.7716903907329781
0.7758540176477212,-0.5052461774606606,-0.7377679469675705,-0.742780344303373,-0.24617466871824564,0.4116209995666062
0.7796111799607853,-0.30040227566723726,1.1234893053586839,2.0366602226406822,0.017459541160354877,0.5706532613659149
0.7833683422738493,-0.939077793571767,-0.7136537898140856,0.3365130766337104,-0.8235329196266983,-0.4184698184669509
0.7871255045869133,-0.8435393332835005,-0.49101310516624863,0.6513461958424458,-0.603825958274385,0.2685789763125486
0.7908826668999773,0.25654221455604426,0.1720011609333623,-0.2939855471074026,-0.05251760406309612,-0.4611489034964905
0.7946398292130414,-0.5637351725733785,-0.07188884606875724,0.7150975998474449,-0.6410907103789182,-0.6265011421842279
0.7983969915261054,-0.7600718918890166,-0.7534957267165582,-0.3442699493398982,-0.8658935883921548,-1.048679681491485
0.8021541538391694,0.1345325562591973,1.9160296745520888,1.8867149433684942,0.3967743165288093,0.4603823325310482
0.8059113161522334,-0.21600006348476639,-0.5514005817592638,-0.7478415247144253,0.4128677559956874,1.2591579863847566
0.8096684784652975,-1.0503006905246748,-0.6307290188130774,1.2981976038002427,-0.871866015167614,-0.25038439038593846
0.8134256407783615,-0.6266253846333872,-1.0669506209101178,-1.297305168558538,-0.7926436081344062,-1.0023765978264987
0.8171828030914255,-1.0149167812203908,-0.2038859086934389,2.783650250061427,-0.944684311239673,-0.8428965705715139
0.8209399654044895,-0.03828605733865675,-0.7577201692827381,-1.1726886829528356,0.22366770457660728,0.4525743352175623
0.8246971277175535,-1.1112101625485689,-0.724629310051795,1.356042704374179,-0.8451116548224615,0.2869600600944911
0.8284542900306177,-0.896358059211034,-0.6302562492927744,0.4375675097321627,-0.7747457119824291,-0.3210348250249307
0.8322114523436817,-0.22216118632498658,-0.549250176080538,-0.7385183056292638,-0.12180550233742513,0.08138461735700109
0.8359686146567457,0.18842760193705155,0.7896533340278986,0.47871716970111916,-0.3071961708141121,-0.8157885226088823
0.8397257769698097,-0.8498744789947504,-0.5592102485875176,0.4728699948423075,-0.6677526923957897,0.009868142659654962
0.8434829392828738,-0.305875534704415,0.6702190635983142,1.322446899262621,-0.5881685463615066,-0.865969996842885
0.8472401015959378,-0.700069392897815,-0.36383893046252236,0.47651384136537644,-0.3959068100865993,0.5466814720078769
0.8509972639090018,0.7366506011485076,1.2630080393078011,0.27471197551513876,-0.28539822752157307,-1.1543703579935922
0.8547544262220658,-0.5430797336409109,-0.25360709627466127,0.28773628350430236,-0.6399150253804505,-0.6597036577659878
0.8585115885351299,0.15772848173991352,-0.9685270972170538,-1.5151592275922707,1.9778018455375386,3.1376200156397323
0.8622687508481939,-0.7783334515985322,-0.5864220206407667,0.14944502233755144,-0.6275602505867102,-0.06361542841345226
0.8660259131612579,1.0714762432740048,1.715536841528533,0.3149963056861238,-0.3857735994902103,-1.4151757670633656
0.8697830754743219,0.14810618442264503,0.33814317405813277,0.012774056227922386,0.2672661699974367,0.21362018886053308
0.8735402377873859,-0.26290143837834495,-0.5367952358853063,-0.677253499426938,-0.5649793217709573,-0.8628546340876925
0.87729740010045,0.047251173102380944,0.4865360954968357,0.32945607445142827,-0.1660176156262467,-0.41895296167158036
0.881054562413514,0.17460101765600278,-0.6037584675411372,-1.1010639219593512,0.8316085626899403,1.1331612813215024
0.884811724726578,0.9227867795616912,0.031377989215164104,-0.8754304783046345,2.512845448114559,2.03627171150644
0.888568887039642,-0.8755970768963047,-0.07993172943243279,2.077950248740311,-0.279098236793321,1.9095036339039133
0.8923260493527061,-0.48762442139510365,0.0008080196684138508,0.6472581629274837,-0.5427521792617807,-0.4759120651420874
0.8960832116657701,-0.7516872930832954,-0.9025791404422686,-0.7509848206391609,-0.44109725775359504,0.5732498598926318
0.8998403739788341,1.8387128195290197,0.18422896751583925,-1.095680886631681,0.7818526226831778,-0.6282229532525452
0.9035975362918981,-0.9229334399814167,-0.7041737662664461,0.30168107967390323,-0.6516518089405741,0.3915700930914016
0.9073546986049622,-0.8567033024691078,-0.7062102401100642,0.05325477211426145,-0.7500342763633207,-0.3349932787152079
0.9111118609180262,0.6508294962775614,-0.5850477917908643,-1.2831891751057987,-0.1393278690968384,-0.9153562833440563
0.9148690232310902,0.0607167400008983,0.46031718246579334,0.2768819520724677,-0.18856818403722664,-0.4765212654991194
0.9186261855441542,0.32968003786691524,0.7055317523219321,0.1979043619404,-0.17980466637974235,-0.7332266076137435
0.9223833478572182,-0.8356593509152361,-1.0376943988121419,-0.9872240748842924,-0.766324757008912,-0.4696400442462884
0.9261405101702823,-0.4957165123277826,-0.7940539921464499,-0.8633291288299121,-0.8902158190586857,-1.4526710029237293
0.9298976724833463,-0.32952803835985967,0.0568721765650611,0.37826914387980115,-0.40815616755886297,-0.3967956904517398
0.9336548347964103,-0.1369719865318951,-0.527004327445795,-0.7863558235724121,-0.4207888840580374,-0.6952351188128397
0.9374119971094743,-0.5843541564240302,-0.3258351752676407,0.23940500706396722,-0.5651964338117142,-0.3502040181750103
0.9411691594225384,-0.4156757018432401,-1.0424409292816812,-1.3908443878656276,-0.6506026615747444,-0.883477166348592
0.9449263217356024,-0.002107101810792485,0.12672955753112064,-0.055738273582719426,0.12427141519976408,0.19619980326127534
0.9486834840486664,0.9510964815819132,0.696739013542331,-0.3679188953673822,-0.006555842363297613,-0.9322357449620717
0.9524406463617304,-1.0584842602449045,-0.4378520138561244,2.225144100151365,-0.8557141548195385,-0.10388536284677799
0.9561978086747945,-0.6044536872232483,-0.6442164273227224,-0.39919513573803705,-0.7531944169889945,-0.9085618445074325
0.9599549709878585,0.3185978223411093,0.967912263798545,0.48864891704533825,-0.6368055368569105,-1.438660778690905
0.9637121333009225,-0.6144325876057547,-0.035506849481531315,0.9526706287098424,-0.2634121167561972,0.6961483707546606
0.9674692956139865,1.544966348453513,0.21387931825231585,-0.9900784793925927,0.6767623435573374,-0.5640095845729104
0.9712264579270506,0.23563262152297737,0.48676534975311486,0.0753520872482353,-0.03171761050164358,-0.40468063276543703
0.9749836202401146,-1.0523778855189923,-0.9055325890573044,0.10096028523832047,-0.7839106575312592,0.3343503550781525
0.9787407825531786,-0.7563590400455407,-1.0998456685279656,-1.25950153445428,-0.7509738599672414,-0.6095664043617481
0.9824979448662426,-0.8239328337648885,-0.45887860266499625,0.6655568419410748,-0.7482121837963442,-0.42474689035409535
0.9862551071793066,1.0076930336107697,0.398833571048409,-0.6325675068040675,1.9439426298788,1.244561383583907
0.9900122694923708,-0.10131944686743669,-0.10391373208484656,-0.23454094153238908,-0.20024544847794234,-0.286709867386792
0.9937694318054348,-0.5201075506334951,-0.9210529289030382,-1.0857606594182616,-0.49647361757163594,-0.2790301528292282
0.9975265941184988,-0.31570928359045525,-0.1391703515388086,0.03056013656150183,-0.16231551704066008,0.17422992875265494
1.0012837564315629,0.3665542300387467,-0.09228915795950134,-0.6670111812223833,2.7797251842261357,3.746290274524825
1.0050409187446268,0.16335377921993488,-0.12954564296317642,-0.5466100945768142,-0.26285107289408416,-0.7172810410268138
1.0087980810576909,-1.016763165161595,-0.2646253009165824,2.5548459212490737,-0.43156450456377393,2.2608878988656835
1.012555243370755,-1.0810101395111291,-0.9184580850176095,0.18861360933866436,-0.8290226129552632,0.20572025622286472
1.0163124056838189,-0.6579055166811195,-0.5807013071003514,-0.14962632846231452,-0.4626741556226498,0.17342345831352204
1.020069567996883,2.1163102194968606,-0.16799690260028044,-1.3511743047977731,2.0196947545152932,0.21262570844254114
1.0238267303099469,-0.4418513909046519,-0.7587598576056285,-0.8571701918750051,-0.6300963460341876,-0.7924099191325504
1.027583892623011,-0.3050544624134446,1.5053653996437695,2.6696191871887147,1.009522142766496,2.955460742304561
1.031341054936075,-0.8464923380253343,0.04802702706123791,2.2744948846994815,-0.5494733047622676,0.5209736491242762
1.035098217249139,-0.8623759702272492,-0.11789943630344038,1.8750012702890315,-0.2287803485673251,2.0483060918246117
1.038855379562203,0.04895631569543194,-0.5322533700756754,-0.93915388528234,0.40912319697662325,0.6371737184241067
1.042612541875267,-0.7910812863637912,-0.6834237229519052,-0.07784711431810994,-0.8703798106609588,-1.0109645424418179
1.046369704188331,0.04577764088617928,0.1044457811290375,-0.1441092776809691,-0.21464933379827122,-0.5068064491592214
1.0501268665013952,-0.5542592954548029,-0.7223116241455587,-0.6452316924436393,-0.4955500518513859,-0.2020085106905554
1.053884028814459,0.9142315424649912,1.1492071924211498,0.016448108122732338,-0.14931957113146832,-1.079118439599378
1.0576411911275232,-1.0891788148770778,-0.9876997681718089,-0.10040620812222671,-0.8890566512923354,-0.17139965477486
1.0613983534405873,-0.4981335296548915,-0.1077070581322268,0.46570816795608944,-0.10068644329132813,0.8083142280300365
1.0651555157536512,-1.0691794077982841,-0.9274601400550577,0.08504905061248308,-0.9970935635949979,-1.0087511050091655
1.0689126780667153,-0.2914287610491903,-0.11141234937677325,0.033712017423240724,-0.6809669933296038,-1.1028160290078703
1.0726698403797792,1.8704686012187552,-0.1180992507369641,-1.2758515991395702,1.4651673121129063,-0.06951611040116541
1.0764270026928433,0.7602201205320914,1.012859332585312,0.038572144627279974,0.07304717772117021,-0.7159127166767228
1.0801841650059074,-0.06720450318780624,-0.07722732023119103,-0.24098723073305292,0.25002863187873203,0.5612275302104714
1.0839413273189713,-0.6811221366344669,-0.056108089734692466,1.1484390469135315,-0.30934728243065296,0.7836147560024587
1.0876984896320354,-0.727288944932016,-0.6531239986729364,-0.16297923055934338,-0.6358714931049602,-0.24543087030615288
1.0914556519450993,-0.8840089571787226,0.27991476645320645,3.2776684143096486,0.040910625306726005,3.4730416363366605
1.0952128142581634,0.22274581407334393,-0.4096104462260969,-0.9095105339600065,0.31353461759350854,0.18017798008293626
1.0989699765712275,0.2862454211227823,0.2723099426699949,-0.21454164882908994,1.0161727314342137,1.210733109631049
1.1027271388842914,0.11040544745820052,-0.37238348219378153,-0.7887355129368683,0.4812156600191853,0.6515240084079856
1.1064843011973555,-0.7214828252158207,-0.8068677292360276,-0.5610316754583783,-0.6453465592659271,-0.2961230266655611
1.1102414635104196,-0.6199692835162427,-0.13241020116834087,0.7578846132227892,-0.5241876429809527,-0.13597491729308436
1.1139986258234835,0.3348165917296389,-0.1775075533740573,-0.733138206196453,-0.08962865992260328,-0.5978108430049283
1.1177557881365476,0.871701921443979,-0.14660884734737534,-0.9951373996937902,0.3099767284758023,-0.5071768364214948
1.1215129504496115,-0.5938075586659562,-0.8670210060561943,-0.8950667704544637,-0.8314521782349724,-1.1731656530093018
1.1252701127626756,-0.2316932365894544,-0.674886366928445,-0.920091363846205,-0.010313352274891108,0.350621669291318
1.1290272750757397,-0.6429391118910835,-0.6291597239643768,-0.2921833922822961,-0.548016807342957,-0.15680151335348422
1.1327844373888036,-0.05837063591489282,0.3422058709452355,0.3086230269025974,-0.2120542648540488,-0.37071048544812496
1.1365415997018677,1.396919395615213,0.2789527357808145,-0.8955466205237007,4.93165202732278,3.690727989784535
1.1402987620149316,-0.6614876333166732,-0.9628531343304657,-1.0267350549670675,-0.658092991643111,-0.4859720442257243
1.1440559243279957,-0.018755757095330023,-0.7678175406733639,-1.1967416873516554,-0.11084888556667317,-0.22804073183590548
1.1478130866410599,-0.9086860410571488,-0.808395380355992,-0.10027839803471694,-0.8263158927996904,-0.531493691144961
1.1515702489541237,0.9374268059638149,0.3407259401522532,-0.6388214509795889,-0.20598856425035283,-1.1568151043770847
1.1553274112671879,-0.7669257720968911,0.22402373471024645,2.2685681151935766,-0.10009938984242892,1.975693264462855
1.159084573580252,0.8289761784740685,0.14248978544288443,-0.7386207060719765,0.7878235651520171,0.10861996642663614
1.1628417358933159,-0.6675914955252432,-1.008132814287999,-1.12517550070609,-0.7568680447834976,-0.8136830506767647
1.16659889820638,-1.0349203892982348,-0.8757375234861254,0.14597847802812752,-0.8166978314292603,0.025980547463424847
1.1703560605194439,-0.329699498820766,-0.8745103881725989,-1.1584996955081268,-0.22845555330338452,0.04259563711794694
1.174113222832508,-0.4211666446954016,-0.2811800217719804,-0.02324531693855645,-0.5800835500294788,-0.689013006862124
1.177870385145572,1.1414424785289292,0.010983460458469685,-0.983247599703729,0.46713972167798223,-0.5224760878097778
1.181627547458636,1.462890079939647,2.1387818186567396,0.2821153239267327,0.694043918833413,-0.49913593810360607
1.1853847097717,-0.38228162900681156,-0.22502516542093223,0.004350078580467014,-0.25410564021221155,0.08871179868057497
1.189141872084764,3.282171998200119,3.2332163792912936,-0.1486532492376979,0.10359321788205954,-1.5356990700448319
1.192899034397828,4.292078255277184,8.42173253445597,1.2400927182312496,3.2347288287934486,-0.14032672766582752
1.1966561967108922,0.051952329228215875,-0.45838544343514537,-0.8495932893292131,-0.1951469983396891,-0.4782001852001542
1.200413359023956,0.7600608166658217,-0.4264923612519548,-1.1831131262980765,2.077116178254851,1.8030297117119136
1.2041705213370202,-0.5215711447681028,0.24674335276515036,1.2271810330548436,0.08160640383480935,1.4182598737187768
1.2079276836500843,-0.4870837372883772,-0.42202267849544123,-0.1621772668433739,-0.5116359062955601,-0.38886174757954456
1.2116848459631482,-0.010482083824390025,0.4505267085099625,0.3738770259885801,1.6582390640882292,3.1466342595032715
1.2154420082762123,2.2730318819025785,0.23951791257861016,-1.1713007405250369,2.2009648075548167,0.2439179889375418
1.2191991705892762,0.6288962846101862,0.5357663654314361,-0.26533078975757884,0.9387793800799372,0.538160634317256
1.2229563329023403,-0.9505167252125948,-0.8693354532916687,-0.16952942924380507,-0.7868388278399585,-0.18410330127034588
1.2267134952154044,-0.07655351630587014,0.5195367383563156,0.5783689316726907,-0.08166417915251101,-0.0844883356730032
1.2304706575284683,0.9774741473882708,1.032926982298992,-0.1251531558868395,-0.36678301277730735,-1.359648822584916
1.2342278198415324,0.1056465044837703,1.283249105178507,1.1989088841373303,-0.4739505616258493,-1.0344012223045946
1.2379849821545963,-0.6137690710478938,0.050261141465141684,1.1381850514071796,-0.0003534220638930109,1.5465190981231194
1.2417421444676604,-0.08453076804943044,-0.05626441315977835,-0.19076821999916627,-0.47551725792013344,-0.86565085379351
1.2454993067807245,5.510563500531112,4.143032314151814,-0.4882503670554855,3.5073899129741033,-0.4064977298362652
1.2492564690937884,1.744525252841946,0.5970962101053298,-0.8259223998374366,0.9653208191219184,-0.419192296343739
1.2530136314068525,-0.6843453673875314,0.4180183535015568,2.290660452192225,-0.035632750098713306,1.7615503901952592
1.2567707937199166,0.15880925115268996,0.3921546167637101,0.06234033571013619,-0.27568557969784885,-0.7349396916758707
1.2605279560329805,-0.24133792969394893,-0.7568857762535272,-1.0374742258797345,0.027820870198875667,0.4577472407629837
1.2642851183460446,-0.3491848047850382,0.01634965260878031,0.3513095955956764,-0.13915530660885747,0.30476895184304437
1.2680422806591085,-0.8947001577194165,-0.5337920907169378,0.7425969328295264,-0.6390360618545303,0.3230139361900937
1.2717994429721726,1.2750227825081395,-0.22888903437431826,-1.1977180142163402,1.3127580768518687,0.25593464315333203
1.2755566052852367,-0.36836577831558875,0.04645321949647357,0.4430108198639193,-0.092469806898291,0.46757831463293703
1.2793137675983006,-0.3052240377003686,0.1804021258315316,0.5290243668815755,0.5303318456713136,1.8096027880086634
1.2830709299113647,-0.8854216308560222,-0.7335682846087814,0.06433664926450137,-0.8238225971822667,-0.5884656068591462
1.2868280922244288,-0.33320692775242416,-0.04177481221715379,0.22254838905921998,-0.43424411089606646,-0.45465470788871326
1.2905852545374927,-0.2496570912820726,-0.6179699833307534,-0.8166447953775514,0.4377270345681367,1.4130022955624562
1.2943424168505568,-0.9334987934611463,-0.4031638775040873,1.3874766446315148,-0.4411164204100747,1.522058995452673
1.2980995791636207,-0.6233559990620995,-0.5837244806927818,-0.2302994055766777,-0.7819589275495984,-0.9722858636890811
1.3018567414766848,0.18323713371174863,0.038962173363439094,-0.3713178491176481,-0.5677790492847863,-1.2520054183535094
1.305613903789749,-0.07521859880567752,0.3317579647009766,0.3220145156551858,-0.0357879892144037,0.005262420556722759
1.3093710661028128,2.0546439698487697,-0.504653229527065,-1.5212274468487361,2.561625320354975,0.6883379567036776
1.313128228415877,-0.7365125982949162,0.10516531069575387,1.7922457202831112,-0.4312269929007741,0.5521718672675268
1.3168853907289408,-0.49742853865867004,-0.2392281226872491,0.2099871423974081,-0.7088350140312281,-0.9326268961587431
1.320642553042005,3.391812763662279,-0.20562497488376982,-1.5335928215044392,4.41678901174566,0.9420754275835743
1.324399715355069,-0.8590105419507817,-0.42925696109068623,0.9050525448317464,-0.6851118285430181,-0.034718904909287314
1.328156877668133,0.4701745276057069,3.2658911858949673,2.5362859634654478,0.804812312040552,0.5752837151565791
1.331914039981197,0.06298936761748807,-0.028312195709514414,-0.3281523046839835,-0.31314553549572804,-0.70633340628952
1.3356712022942612,0.5953665949177103,1.976522049545944,1.0824125456941422,0.6003931000191836,0.12492644868454376
1.339428364607325,-0.2572191593930986,-0.43720179266710835,-0.5286914952901377,-0.03602929463447773,0.34663945674121655
1.3431855269203892,-0.9728318865432563,-0.4532663058121117,1.4608540646704045,-0.4427643454591664,1.8070755778967542
1.346942689233453,-0.29768682720985545,-0.4318839670386081,-0.47022084993171587,-0.7052736409533316,-1.1542953183202473
1.3506998515465172,-0.5178647865915762,-0.48487599195115744,-0.2277991302566899,-0.5411532772407189,-0.4141638055746394
1.3544570138595813,-0.5291278854803058,-0.649256677582489,-0.5349380594564863,-0.5691774981260375,-0.4747074048021033
1.3582141761726452,0.47416614858004863,-0.5098414102575705,-1.1460492455635989,0.3709104434559045,-0.05555615977548823
1.3619713384857093,-0.7935995873478823,-1.0757401743805446,-1.1534497191936415,-0.4085858246883207,0.880497239503393
1.3657285007987732,-0.42942505082495025,-0.6997116485968924,-0.7638795235049594,-0.2524842973395617,0.19981403344678686
1.3694856631118373,-0.3389457819605453,-0.35443495585261725,-0.28652047955441545,-0.6080075832967586,-0.8734384751935407
1.3732428254249014,0.01609625111729959,0.43133441207852297,0.307578423529489,0.12830438032967123,0.1734977402244097
1.3769999877379653,1.8541238393011101,-0.654883596135407,-1.5786587272159915,2.036460245395181,0.4240942803712366
1.3807571500510294,0.5674301207830552,-0.12849919306417068,-0.8304136090700882,0.23615369194919034,-0.3428451261585538
1.3845143123640935,-0.16468290175596817,-0.894864225865226,-1.292186029002504,-0.42232534639862646,-0.6648246780972892
1.3882714746771574,-0.5056030038466952,-0.38524851469196786,-0.05592914174305713,-0.6255828276877899,-0.6811967503017551
1.3920286369902215,-0.717135878764586,-0.5722664118574513,0.013671138906890897,-0.69682178287089,-0.4968198897446908
1.3957857993032854,-0.19090830929742397,-0.5384062708047199,-0.7528480932235173,-0.47129146199844274,-0.7384799806772082
1.3995429616163495,-0.05412515023317757,-0.0790164164471567,-0.25939155797796287,-0.5642982973762779,-1.0712676760556497
1.4033001239294136,-0.32169611875893084,-0.4141007358791728,-0.4096302948621902,-0.08507236458237274,0.3744202980341276
1.4070572862424775,-0.9541685861686932,-0.38915560187083376,1.569728851065397,-0.4925553965123501,1.3972998377191181
1.4108144485555416,4.8060103589547225,2.1295548093061174,-0.9295389547689437,4.909746971722487,0.4343270592351767
1.4145716108686055,-0.5906802888688957,0.6700775681628534,2.3790694170856406,-0.2650190661411316,0.6114182060179347
1.4183287731816696,-0.9052999270299557,-0.2008237072507509,1.8889017304449398,-0.5054485742581732,1.022227431357603
1.4220859354947337,-0.37965219011166107,0.08736956409657431,0.5384836972493398,-0.6919362119183828,-1.0352364629303985
1.4258430978077976,-0.4771415425793969,-0.28854816321248183,0.07229211641228142,-0.803294564832051,-1.224788822810106
1.4296002601208617,-0.3177337984836525,-0.6275560001353653,-0.7636721810339491,-0.7694487888401876,-1.289817985777846
1.4333574224339258,-0.6351568887382786,-1.0116711223373307,-1.1662537291466282,-0.809461183145769,-1.045224182327903
1.4371145847469897,0.21967385447903395,0.12397941788072218,-0.31092633507117823,1.8330845519907606,2.700334016624238
1.4408717470600538,-0.6316326038458617,-0.1947699749340536,0.6561442827798578,-0.5442289207553553,-0.1726904662430757
1.4446289093731177,0.022148550436169017,-0.6136407107630348,-1.0233464011955364,-0.4137755930136644,-0.8515823445539537
1.4483860716861818,-0.23184685431182936,0.06729168740827743,0.20917601735191715,0.04235268825978164,0.46958137584758886
1.452143233999246,1.0971522485654113,-0.5114839445238206,-1.3515184111944807,0.3647348945420167,-0.6038842036269612
1.4559003963123098,-0.7903366316311106,-0.4722238039497789,0.5001560509765112,-0.4336225862088027,0.7637251058132803
1.459657558625374,-0.9579579111520283,-0.43280650499588297,1.4372967509305432,-0.5164321245758658,1.2958939005602286
1.4634147209384378,-0.9965243954121136,-1.1399369258617738,-1.0550893239945054,-0.6848529993667979,0.6057588977447472
1.467171883251502,-0.8776149771803478,-0.7310098436222703,0.04589286175665949,-0.6890146170283328,0.01661884174146248
1.470929045564566,0.6062958163226314,0.5364127759132713,-0.2460686721598398,-0.159391294748616,-0.9129411638390026
1.47468620787763,-0.6647930167960435,-0.7279345946338466,-0.476527842332643,-0.31844393517610814,0.6908327015813972
1.478443370190694,-0.5336922479067641,1.3561984586481293,3.4923452213586255,0.20604768976704096,1.8350437337831838
1.4822005325037582,-0.14573754976620065,-0.3426188618116412,-0.5159871122087146,-0.40505317407817276,-0.6515624408725029
1.485957694816822,0.7555259745440844,-0.45046221841893364,-1.2018631478372142,1.3416007312217786,0.8850266201087261
1.4897148571298862,-0.6331219777406216,-0.9266313809111051,-0.9778287836024083,-0.446601128805376,0.15467279913583276
1.49347201944295,-0.4479664790995267,-1.1504999672953198,-1.5707935614674455,-0.7216061863464875,-1.0326526264624225
1.4972291817560142,0.09469560508987568,0.48793576154308427,0.2613648062246324,-0.6375035083945428,-1.317832760122904
1.5009863440690783,-0.2531629977485062,-0.5193976903394746,-0.6607323382612651,-0.20781265101076152,-0.0557391678689372
1.5047435063821422,-0.8899754904900656,-0.9428474005161542,-0.5911069131382581,-0.8109136421000781,-0.5140463855010033
1.5085006686952063,-0.34950456740666563,-0.1017948227512593,0.15358457115496665,0.32470987995734746,1.458773353732809
1.5122578310082702,-1.0297028969608,-0.8318518516624152,0.3054695808646231,-0.856332623912183,-0.24684957831094984
1.5160149933213343,-0.8499867215921729,-0.6006602734250893,0.3487518253114373,-0.9172616648378935,-1.0998275730785896
1.5197721556343984,0.8553378195970371,0.07139850104495259,-0.8106384133762726,0.5808583745116459,-0.16804702701344393
1.5235293179474623,1.333180292368486,0.6124421201153875,-0.6452344471803948,0.8145910210285473,-0.29556092789676097
1.5272864802605264,-1.070925469875381,-0.5224888005915495,1.9618055395508922,-0.5222290718180789,2.2397924737544805
1.5310436425735905,-1.0016520143351848,-1.1656446596063352,-1.1466696681967437,-0.9787205809107525,-1.0820173970704503
1.5348008048866544,-0.04892819371444343,0.31400374952066445,0.25604557305815373,-0.6130492109350606,-1.171532236496548
1.5385579671997185,-0.74545906075442,-0.76123001418154,-0.39683391707172017,-0.8268775747346927,-0.9244126979056533
1.5423151295127824,0.13365787829802997,3.27869354577476,3.4934937466591185,0.12965190295655007,-0.003875402205070895
1.5460722918258465,1.6250590091024115,0.4620190371359522,-0.8638638186483673,-0.24978030492788902,-1.4492409846125613
1.5498294541389106,0.6181567490510502,0.6008485317615196,-0.19753142236435903,-0.40306915548198635,-1.247707871032824
1.5535866164519745,0.8428686423561894,0.327624288516407,-0.5945430988332258,0.2471996596846284,-0.5610621820697869
1.5573437787650386,-0.09139634014911191,1.7875330602201698,2.340301011489556,1.3905758442759497,2.920966052264741
1.5611009410781025,0.5692586653973007,0.3388529522343213,-0.3978567561148404,-0.4664550299260134,-1.3097328990589634
1.5648581033911666,1.076177339084157,0.5783496532926603,-0.5353714146234182,-0.22265631069898517,-1.2370993577379943
1.5686152657042307,-0.3547527174215915,-0.43800843380109405,-0.40362820564171553,-0.02218566152175008,0.6097739122771666
1.5723724280172946,-0.3606680731259801,-0.21332780089755107,-0.01423307054334592,-0.4616895961496601,-0.4784686584196549
1.5761295903303587,-1.0876001123315682,-0.6734265256191756,1.40267147979935,-0.6437369650557722,1.5660304253180992
1.5798867526434228,0.2549143991368742,0.6197998098273038,0.19816102437271615,-0.3783064840902295,-0.9878552821885034
1.5836439149564867,-0.1908124899645136,0.40144525013144383,0.6315571232145473,0.27636397620352937,0.8921146473230582
1.5874010772695508,0.5373815486433265,0.10977973149871423,-0.5885883895963081,-0.2409154850494023,-0.9794255002918167
1.5911582395826147,-1.0186555881027541,-0.5300039491732237,1.4867841656927934,-0.6541793019837825,0.9299043867092799
1.5949154018956788,0.26021842079184426,-0.028780183252999785,-0.5168492450038341,-0.27138231051275696,-0.8189407988084373
1.598672564208743,-0.5051477485277724,0.5231373729128589,1.7110781455844828,-0.4121526295668071,-0.06693163876726763
1.6024297265218068,0.2857199214358107,0.4800778636118534,0.009630692243867683,0.008589783446460832,-0.3940669294677538
1.606186888834871,-0.7960595570856395,-0.2752720397004051,1.0663208063473453,-0.319575355135708,1.2568423021727957
1.6099440511479348,-0.3353304374100666,-0.11638927012722504,0.10289850154736431,-0.4175610936906046,-0.41027841814348087
1.613701213460999,-0.5735446063773427,-0.9500789828971281,-1.0932826090642158,-0.7848440675805166,-1.0538363508321165
1.617458375774063,-0.2678349854691287,1.0205047538066851,1.7674447666230644,0.29452996538600285,1.1363861241497852
1.621215538087127,0.40526994332748717,-0.2905643356086102,-0.8940911524587006,2.3874711235225825,3.0367972130908116
1.624972700400191,-0.6232395509895929,-0.8591646728626083,-0.840156500778234,-0.7942098174369887,-1.0126113095351523
1.6287298627132551,0.1206850147466658,-0.2675925455680082,-0.6720458361319344,0.27963586196004153,0.2783069213452315
1.632487025026319,-0.6412152691373587,-0.7574211902922887,-0.5855918496020394,-0.67237775325917,-0.5774058083682512
1.6362441873393831,-0.006400516906872913,-0.13703935994417235,-0.39017158609239305,0.13008508362181892,0.21454904892449145
1.640001349652447,1.053794609297136,-0.3448209571339635,-1.2154701833451986,0.5925629328261199,-0.32171354441687156
1.6437585119655111,-0.8654620179738234,-0.5359173971914114,0.6067498313050411,-0.7724958653170422,-0.4096084152698628
1.6475156742785753,-0.7392148881196727,-0.736872330134621,-0.34790639862476824,-0.4901710071085158,0.33927879050925813
1.6512728365916391,0.2967617090716661,-0.10641600736728041,-0.6301790059425388,1.5945643193586996,2.106102603391473
1.6550299989047033,0.25641352946290724,0.645526176841456,0.22443269705964575,0.6811762278055357,0.7280080282177928
1.6587871612177674,-0.42181809693238637,-0.36959571076985037,-0.18061189626407553,-0.6689331953028941,-0.9239654101357486
1.6625443235308313,0.07004070667998893,-0.22922244953663268,-0.5819828999705989,-0.695507372470183,-1.4075351067897688
1.6663014858438954,-0.7869622972681932,0.021198887938208327,1.8367077979549777,-0.31680528596594765,1.2216320362530053
1.6700586481569593,-0.6080036977258607,0.5556089823080889,2.2165860853363593,0.2787192194935891,2.4198113764194367
1.6738158104700234,0.11607530176435624,-0.06917052951749963,-0.43201125554106284,0.41270815720013987,0.5203057847018019
1.6775729727830875,-1.2270900902575907,-0.7979043557306076,2.3234502171344427,-0.8656515227624749,1.2284410894142765
1.6813301350961514,0.4236188012698543,-0.3981945382018247,-1.0121342980940895,-0.21699767245565627,-0.8653436437062065
1.6850872974092155,-1.0247053769311723,-0.7969713272200541,0.42515720586294103,-0.9556682557936258,-0.8793131741818084
1.6888444597222794,-0.4339362026889989,0.2897849144751394,1.0365520862508355,-0.22364310309041543,0.2880233933485834
1.6926016220353435,-0.15285333448957633,0.42397588941205655,0.5889722675771994,0.06296644432921981,0.3489319449714907
1.6963587843484076,-0.5711361413780561,-0.1414224399981571,0.5919397646536478,-0.7084866521603954,-0.8211848893799903
1.7001159466614715,-0.24450877599691573,-0.6184259701922716,-0.8222291761148375,-0.8599268068833991,-1.5553533058121696
1.7038731089745356,-0.10624059291663225,-0.1162174235295848,-0.24527397001059906,-0.1451539222143551,-0.1667369209399557
1.7076302712875997,-0.5477976618388324,-0.8893537937370958,-0.9944410479005765,-0.8504741592201044,-1.2858287938911055
1.7113874336006636,-0.3770628818199917,-0.2624719018661227,-0.06950955932299957,-0.6430484009335607,-0.9136215769513402
1.7151445959137277,2.550040610630932,1.8396572578977306,-0.472087806360967,1.1919869494168829,-0.6361538205736879
1.7189017582267916,0.7192151177895577,-0.43758007400517435,-1.1776975301123118,0.16391790416244753,-0.5701124675840997
1.7226589205398557,-0.2891515118309503,-0.42667176340560814,-0.4727845621633323,0.3648732391763525,1.3637404134741933
1.7264160828529198,0.6709376807822794,0.7581124962275195,-0.10247388940244974,0.5720748636028655,0.0028421872500259938
1.7301732451659837,-0.7162801863223072,-0.4239322278750282,0.3795289073264297,-0.4376542933838775,0.45339764832916357
