Unnamed: 0,F1_DT_POSTCON..T11.0.05.T12.0.5.,F1_DT_POSTCON..T11.0.05.T12.0.1.,F1_DT_POSTCON..T11.0.02.T12.0.5.,F1_DT_POSTCON..T11.0.02.T12.0.8.,F1_DT_POSTCON..T11.0.05.T12.0.8.,F1_DT_POSTCON..T11.0.1.T12.0.5.,F1_DT_POSTCON..T11.0.1.T12.0.8.,F1_DT_POSTCON..T11.0.2.T12.0.5.,F1_DT_POSTCON..T11.0.2.T12.0.8.,F1_DT_T1NFS..T11.0.05.T12.0.5.,F1_DT_T1NFS.T11.0.05.T12.0.1.,F1_DT_T1NFS..T11.0.02.T12.0.5.,F1_DT_T1NFS..T11.0.02.T12.0.8.,F1_DT_T1NFS..T11.0.05.T12.0.8.,F1_DT_T1NFS..T11.0.1.T12.0.5.,F1_DT_T1NFS..T11.0.1.T12.0.8.,F1_DT_T1NFS..T11.0.2.T12.0.5.,F1_DT_T1NFS..T11.0.2.T12.0.8.
-1.7301732451659837,1.8796193023024044,0.819914237651251,1.3559025271204044,1.7346092401179118,1.0758974717237402,1.2239332094710782,0.6628807785268966,0.6891231914345872,0.3430304615871088,2.446577313958991,0.8565000183362091,2.178441504304113,2.3904779541272787,1.306032912864972,1.394151094190043,0.7337578954792309,0.7023569695454718,0.27136015715979356
-1.7264160828529198,1.8796193023024044,0.9883294269720702,1.1632789541889796,1.7346092401179118,1.0758974717237402,1.2239332094710782,0.6628807785268966,0.6891231914345872,0.3430304615871088,0.19659382455898128,0.21241716935527938,-0.0030659562585638473,-0.026517829998843764,0.47012700044304967,0.579852947621613,0.7337578954792309,0.7023569695454718,0.27136015715979356
-1.7226589205398557,-0.7913190785351609,-0.29963208971465854,-0.6074630853668838,-0.8236032664460678,-0.9799171031928777,-0.9199308520345958,-0.7053491429799112,-0.6794072651495516,0.3430304615871088,-0.784387628594994,-0.1849896513708033,-0.600705227000311,-0.7999493614551461,-1.1010413606102745,-0.977555963856831,-1.2168541421642645,-0.8231239812835344,0.27136015715979356
-1.7189017582267916,-1.0768815643038523,-0.6228851766617033,-0.757934960259862,-1.0624028036428392,-1.6018772186729473,-1.5015288664790223,-2.3415201402101697,-2.2845050389121537,-3.8136714449856597,-0.9374669169934446,-0.4277743707086369,-0.6939650883259009,-0.9053157665259722,-1.350334352267391,-1.2686678738090744,-1.9182563202800245,-1.7380350094086487,0.27136015715979356
-1.7151445959137277,-0.419451487717029,-0.49084453097826297,-0.4115143302224027,-0.09744272369786061,0.5844214146737386,-0.16255737605483636,0.6628807785268966,0.4994077295519081,0.3430304615871088,0.0376614752218569,-0.5032165519598075,-0.09989165367590588,0.5647467030561225,0.9226046208071067,0.5828778734623581,0.7337578954792309,0.6717250325029201,0.27136015715979356
-1.7113874336006636,-0.3952195481059528,-0.05652197578759002,-0.3987457574326062,-0.465982630993827,-0.048484093167184536,-0.11320478715996424,0.6628807785268966,0.6891231914345872,0.3430304615871088,0.24459729037814604,0.20304433720394371,0.026178996551708987,0.14820104386692787,0.8650853973940316,0.7961966235881724,0.7337578954792309,0.7023569695454718,0.27136015715979356
-1.7076302712875997,1.6119367452847624,0.1575347180221953,2.2216686189044834,1.7346092401179118,1.0758974717237402,1.2239332094710782,0.6628807785268966,0.6891231914345872,0.3430304615871088,2.1212601454929647,0.16528600242404073,3.395669902489437,2.3904779541272787,1.306032912864972,1.394151094190043,0.7337578954792309,0.7023569695454718,0.27136015715979356
-1.7038731089745356,-0.07886650161752833,0.009611518080532807,-0.23204936555508054,-0.08857606352972558,1.0758974717237402,0.5514460084445086,0.6628807785268966,0.6891231914345872,0.3430304615871088,-0.10030900153972218,0.1850915330385069,-0.1839468362184228,-0.1480137188403072,0.4414140985667849,0.3233609515734304,0.7337578954792309,0.7023569695454718,0.27136015715979356
-1.7001159466614715,-0.9175268408712711,-0.5208997853941156,-0.6739659335041025,-0.9368632383656709,-1.274905887682609,-1.1769750635127543,-1.481366899870577,-1.3887994593376194,0.3430304615871088,-1.0053524907868105,-0.6430804288402476,-0.7353227354917174,-0.9103032169122236,-1.3621344742008905,-1.3977663250231385,-1.9514567370714069,-2.143767625257289,-1.185720576757586
-1.6963587843484076,1.3095552415179206,0.7100383509580754,0.499553814986615,1.5166085784526526,1.0758974717237402,1.2239332094710782,0.6628807785268966,0.6891231914345872,0.3430304615871088,0.39176772641597296,0.4467036355805554,0.11583903220845577,0.20772889672339429,1.1527373341610623,1.2014516558499326,0.7337578954792309,0.7023569695454718,0.27136015715979356
-1.6926016220353435,-0.7806575718343439,-0.42429717448471943,-0.6018452014276207,-0.7640469780890619,-0.8248010739956947,-0.8982168264282924,0.6628807785268966,-0.6194807638643028,0.3430304615871088,-0.6076010907427692,-0.47838417705358127,-0.4930022962065937,-0.541083039752478,-0.4885732809301054,-0.6413598185360517,0.7337578954792309,0.7023569695454718,0.27136015715979356
-1.6888444597222794,-0.6284245459687293,-0.33701008229849566,-0.5216288216010878,-0.5137733486995563,-0.17295636246910467,-0.5881676078204081,0.5203926362062564,0.23619497467779424,0.3430304615871088,-0.7357246780216551,-0.5159662197504729,-0.5710584990226427,-0.6007219582885936,-0.6296767418583796,-0.8850133042094726,0.10936111997203449,-0.5322794744501173,0.27136015715979356
-1.6850872974092155,-1.0462206922161,-0.6934138642170775,-0.7417787803033852,-1.0014492163042732,-1.4431218849522607,-1.4390826306600208,-1.9238874556948524,-2.1121655336119565,-1.724619364714719,-1.0322856480927969,-0.7918573901254217,-0.7517311114496639,-0.890635034055526,-1.3156002857989089,-1.4489852910009677,-1.8205297467655916,-2.30473938635757,0.27136015715979356
-1.6813301350961514,1.8796193023024044,0.6728913656628546,3.358152624464763,1.7346092401179118,1.0758974717237402,1.2239332094710782,0.6628807785268966,0.6891231914345872,0.3430304615871088,2.446577313958991,0.7981396579161765,4.993462488284967,2.3904779541272787,1.306032912864972,1.394151094190043,0.7337578954792309,0.7023569695454718,0.27136015715979356
-1.6775729727830875,1.6320088063053586,-0.04431692727302612,0.7014793675745694,1.695508812648369,1.0758974717237402,1.2239332094710782,0.6628807785268966,0.6891231914345872,0.3430304615871088,-0.10470657790887351,-0.1966863845408858,-0.18662595346966596,-0.17208599231002228,0.38445999573657363,0.314998051083242,0.7337578954792309,0.7023569695454718,0.27136015715979356
-1.6738158104700234,0.29760104183221076,0.4181707588244719,-0.033676750375084774,0.14277427253589495,1.0758974717237402,1.2239332094710782,0.6628807785268966,0.6891231914345872,0.3430304615871088,0.8308977643358401,0.9338990527685817,0.3833684077939394,0.3693369007974806,1.306032912864972,1.394151094190043,0.7337578954792309,0.7023569695454718,0.27136015715979356
-1.6700586481569593,-0.041657061510967826,-0.3888861514384535,-0.21244253869377017,0.055923354930807204,1.0758974717237402,1.1604878384122717,0.6628807785268966,0.6891231914345872,0.3430304615871088,0.2909039592100351,-0.5132464275888032,0.05439021675591695,0.928867966300393,1.306032912864972,1.2616591596246343,0.7337578954792309,0.7023569695454718,0.27136015715979356
-1.6663014858438954,-0.8249594065355852,-0.709847660238125,-0.6251892345584089,-0.6167907253872799,-0.4412680194065047,-0.9884452716287503,0.6628807785268966,-0.7932717483883076,0.3430304615871088,-0.763363471887624,-0.7832072437913795,-0.587896767021627,-0.5508776932332209,-0.5117470664153201,-0.9375741839684361,-0.2273704991232761,-0.9819729016663452,0.27136015715979356
-1.6625443235308313,0.2594535643463187,-0.04922553504824995,-0.05377785869919738,0.2704050419790659,1.0758974717237402,0.9956146018192338,0.6628807785268966,0.6891231914345872,0.3430304615871088,0.4241758121366802,-0.026830869394224487,0.13558287614555228,0.4503523021903945,1.0074095894119977,1.0299555234518507,0.6896926313002977,0.7023569695454718,0.27136015715979356
-1.6587871612177674,-1.0095534409100586,-0.2757961055246705,-0.7224576498112621,-1.028112132544018,-1.5125662007083744,-1.3644033516317495,-2.1065724422955685,-1.906065200499602,-2.8216200118653743,-0.8716750311229807,0.02483144551274183,-0.6538829699882603,-0.8846294048750409,-1.301391190744559,-1.143551002967226,-1.7805515261428413,-1.3448157661406903,-0.3435799395713103
-1.6550299989047033,-0.9762791864391338,-0.3552692003212822,-0.7049243963013396,-1.0117378304398554,-1.4699188700344545,-1.2966345048929493,-1.9943814451219,-1.7190363208793527,-2.3479007947067294,-0.3498845528515249,0.00423419173846931,-0.33599471643206325,-0.4593302132710527,-0.2951491370933663,-0.15125854907809821,0.7337578954792309,0.7023569695454718,0.27136015715979356
-1.6512728365916391,0.6512621971215505,0.23788509230980634,0.15267846000891902,0.8444625835762649,1.0758974717237402,1.2239332094710782,0.6628807785268966,0.6891231914345872,0.3430304615871088,2.308680919521492,1.098771824516644,1.3771449869278942,2.2796755509284607,1.306032912864972,1.394151094190043,0.7337578954792309,0.7023569695454718,0.27136015715979356
-1.6475156742785753,-0.5425212460535448,-0.4281234963696586,-0.47636366514002104,-0.2978936143282983,0.3893084814896028,-0.4132104928113934,0.6628807785268966,0.25626753935673946,0.3430304615871088,0.02399359991250046,-0.4139113647333099,-0.10821847678373114,0.5194454657792851,1.0411337224946247,0.5597480428604078,0.7337578954792309,0.6901198491378836,0.27136015715979356
-1.6437585119655111,-0.8775727266061785,-0.3307679056048649,-0.6529128513144963,-0.8767023190027238,-1.1182150800135202,-1.0956015124214358,-1.0691652993823249,-1.164224233054219,0.3430304615871088,-0.7790914636097891,-0.19502610499205256,-0.5974786663254787,-0.7567747523174954,-0.9988918427604763,-0.9674842113657123,-0.9294497757716893,-0.7914703212591783,0.27136015715979356
-1.640001349652447,-0.17755836010188908,-0.3336757724550186,-0.28405321663110594,0.4848546524861221,1.0758974717237402,0.3301003424477035,0.6628807785268966,0.6891231914345872,0.3430304615871088,-0.26937899156838024,-0.44629453493164617,-0.28694864651787205,-0.03152791239579694,0.7170151799040902,0.0018394170289258726,0.7337578954792309,0.7023569695454718,0.27136015715979356
-1.6362441873393831,0.2687342568149481,-0.45183250356297655,-0.048887569303165866,0.32781796199061985,1.0758974717237402,1.0903548340752898,0.6628807785268966,0.6891231914345872,0.3430304615871088,-0.2241758143675169,-0.3047578397108844,-0.2594097019530394,-0.24908125916110813,0.20229206086356996,0.08780260243779887,0.7337578954792309,0.7023569695454718,0.27136015715979356
-1.632487025026319,-0.36696807874584614,-0.2836031198780999,-0.38385916771948675,-0.33011369468915674,0.30539037537743036,-0.05566572196816705,0.6628807785268966,0.6891231914345872,0.3430304615871088,0.39995689347116664,-0.14199899323900725,0.12082808456119194,0.6681837182688588,1.306032912864972,1.1217494983539928,0.7337578954792309,0.7023569695454718,0.27136015715979356
-1.6287298627132551,-0.12978076695684607,0.3964236723769247,-0.25887769681779244,-0.38429542105674325,0.16427254414509596,0.4274077784482378,0.6628807785268966,0.6891231914345872,0.3430304615871088,0.10225117052609681,0.5319374684106176,-0.060541940921454866,-0.16439472352924758,0.4026572513296583,0.7085709900265046,0.7337578954792309,0.7023569695454718,0.27136015715979356
-1.624972700400191,-0.9264864140796375,-0.5084954307815118,-0.6786870150399869,-0.9042996704178822,-1.1900931584830503,-1.1952228034924244,-1.2582527093325768,-1.4391596842526686,0.13373670014500222,-0.9215671775638479,-0.6568234534607192,-0.6842785558770572,-0.8367074157531348,-1.1880095485946787,-1.2384312326441003,-1.4615448415439822,-1.6430068243377096,-0.27600272584744256
-1.621215538087127,1.8445118294951313,-0.386650601182318,1.371331433363419,1.7346092401179118,1.0758974717237402,1.2239332094710782,0.6628807785268966,0.6891231914345872,0.3430304615871088,2.0083983246722195,-0.24966891058906973,1.1811537182314924,2.0168343611683803,1.306032912864972,1.3334636498080656,0.7337578954792309,0.7023569695454718,0.27136015715979356
-1.617458375774063,-0.47955775085934965,-0.6633826250925875,-0.4431862148661062,-0.438010204110154,0.3711818651831995,-0.2624615038073531,0.6628807785268966,0.3033795167739499,0.3430304615871088,-0.8240589501180234,-0.8738018479312456,-0.6248740220250851,-0.7225212135120945,-0.9178492451896358,-1.0529991822028508,-0.5798945448389239,-1.132597719376752,0.27136015715979356
-1.613701213460999,-0.9025792658255514,-0.43341821351338106,-0.6660895850538558,-0.9447737653280859,-1.2955090777926368,-1.1465317090786167,-1.535567066841781,-1.3047817027179107,0.3430304615871088,-0.8784763645978247,-0.4830589105133988,-0.6580265182326325,-0.8525583442195815,-1.225512255223862,-1.1564851444751938,-1.5670611656896951,-1.3854653867862632,-0.037262793728081105
-1.6099440511479348,-0.9838984778724463,-0.1605029688224271,-0.7089392411232719,-1.0354109657248602,-1.5315762171485932,-1.3121525263065792,-2.1565814971886517,-1.7618630517236997,-3.0327800062642485,-0.5318137086338611,0.4914847266584477,-0.44683066306371394,-0.6865234185441247,-0.8326798024759628,-0.49723444542497003,-0.4618013019430663,0.42040933370321076,0.27136015715979356
-1.606186888834871,-0.31228594227052775,-0.32109850154814223,-0.35504542638912695,-0.38175015204926066,0.1709017689099506,0.05570402575627293,0.5183565721251626,0.4124278249609816,0.3430304615871088,-0.523780609882395,-0.5855811428781368,-0.44193669155774196,-0.4490200480691915,-0.2707556700682438,-0.4819578476249676,0.1534913018410896,-0.20467558387312382,0.27136015715979356
-1.6024297265218068,-0.4315861305513656,-0.09374048920603846,-0.41790845602475873,-0.5572618588217947,-0.28622341103711185,-0.18727170139572563,0.6628807785268966,0.6891231914345872,0.3430304615871088,-0.7343042765231176,-0.37668461786407287,-0.5701931536962686,-0.7344673572991756,-0.9461133766406876,-0.8823121171484117,-0.780954100670866,-0.2806151114556151,0.27136015715979356
-1.598672564208743,-1.000588312516243,-0.3851509851087592,-0.7177336410730606,-1.0146713081554606,-1.4775591953054883,-1.3461442975439974,-2.014480609532503,-1.8556737508395549,-2.4327682142858227,-0.9819451455184085,-0.46391622585799114,-0.7210623754092378,-0.9148257037491265,-1.3728345096869972,-1.3532524194563695,-1.981561988510629,-2.003868632067216,-1.5392044845827086
-1.5949154018956788,0.3281807412127939,0.032709512867608974,-0.01756334287663667,0.4675269689918988,1.0758974717237402,1.2222063335890379,0.6628807785268966,0.6891231914345872,0.3430304615871088,1.8197139155796402,0.22513971133335045,0.9857807792276845,2.0715732206948587,1.306032912864972,1.394151094190043,0.7337578954792309,0.7023569695454718,0.27136015715979356
-1.5911582395826147,-0.5654425207143213,-0.20946543337669107,-0.4884416072543686,-0.6182334357984628,-0.44502559927654034,-0.4598936829907929,0.6628807785268966,0.590206140573004,0.3430304615871088,-0.33006620204801346,-0.3242499386681458,-0.3239208645937472,-0.28223150983089207,0.12385980194670491,-0.11356985836837402,0.7337578954792309,0.7023569695454718,0.27136015715979356
-1.5874010772695508,1.854759520031335,0.19465014644854176,1.7953911913715284,1.7346092401179118,1.0758974717237402,1.2239332094710782,0.6628807785268966,0.6891231914345872,0.3430304615871088,2.446577313958991,0.7598599717426294,4.714679804915352,2.3904779541272787,1.306032912864972,1.394151094190043,0.7337578954792309,0.7023569695454718,0.27136015715979356
-1.5836439149564867,1.8796193023024044,2.6649400021745264,3.2200496577505433,1.7346092401179118,1.0758974717237402,1.2239332094710782,0.6628807785268966,0.6891231914345872,0.3430304615871088,2.218751130842046,1.6613382665442011,1.545438421520229,1.7228948067380698,1.306032912864972,1.394151094190043,0.7337578954792309,0.7023569695454718,0.27136015715979356
-1.5798867526434228,-0.5342847394411733,-0.11055735760289505,-0.47202359018516293,-0.5266977180757445,-0.20661824625700254,-0.39643540458921755,0.6628807785268966,0.6891231914345872,0.3430304615871088,-0.4428975634407593,-0.2642486930971912,-0.39266064792273514,-0.4256595896917065,-0.21548569524571645,-0.3281420154590098,0.7337578954792309,0.6993715743564012,0.27136015715979356
-1.5761295903303587,-0.9910909195860832,-0.6767525332454022,-0.7127291653732871,-0.9778130888691514,-1.3815609258247021,-1.3268011935094826,-1.7619409684857121,-1.8022905334757213,0.13583506553102148,-1.022376071912307,-0.8569053045945447,-0.7456939413657351,-0.9056983695710292,-1.3512395768278678,-1.4301401834824898,-1.9208032289363128,-2.245512690006715,-0.4294452425431571
-1.5723724280172946,-1.0839510452101517,-0.4814961577020818,-0.7616600925846756,-1.070227013907621,-1.6222555945146626,-1.5159271024629548,-2.3951288953264673,-2.3242413790473586,-4.040030940366832,-1.050853234530684,-0.44413015427103514,-0.763042965290015,-0.9750702746330344,-1.5153709215219964,-1.4842953947236046,-2.382597529290615,-2.415712528285639,-3.9245924406641346
-1.5686152657042307,-1.0453384197460456,-0.6620188586629564,-0.7413138831290306,-0.8902189335798465,-1.1534194830955944,-1.4372857282573794,-1.1617764200379135,-2.1072064313204777,0.33836464152479373,-0.9207832292197747,-0.7408182470960861,-0.6838009542719067,-0.6168521366021346,-0.6678401432294507,-1.2369403928176672,-0.04869322313241436,-1.6383213897960742,0.27136015715979356
-1.5648581033911666,-0.38367621989604,-0.05601485090047955,-0.3926632139445347,-0.4454438470979935,0.005009747539658694,-0.08969477761198542,0.6628807785268966,0.6891231914345872,0.3430304615871088,-0.2574316727379347,-0.06580990012582774,-0.2796700309128663,-0.3402355772954444,-0.013375662210956681,0.024559713418640768,0.732564465248065,0.6948690645659684,0.27136015715979356
-1.5611009410781025,-0.7699837255275428,-0.5152130503256379,-0.596220815361011,-0.7987712217335484,-0.9152413438580571,-0.8764776690532969,0.6628807785268966,0.6637184560015255,0.3430304615871088,-0.7755420376375393,-0.5134063014721646,-0.5953162642303248,-0.7589495438706403,-1.0040373186087779,-0.960734244176642,-0.8271161304341093,-0.40993589877335845,0.27136015715979356
-1.5573437787650386,-0.8484655950560955,-0.25946172423449393,-0.6375753862223712,-0.8925859235513373,-1.1595843750936667,-1.0363197413227834,-1.1779942083450017,-1.0006180369325783,0.3430304615871088,-0.38063582216306024,0.11373071513150322,-0.35472918496521955,-0.48141154702524164,-0.3473927506783766,-0.20973844427747396,0.6501700490770966,0.7023569695454718,0.27136015715979356
-1.5535866164519745,-1.0941409296346172,-0.6444214808226328,-0.7670294638806449,-0.9743888817012432,-1.372642481883895,-1.5366805867055857,-1.7384794973186952,-2.3815169723753127,-1.274327166030452,-1.045689536387648,-0.6935988349442811,-0.7598971068412003,-0.8667520764982835,-1.2590940973694682,-1.474475555315128,-1.6615458805205983,-2.3848505846066437,-0.6995389635255086
-1.5498294541389106,-1.0625051187220043,-0.5353589808531838,-0.7503595579265534,-1.0579878362302524,-1.5903783117905999,-1.4722487172231995,-2.3112703259978455,-2.203697503090607,-3.6859435642389164,-0.9065483619563439,-0.3834939152849404,-0.6751287050024917,-0.8753541611699045,-1.2794463094510573,-1.2098698502228495,-1.7188081637023733,-1.5532436684435063,0.27136015715979356
-1.5460722918258465,1.3731222983498892,0.17942006751985176,0.53304930091218,1.3564974499722544,1.0758974717237402,1.1751408881834158,0.6628807785268966,0.6891231914345872,0.3430304615871088,-0.26609103784565574,-0.12247617832429428,-0.28494554007914547,-0.4071816306046081,-0.17176753197115638,0.008092140686525473,0.6937719234648435,0.6310594508664266,0.27136015715979356
-1.5423151295127824,-0.4614811517512051,-0.3177547014227716,-0.43366108500820966,-0.36478430448892263,0.21508979637313122,-0.24815814775368683,0.6628807785268966,0.6891231914345872,0.3430304615871088,-0.03418615540513747,-0.156583758385082,-0.14366308832881142,-0.09348506284248753,0.5704268685820525,0.4491072117703935,0.7337578954792309,0.7023569695454718,0.27136015715979356
-1.5385579671997185,1.8796193023024044,1.1126805462643372,3.358152624464763,1.7346092401179118,1.0758974717237402,1.2239332094710782,0.6628807785268966,0.6891231914345872,0.3430304615871088,2.3968653949331786,0.7274510328046117,2.07303555674187,2.3409142241704073,1.306032912864972,1.394151094190043,0.7337578954792309,0.7023569695454718,0.27136015715979356
-1.5348008048866544,-0.5871169586107889,0.1647793816053032,-0.4998625517763831,-0.7269499689888917,-0.7281808697241322,-0.504037471734089,-0.043114517475620735,0.41090670931812945,0.3430304615871088,-0.5257612328468211,0.1518806153822066,-0.4431433382892048,-0.6305435576879841,-0.70023353579357,-0.48572441160695146,-0.0891550461586011,0.23332439604047778,0.27136015715979356
-1.5310436425735905,-0.2507664840927446,0.3381243569059362,-0.32262888473627965,-0.35018445393257785,0.25311551805002386,0.18099917658668407,0.6628807785268966,0.6891231914345872,0.3430304615871088,-0.20043029803873966,0.21909034879801903,-0.24494331931503413,-0.2552295613550638,0.18774540677099402,0.1329596101792944,0.7255564227838754,0.698501254676123,0.27136015715979356
-1.5272864802605264,0.2342908269908471,0.7432741343597652,-0.06703689815994902,0.006810872565947164,1.0758974717237402,1.1689033414442418,0.6628807785268966,0.6891231914345872,0.3430304615871088,0.22094171787166422,0.3925834064830054,0.011767410016310128,0.14065042342424952,1.124382712337888,0.9342856003603967,0.7337578954792309,0.7023569695454718,0.27136015715979356
-1.5235293179474623,0.15264001612465553,1.2851963010459158,-0.11006128409949147,-0.2159840574624389,0.6026442276356803,1.0026071651460047,0.6628807785268966,0.6891231914345872,0.3430304615871088,1.848631303659442,1.534969828415245,1.0033979998878746,1.2329116864477416,1.306032912864972,1.394151094190043,0.7337578954792309,0.7023569695454718,0.27136015715979356
-1.5197721556343984,1.8796193023024044,0.41239564691566455,2.491175890088879,1.7346092401179118,1.0758974717237402,1.2239332094710782,0.6628807785268966,0.6891231914345872,0.3430304615871088,1.0884984048463868,-0.1489301240040288,0.489442160492463,2.000248689008461,1.306032912864972,1.394151094190043,0.7337578954792309,0.7023569695454718,0.27136015715979356
-1.5160149933213343,-0.7187788528007082,-0.14258285197185816,-0.5692393539056575,-0.7832618896117528,-0.8748468518472023,-0.772189977945551,-0.4289441233577181,-0.27167109307785803,0.3430304615871088,0.0797043792406646,0.5542359547626269,-0.07427802926243993,-0.1200106940667335,0.5076682126419514,0.665693605743708,0.7337578954792309,0.7023569695454718,0.27136015715979356
-1.5122578310082702,-0.7010839198454819,-0.34126783375087716,-0.5599153359741307,-0.636049092226623,-0.4914269778532523,-0.7361511479683395,0.5753108211176005,-0.17221090867422173,0.3430304615871088,-0.7195108827119329,-0.4052876368227164,-0.5611806356097278,-0.6357738574305023,-0.7126082302628323,-0.8541794208698683,-0.12397206045395613,-0.43537426740463303,0.27136015715979356
-1.5085006686952063,-0.18048071631115528,0.0813740615337417,-0.2855930982326012,-0.43749114620753926,0.02572278083222653,0.32414845221872823,0.6628807785268966,0.6891231914345872,0.3430304615871088,-0.5801231747672941,-0.15866737701081526,-0.4762620391790155,-0.6297326446830771,-0.6983149458138569,-0.5891048813409759,-0.08375696744915126,0.39770610890133323,0.27136015715979356
-1.5047435063821422,-0.8970838218518226,0.12884583931922294,-0.663193862403625,-0.9875658524236698,-1.406962272987363,-1.1353392749778677,-1.8287634969464732,-1.2738927543172516,-1.6485897382621995,-0.16245100948176167,0.9651612202078658,-0.22180535453138742,-0.49250516515573656,-0.37363983816506985,0.2051850780797664,0.7337578954792309,0.7023569695454718,0.27136015715979356
-1.5009863440690783,-0.17775930408005391,-0.0013813972919066771,-0.2841591003471035,0.053998671607112685,1.0758974717237402,0.32969108484371307,0.6628807785268966,0.6891231914345872,0.3430304615871088,0.07105939446965688,0.03538685096423767,-0.07954477755570002,0.10509964622694971,0.9821316839766678,0.6492533801944164,0.7337578954792309,0.7023569695454718,0.27136015715979356
-1.4972291817560142,1.8796193023024044,-0.05029693011410305,3.358152624464763,1.7346092401179118,1.0758974717237402,1.2239332094710782,0.6628807785268966,0.6891231914345872,0.3430304615871088,2.446577313958991,-0.05865494351260968,4.993462488284967,2.3904779541272787,1.306032912864972,1.394151094190043,0.7337578954792309,0.7023569695454718,0.27136015715979356
-1.49347201944295,-0.19809669732362203,-0.07613087773716852,-0.2948755138968661,-0.1737605069937927,0.7126166531844681,0.2882704217002511,0.6628807785268966,0.6891231914345872,0.3430304615871088,-0.6581329630557027,-0.19421250712092278,-0.5237876196408158,-0.6753155833496515,-0.8061624816681449,-0.7374566191965819,-0.3871930811151827,-0.0685360349803185,0.27136015715979356
-1.4897148571298862,-0.826418172847446,-0.37392448872728484,-0.6259579045095255,-0.8126413299830695,-0.9513664311587269,-0.9914163047048695,-0.6302417842103678,-0.8766932566553393,0.3430304615871088,-0.4872705386341517,-0.40629358739309535,-0.41969381195448996,-0.42110867714830036,-0.20471840559629914,-0.41252640013937963,0.7337578954792309,0.7023569695454718,0.27136015715979356
-1.485957694816822,-0.6965616934209188,-0.18610502697421927,-0.5575324323270964,-0.7906750279662909,-0.8941545793293473,-0.7269408418515777,-0.47973635736508663,-0.14679224926251716,0.3430304615871088,-0.45053362433935723,-0.13824984236279278,-0.3973127337008101,-0.538452237825737,-0.482348901514929,-0.3426635637099739,0.181500432780089,0.13790156304514517,0.27136015715979356
-1.4822005325037582,1.8796193023024044,1.2982651505418694,1.737868592306525,1.7346092401179118,1.0758974717237402,1.2239332094710782,0.6628807785268966,0.6891231914345872,0.3430304615871088,2.3368433403978663,0.9824843556441438,1.2884829772786648,2.0877283827273767,1.306032912864972,1.394151094190043,0.7337578954792309,0.7023569695454718,0.27136015715979356
-1.478443370190694,1.8796193023024044,1.320139383707698,2.7057661817818093,1.7346092401179118,1.0758974717237402,1.2239332094710782,0.6628807785268966,0.6891231914345872,0.3430304615871088,1.8077513064820405,0.2952786394107307,0.9784928483964991,1.8847639362384094,1.306032912864972,1.394151094190043,0.7337578954792309,0.7023569695454718,0.27136015715979356
-1.47468620787763,-0.8047088653473474,-0.29595921454262575,-0.614518586094242,-0.8817226567421038,-1.1312906909497376,-0.9472014979068677,-1.1035628995699065,-0.7546689611862211,0.3430304615871088,-0.7750006220880404,-0.3435187099042199,-0.5949864198758466,-0.7908972074798128,-1.0796243013119637,-0.95970463059311,-1.1565958415164428,-0.7670205340821045,0.27136015715979356
-1.470929045564566,-0.43015996226416137,-0.01699829693140576,-0.41715696300035077,-0.5749658316943841,-0.3323339066500832,-0.18436705990590632,0.6628807785268966,0.6592950552257412,0.3430304615871088,-0.3308598442940442,0.02087112779522525,-0.32440437197467054,-0.45371202242917086,-0.28185670672401536,-0.11507913315321254,0.6570651691472559,0.6481437063110876,0.27136015715979356
-1.467171883251502,0.3891403901787732,0.3049062666824111,0.014558217656908675,0.12211704065456787,1.0758974717237402,1.2239332094710782,0.6628807785268966,0.6891231914345872,0.3430304615871088,0.7086046046827863,0.41301356521158006,0.3088642522701338,0.40340129499693506,1.306032912864972,1.394151094190043,0.7337578954792309,0.7023569695454718,0.27136015715979356
-1.4634147209384378,-0.191172469828326,-0.7744247753958564,-0.29122692017280494,0.6967986493559724,0.8670337346456886,0.12817530252803927,0.6628807785268966,0.6891231914345872,0.3430304615871088,-0.12117922975085507,-0.9102153573818228,-0.19666151897640555,0.6801970820595439,0.5323163191006425,-0.11827541901339671,0.4245224611508932,-0.2766577695809265,0.27136015715979356
-1.459657558625374,-0.20029530251343478,0.06717081207792575,-0.29603402827304376,-0.44924698415051517,-0.004895629950344911,0.28379257717701384,0.6628807785268966,0.6891231914345872,0.3430304615871088,-0.10463669414164277,-0.029669896351358253,-0.18658337847137973,-0.2966283853082674,0.0897973305559677,0.3151309495123244,0.5297793246869241,0.6543269741361893,0.27136015715979356
-1.4559003963123098,-1.008945619319566,-0.5160165775834259,-0.722137369456244,-1.0051159695440635,-1.4526720469635785,-1.363165416511468,-1.9490107678058026,-1.902648739548443,-2.1563260491247043,-0.9004159979705071,-0.40986244519021037,-0.6713927102712615,-0.8762769324236053,-1.2816295518829846,-1.1982078924811068,-1.7249508594393423,-1.5165922866803856,0.27136015715979356
-1.452143233999246,1.8796193023024044,-0.44589838956484334,1.8940716253739096,1.7346092401179118,1.0758974717237402,1.2239332094710782,0.6628807785268966,0.6891231914345872,0.3430304615871088,-0.7172274714191581,-0.5922066445960967,-0.5597895223981268,-0.6374360347594046,-0.7165408799409527,-0.8498370422920652,0.7337578954792309,0.30723584544741583,0.27136015715979356
-1.4483860716861818,-0.5848840493752241,-0.3321379361301569,-0.4986859615172074,-0.5681554413449943,-0.31459605331127233,-0.49948976101381215,0.6628807785268966,0.6891231914345872,0.3430304615871088,-0.6723464407251083,-0.5640818120988497,-0.5324468378163837,-0.5423993394905342,-0.49168759710514887,-0.7644864850569041,0.7337578954792309,-0.031155799526442835,0.27136015715979356
-1.4446289093731177,1.5874061610587717,0.31918843723438123,1.01403462264783,1.7346092401179118,1.0758974717237402,1.2239332094710782,0.6628807785268966,0.6891231914345872,0.3430304615871088,0.9150119132459646,0.14537803120362258,0.43461292261334566,0.8488019657369774,1.306032912864972,1.3057372292312603,0.7337578954792309,0.7023569695454718,0.27136015715979356
-1.4408717470600538,-0.49459170144737885,0.13960544905383715,-0.45110807731221986,-0.694731009491576,-0.6442656829325983,-0.31559358104816154,0.1776385363588452,0.6891231914345872,0.3430304615871088,-0.10532219105076529,0.4480859409975471,-0.18700100091627211,-0.3235945022555573,0.025996501794217305,0.31382733544037733,0.7337578954792309,0.7023569695454718,0.27136015715979356
-1.4371145847469897,0.33875302426025494,0.33319598118061206,-0.011992473692725979,0.031903224339325936,1.0758974717237402,1.2239332094710782,0.6628807785268966,0.6891231914345872,0.3430304615871088,-0.12000562341048907,0.17059315412854242,-0.1959465276428406,-0.23812022405534936,0.22822546184973797,0.28590375359193804,0.7337578954792309,0.7023569695454718,0.27136015715979356
-1.4333574224339258,-0.9284802681372655,-0.40045057069084566,-0.6797376395907104,-0.950859662113573,-1.3113599672538747,-1.1992836364757449,-1.5772655053288964,-1.4503667960709161,0.3430304615871088,-0.6302373683088239,-0.30900231428333447,-0.5067929019039707,-0.6270952083845512,-0.6920748697220281,-0.6844073794791862,-0.08633889231702077,-0.021974479947264043,0.27136015715979356
-1.4296002601208617,1.8796193023024044,-0.23205536409270527,0.6778572018688594,1.7346092401179118,1.0758974717237402,1.2239332094710782,0.6628807785268966,0.6891231914345872,0.3430304615871088,2.0614570774101284,-0.03841548910943857,1.5547237330738495,2.3904779541272787,1.306032912864972,1.394151094190043,0.7337578954792309,0.7023569695454718,0.27136015715979356
-1.4258430978077976,0.5643128765535846,-0.20376510338451664,0.10686212229455316,1.6297473031054173,1.0758974717237402,1.1640693741620192,0.6628807785268966,0.6891231914345872,0.3430304615871088,1.4227076259183316,-0.13119958700915377,0.7439142804572598,2.303921195225772,1.306032912864972,1.3424659584989014,0.7337578954792309,0.7023569695454718,0.27136015715979356
-1.4220859354947337,-0.7410917814622483,-0.3719158663962964,-0.5809967393374914,-0.6505692645640521,-0.5292451753664896,-0.8176341649544264,0.1450835936193044,-0.39708823960658796,0.3430304615871088,-0.8086012535612657,-0.41332667621794766,-0.6154567935261924,-0.7460386999590841,-0.9734907425785247,-1.0236031769353973,-0.85798211486503,-0.9678418771158209,0.06377835206370089
-1.4183287731816696,-0.7471895551445401,-0.6155340578395995,-0.5842098484970432,-0.6364966038978295,-0.4925925345958194,-0.8300533489960794,0.08352252064978781,-0.5008879791758718,0.3430304615871088,-0.5683178578056255,-0.5473951860568116,-0.46906993478482517,-0.5218812076218984,-0.4431424609841098,-0.5666546308579827,0.22836756372318534,0.10775607560206177,0.27136015715979356
-1.4145716108686055,1.8796193023024044,0.6034072731495848,2.5658378602563814,1.7346092401179118,1.0758974717237402,1.2239332094710782,0.6628807785268966,0.6891231914345872,0.3430304615871088,2.4080884432351275,0.7470577041588433,3.0416328867618856,2.3904779541272787,1.306032912864972,1.394151094190043,0.7337578954792309,0.7023569695454718,0.27136015715979356
-1.4108144485555416,0.8117209745750892,-0.44335897948232805,0.23722924762892375,1.5185814216274212,1.0758974717237402,0.9361926290408806,0.6628807785268966,0.6891231914345872,0.3430304615871088,0.6363725390305421,-0.379436290585648,0.2648586098578444,0.5559305145920086,1.306032912864972,1.1120296865571195,0.7337578954792309,0.7023569695454718,0.27136015715979356
-1.4070572862424775,-0.38425037229244036,-0.5336044209534999,-0.39296575293990765,-0.2695739608341246,0.4019713735439497,-0.09086413952182432,0.6628807785268966,0.36908830712998303,0.3430304615871088,-0.6548427908986529,-0.7403631763872393,-0.5217831616745284,-0.4937534151667641,-0.37659315121941145,-0.7311996767275396,0.07430549344372378,-0.46642698199387406,0.27136015715979356
-1.4033001239294136,-0.8795758011824125,-0.35605005901043696,-0.6539683344471102,-0.9108414304533451,-1.2071313566088115,-1.0996811246057359,-1.3030745635392786,-1.1754831718267145,0.3430304615871088,-0.9297645065191174,-0.4696351376621225,-0.6892725806703969,-0.8782190710525334,-1.2862245795741445,-1.2540201481247102,-1.7378792711434097,-1.6919999098217702,-0.08976232795387018
-1.3995429616163495,-0.7010391656139465,-0.2810254887488714,-0.5598917535588489,-0.7900866570290499,-0.8926221506640082,-0.736059998137762,-0.4757050452678201,-0.17195935281173527,0.3430304615871088,-0.723407530419521,-0.33831913093498334,-0.5635545741656639,-0.7267139745355146,-0.927769161676573,-0.8615897019629866,-0.7293414490430496,-0.4586634138181653,0.27136015715979356
-1.3957857993032854,-0.7773642902973177,-0.27716765559273343,-0.600109867579085,-0.7573002152030803,-0.8072289401760913,-0.8915094818070857,-0.25106380078405177,-0.6009697929669136,0.3430304615871088,-0.7386181963473409,-0.47282503006902893,-0.5728213052168706,-0.6480084510827042,-0.7415548233559174,-0.8905159274257556,-0.20541519814331086,-0.5495732040849464,0.27136015715979356
-1.3920286369902215,0.16062708295172293,-0.3004944139186683,-0.10585264683003816,0.7029370481737851,1.0758974717237402,1.2239332094710782,0.6628807785268966,0.6891231914345872,0.3430304615871088,0.5700656343531184,-0.08817943064682097,0.2244627287439375,0.8549359196432083,1.306032912864972,1.2580483772944637,0.7337578954792309,0.7023569695454718,0.27136015715979356
-1.3882714746771574,1.8796193023024044,0.47523856827474037,1.2703088811313634,1.7346092401179118,1.0758974717237402,1.2239332094710782,0.6628807785268966,0.6891231914345872,0.3430304615871088,2.060129738396218,0.4283097133531155,1.6320590828380825,2.1013422585595163,1.306032912864972,1.394151094190043,0.7337578954792309,0.7023569695454718,0.27136015715979356
-1.3845143123640935,0.26454576075084557,0.3928240464431047,-0.05109461990384557,0.02138268915735347,0.9518997420496484,1.0904978046310574,0.6628807785268966,0.6891231914345872,0.3430304615871088,-0.5077077967733592,-0.08564532241652481,-0.43214471814747346,-0.5192895582766562,-0.43701071511912415,-0.4513920710824348,0.2526579322192423,0.31654862383948956,0.27136015715979356
-1.3807571500510294,1.8796193023024044,-0.2789433028206954,0.8932963023082359,1.7346092401179118,1.0758974717237402,1.2239332094710782,0.6628807785268966,0.6891231914345872,0.3430304615871088,1.0118660234968337,-0.09607200969853998,0.4778387868836445,0.7502358168403289,1.306032912864972,1.394151094190043,0.7337578954792309,0.7023569695454718,0.27136015715979356
-1.3769999877379653,-1.001194588778624,-0.6839196389440617,-0.7180531071459864,-0.8727340979093958,-1.1078797364930595,-1.3473790853329342,-1.0419764348656038,-1.8590815257663356,0.3430304615871088,-0.8874927152598052,-0.7695010761763882,-0.6635195122306873,-0.6148381137862253,-0.6630750402281079,-1.1736315990313213,-0.40450837066004014,-1.439353530247045,0.27136015715979356
-1.3732428254249014,0.4484489963602589,0.15969304917280452,0.04580979170520979,0.02282550854837476,1.0758974717237402,1.2239332094710782,0.6628807785268966,0.6891231914345872,0.3430304615871088,1.7508795997401738,0.8443007747036673,1.1054515849100597,1.1416905224019303,1.306032912864972,1.394151094190043,0.7337578954792309,0.7023569695454718,0.27136015715979356
-1.3694856631118373,-0.9294560754572976,-0.4551144214485266,-0.6802518232258067,-0.9099772112591481,-1.2048804733946623,-1.201271038981656,-1.2971532355610313,-1.4558516417178848,0.3430304615871088,-0.7187143742141022,-0.39788637390858317,-0.5606953820340859,-0.6522017761186735,-0.751476074275548,-0.8526646953147523,-0.2333292881400099,-0.43061376442423577,0.27136015715979356
-1.3657285007987732,1.8796193023024044,1.0177666589111727,3.358152624464763,1.7346092401179118,1.0758974717237402,1.2239332094710782,0.6628807785268966,0.6891231914345872,0.3430304615871088,1.7214169695662018,0.2580277109865531,1.3240701604721374,1.5180378081825197,1.306032912864972,1.394151094190043,0.7337578954792309,0.7023569695454718,0.27136015715979356
-1.3619713384857093,1.7511317424055712,0.28796056564520023,0.3561968004111865,1.6989140034771746,1.0758974717237402,1.2239332094710782,0.6628807785268966,0.6891231914345872,0.3430304615871088,-0.3621007865577298,0.014033314895930635,-0.34343716193387547,-0.48257088178288826,-0.35013569355348956,-0.17449024269153893,0.7063786159527329,0.7023569695454718,0.27136015715979356
-1.3582141761726452,-0.869973207261599,-0.6178209326689953,-0.648908425029348,-0.6623506241138079,-0.5599300578922122,-1.0801237603293055,-0.14018305943628231,-1.1215086377307775,0.21518145280505985,-0.7027712998381098,-0.7231274997354319,-0.5509824488151995,-0.2906132580352254,0.10402889774369531,-0.8223456437914282,0.08556466301943086,-0.7188274738189366,0.243142587851659
-1.3544570138595813,-0.09552157709805972,-0.53213424469098,-0.2408254498061098,0.5863958938414213,0.7078174511330547,0.3970282977987761,0.6628807785268966,0.4990382292084891,0.3430304615871088,-0.3324754109500101,-0.6357295429938213,-0.3253886169621796,-0.15452406365812033,0.41266986456626104,-0.11815146710376784,0.4160547574517606,-0.029110707682402294,0.27136015715979356
-1.3506998515465172,-0.962272653121597,-0.310814213676524,-0.6975439124000054,-1.0237283130117683,-1.5011484193570028,-1.2681077467482276,-2.0765360424768895,-1.640307998475262,-2.6947932595695305,-0.9703450552383996,-0.36257975695324535,-0.7139953004169503,-0.9467168982665751,-1.448287888621487,-1.3311924499310208,-2.193855017604822,-1.9345382175123655,-2.8019385399644823
-1.346942689233453,1.27323788944042,-0.30098373484963126,0.48041705742709295,1.7346092401179118,1.0758974717237402,1.2239332094710782,0.6628807785268966,0.6891231914345872,0.3430304615871088,2.446577313958991,-0.18901546967016333,2.6818574688348207,2.3904779541272787,1.306032912864972,1.394151094190043,0.7337578954792309,0.7023569695454718,0.27136015715979356
-1.3431855269203892,0.7041897181966743,-0.241222538086907,0.18056763917814025,1.7346092401179118,1.0758974717237402,1.2239332094710782,0.6628807785268966,0.6891231914345872,0.3430304615871088,0.33107339199065666,-0.12890242736255547,0.07886247404063347,0.4709041810564287,1.306032912864972,1.394151094190043,0.7337578954792309,0.7023569695454718,0.27136015715979356
-1.339428364607325,-0.009928293155636023,0.052824120371803236,-0.1957236505330237,-0.20589209878632345,0.6289290180389567,0.6715083317873708,0.6628807785268966,0.6891231914345872,0.3430304615871088,-0.02640996654535187,0.010562555221357666,-0.13892563297287766,-0.12422919928691366,0.4976873863439203,0.46389524230545365,0.7337578954792309,0.7023569695454718,0.27136015715979356
-1.3356712022942612,1.8268926319979766,0.7106877252035915,2.4263533270120945,1.7346092401179118,1.0758974717237402,1.2239332094710782,0.6628807785268966,0.6891231914345872,0.3430304615871088,2.446577313958991,0.8150855372387614,4.819940066615636,2.3904779541272787,1.306032912864972,1.394151094190043,0.7337578954792309,0.7023569695454718,0.27136015715979356
-1.331914039981197,-0.19040156868039187,-0.13389069189971028,-0.2908207080585823,-0.10294815028655145,0.89704942919425,0.3039428988736787,0.6628807785268966,0.6891231914345872,0.3430304615871088,-0.2902043210208275,0.062360822819519275,-0.2996359757909148,-0.325622086154133,0.021199313776153205,-0.037764251734580916,0.7337578954792309,0.7023569695454718,0.27136015715979356
-1.328156877668133,-0.3726666312565182,-0.3283813016365798,-0.38686191465996533,-0.29274465123667615,0.3788873739610976,-0.06727182217594693,0.6628807785268966,0.4718656175091183,0.3430304615871088,-1.031141532298927,-0.6987555181281936,-0.7510340865196865,-0.9309616584316096,-1.4110115777319394,-1.446809518318424,-2.0889756727173046,-2.2979013342068373,0.27136015715979356
-1.324399715355069,0.10735816024338894,-0.1692331009253631,-0.13392172128103327,0.282612097702032,1.0591118661702394,0.7118887548679091,0.6628807785268966,0.6891231914345872,0.3430304615871088,-0.20038932284582187,-0.21455129622485475,-0.2449183561678322,-0.2037606240087084,0.30951899636875047,0.13303753297862494,0.7117544512081379,0.6617906545761417,0.27136015715979356
-1.320642553042005,-0.6508571583291836,0.01656210143824486,-0.5334492721463999,-0.7885100355904097,-0.888515795754125,-0.63385555164301,0.6628807785268966,0.6891231914345872,0.3430304615871088,-0.5514116392966241,-0.18329058335498055,-0.45877022925192845,-0.5813640304944188,-0.5838766053836735,-0.5345039616739555,0.24107633225720201,0.4248423976422812,0.27136015715979356
-1.3168853907289408,0.3913055515007588,-0.24468677360561764,0.015699109404952647,0.7327120023361765,1.0758974717237402,1.1817876800140643,0.6628807785268966,0.6891231914345872,0.3430304615871088,-0.12350237341802393,-0.17110879223745346,-0.1980768381780137,-0.18612352280952835,0.3512477211852402,0.27925396063844055,0.7174496984994387,0.6786836864485728,0.27136015715979356
-1.313128228415877,1.8796193023024044,0.5546319529779864,3.358152624464763,1.7346092401179118,1.0758974717237402,1.2239332094710782,0.6628807785268966,0.6891231914345872,0.3430304615871088,2.446577313958991,0.7539350854168728,4.886051735642189,2.3904779541272787,1.306032912864972,1.394151094190043,0.7337578954792309,0.7023569695454718,0.27136015715979356
-1.3093710661028128,-0.28353588007376496,0.037794602511569256,-0.33989611239435796,-0.4175561395875727,0.07764406663117217,0.11425856258130623,0.6628807785268966,0.6891231914345872,0.3430304615871088,-0.4083332445428475,0.047792466842529885,-0.37160317097103596,-0.5336631233039477,-0.4710180348528,-0.26241081827457957,0.43216667162538097,0.5591315915422226,0.27136015715979356
-1.305613903789749,-0.8112340514702463,-0.4985922841724385,-0.6179569123411061,-0.7048223661289393,-0.670548905309004,-0.9604911822389767,0.08236540875822755,-0.7913459136614673,0.3430304615871088,-0.7996449949098775,-0.6677414160581864,-0.6100004091350495,-0.6065068050875215,-0.643363474017584,-1.0065709997590437,0.039990203961049776,-0.9143128863775878,0.27136015715979356
-1.3018567414766848,0.1991688984870368,0.6311822933734408,-0.08554374935785464,0.013473389577327707,1.0758974717237402,1.097371382943849,0.6628807785268966,0.6891231914345872,0.3430304615871088,-0.014636671573453332,0.3111778136514821,-0.13175303720299117,-0.11555964913750541,0.518199219234248,0.48628459635562093,0.7337578954792309,0.7023569695454718,0.27136015715979356
-1.2980995791636207,1.6207271189321821,-0.2503304157973358,0.7439787475405505,1.7346092401179118,1.0758974717237402,1.2239332094710782,0.6628807785268966,0.6891231914345872,0.3430304615871088,2.2034747135265293,-0.24428332678824666,2.305375694505127,2.3904779541272787,1.306032912864972,1.394151094190043,0.7337578954792309,0.7023569695454718,0.27136015715979356
-1.2943424168505568,-0.21637457853054826,0.4769793532366573,-0.30450670563717513,-0.47364629943202535,-0.06844433330322516,0.2510443155134283,0.6628807785268966,0.6891231914345872,0.3430304615871088,-0.45406272482389765,0.024310374815108463,-0.39946275298321343,-0.5210181237768706,-0.4411004367389696,-0.34937487778268117,0.37889120437757384,0.5577834208876024,0.27136015715979356
-1.2905852545374927,-0.7654425353072102,-0.3437746428276785,-0.5938279190922318,-0.7779276129335941,-0.8609535781093391,-0.8672287398452104,-0.3923955232454316,-0.5339596521129435,0.18927646689288172,-0.7973865142232228,-0.493884372482863,-0.6086244842934354,-0.7194660042871642,-0.9106207339074137,-1.0022760318821944,-0.6810932230957567,-0.9008145946841326,-0.18080625095904432
-1.2868280922244288,0.42714165941898585,-0.16028672064677352,0.03458228424777879,0.6519271689955755,1.0242111894418018,1.1217603710160646,0.6628807785268966,0.6891231914345872,0.3430304615871088,0.6400980099274027,-0.03436780855082922,0.2671282630738286,0.5069602537958573,1.2041549025361464,1.267676919434311,0.7337578954792309,0.7023569695454718,0.27136015715979356
-1.2830709299113647,1.8796193023024044,-0.3829456119678575,0.20877577500547367,1.7346092401179118,1.0758974717237402,1.2239332094710782,0.6628807785268966,0.6891231914345872,0.3430304615871088,0.6464142768784106,-0.33160017267703246,0.3141459291468727,0.703643795063712,1.306032912864972,1.2919912360545933,0.7337578954792309,0.7023569695454718,0.27136015715979356
-1.2793137675983006,1.6090476326638468,0.33992025334610365,0.6573657961038138,1.6396610785141914,1.0758974717237402,1.2239332094710782,0.6628807785268966,0.6891231914345872,0.3430304615871088,-0.26917489079720675,0.3963833349956618,-0.2868243030497555,-0.4626799883534746,-0.3030745802278668,0.0022275568350398627,0.5682202409416185,0.7023569695454718,0.27136015715979356
-1.2755566052852367,0.5953916406225841,-0.17697130849114015,0.12323850270821544,0.9487177184553229,1.0758974717237402,0.8858945943413422,0.6628807785268966,0.6891231914345872,0.3430304615871088,-0.1671281410857299,-0.18739650566821808,-0.22465478406135087,-0.17009913432347604,0.3891608277629795,0.1962905455236365,0.6427905668333533,0.38262076772652553,0.27136015715979356
-1.2717994429721726,-0.05418097071742884,0.5928805410157973,-0.2190417812175678,-0.3343346217637656,0.29439685201647786,0.5813800037105681,0.6628807785268966,0.6891231914345872,0.3430304615871088,-0.5519124367877454,0.41892884379160356,-0.4590753280348051,-0.7058853929625082,-0.8784895131128894,-0.5354563316233087,-0.5906899265530463,0.5663136034819011,0.27136015715979356
-1.2680422806591085,-0.6807564019759194,-0.785016905266586,-0.5492041260702109,-0.10664045322385152,0.44373376279970217,-0.6947505977535734,0.6628807785268966,-0.32649209146846564,0.3430304615871088,-0.6058142532194271,-0.8888650290554863,-0.4919137085773887,-0.18101048414127385,0.08784174429479248,-0.6379617776277315,0.2897484161832923,-0.8619713753265952,0.27136015715979356
-1.2642851183460446,1.141987746448286,-0.15569838818963977,0.41125721998263665,1.6873393189833756,1.0758974717237402,1.1987069234050869,0.6628807785268966,0.6891231914345872,0.3430304615871088,0.703272770469426,-0.11400821922775366,0.30561596097905497,1.5717046539052257,1.2815785271303435,1.3252083357266922,0.7337578954792309,0.7023569695454718,0.27136015715979356
-1.2605279560329805,-0.4288705423748806,-0.22221708382330368,-0.4164775270172179,-0.6428178493973813,-0.509056396406571,-0.1817409304779701,0.6628807785268966,0.6891231914345872,0.3430304615871088,-0.4068232077787275,-0.2125960781555861,-0.37068321752277983,-0.5609166637504869,-0.5354988969131428,-0.25953917122748277,0.495292161074767,0.7023569695454718,0.27136015715979356
-1.2567707937199166,0.9509288802772219,0.33617995769581105,0.31058228107986435,0.5414064077714849,1.0686127605280848,1.2144842216445753,0.6628807785268966,0.6891231914345872,0.3430304615871088,1.0574994899184305,0.10526782443610008,0.5214200392397647,0.6406556265553572,1.27403054096193,1.3664897827552187,0.7337578954792309,0.7023569695454718,0.27136015715979356
-1.2530136314068525,-0.6776340367546677,-0.4805504992119493,-0.547558853415865,-0.10575144751988948,0.7930602097849287,-0.688391354142978,0.49637632000727566,-0.04040313622561635,0.3430304615871088,-0.24257496390861955,-0.48301008129800793,-0.2706189396798671,0.93683842895529,1.0687857872059603,0.05281281629203183,0.7015236813178878,0.36568770189791666,0.27136015715979356
-1.2492564690937884,0.16149897553964776,0.16382234116796487,-0.10539321914276005,-0.05599502727695949,1.0193401595365457,1.0206499875144013,0.6628807785268966,0.6891231914345872,0.3430304615871088,-0.24717468814630417,-0.03210434835678122,-0.27342121064042996,-0.35657850764135585,-0.052042426969969725,0.044065489843792424,0.7337578954792309,0.7023569695454718,0.27136015715979356
-1.2454993067807245,1.8796193023024044,1.819101574897864,3.358152624464763,1.7346092401179118,1.0758974717237402,1.2239332094710782,0.6628807785268966,0.6891231914345872,0.3430304615871088,0.6186730405798531,0.8806822660659751,0.25407561766920356,0.0250998880087617,0.8509944474355647,1.394151094190043,0.7337578954792309,0.7023569695454718,0.27136015715979356
-1.2417421444676604,-0.09726048301490982,-0.7408961815612738,-0.24174173414530462,0.45177768895211556,0.39906084268897096,-0.06903111478061191,0.6196925684213671,-0.05904554000291738,0.3430304615871088,-0.7504720644788195,-0.9502063538436542,-0.5800429882393057,-0.6256349496369039,-0.6886199518898236,-0.9130585079941647,-0.4096103276829832,-1.0766280864515345,0.27136015715979356
-1.2379849821545963,-0.4853489965466394,0.03190757105624929,-0.44623780476310143,-0.5531928146820138,-0.27562547105455926,-0.2967691937905092,0.5529022916695379,0.5663471054090193,0.3430304615871088,-0.6487853121007174,-0.13745464387502518,-0.5180927889363961,-0.6674352911018762,-0.7875180035893895,-0.7196801286501221,-0.3347356195261408,-0.012667804632119898,0.27136015715979356
-1.2342278198415324,1.5180125138340204,0.9862070100543107,0.6315387650560669,1.1000582321565033,1.0758974717237402,1.2239332094710782,0.6628807785268966,0.6891231914345872,0.3430304615871088,0.696539262525774,0.661269474498316,0.30151373380234137,0.3029869568348275,1.2940167223248702,1.3829932755163143,0.7337578954792309,0.7023569695454718,0.27136015715979356
-1.2304706575284683,1.870265473801984,0.716276139076083,1.7693761690777774,1.7346092401179118,1.0758974717237402,1.2239332094710782,0.6628807785268966,0.6891231914345872,0.3430304615871088,1.8327819374434757,0.5174580002541781,0.9937421561034909,2.1062579531970083,1.306032912864972,1.379413252189938,0.7337578954792309,0.7023569695454718,0.27136015715979356
-1.2267134952154044,1.2990602528591058,1.2136561597801194,0.4940236746524563,0.5665938340132329,1.0758974717237402,1.2239332094710782,0.6628807785268966,0.6891231914345872,0.3430304615871088,0.6201811788714559,0.5634805683455297,0.2549944145189015,0.3729242615579515,1.1373020614058407,1.2093080629498372,0.7337578954792309,0.7023569695454718,0.27136015715979356
-1.2229563329023403,-0.744993756290499,-0.032666021785736195,-0.5830528128676392,-0.8576375465652054,-1.068560343634908,-0.8255812200671242,-0.9385401394794383,-0.419020571135518,0.3430304615871088,-0.5783217912371407,0.22011129950056624,-0.47516458974628023,-0.6845437768824268,-0.8279960440054955,-0.585679178193895,-0.4486232403733593,0.4084724619126651,0.27136015715979356
-1.2191991705892762,-0.6615619859982323,0.011737743168501466,-0.539089983269333,-0.7976954799267655,-0.9124395440462642,-0.6556578079881645,-0.5278380413968766,0.1773158119113607,0.3430304615871088,-0.704187367766184,-0.0781022077439363,-0.5518451540183761,-0.7741979844891683,-1.0401145614201213,-0.8250385896724591,-1.0454325976855037,-0.35375409634127486,0.27136015715979356
-1.2154420082762123,-1.0987865181393321,-0.5654837932800013,-0.7694773708961761,-1.067019711083916,-1.6139020840429616,-1.54614214130368,-2.373153576944019,-2.4076290288895383,-3.9472415821901525,-1.092730169287195,-0.6310153215483577,-0.7885554769367071,-0.9696309073204087,-1.5025015809653444,-1.5639330425560227,-2.3463887957945557,-2.665998963724763,-3.7092203152448393
-1.2116848459631482,-0.573849168145293,-0.0747663385417147,-0.4928713347695127,-0.6627826364763897,-0.5610552462492469,-0.47701529278777366,0.6628807785268966,0.6891231914345872,0.3430304615871088,-0.5133313700304528,0.08267801783801768,-0.43557074440875165,-0.5861114374009976,-0.5951087933809721,-0.4620864580812057,0.21766414578997353,0.6965188338179396,0.27136015715979356
-1.2079276836500843,1.8796193023024044,3.217843169258751,3.358152624464763,1.7346092401179118,1.0758974717237402,1.2239332094710782,0.6628807785268966,0.6891231914345872,0.3430304615871088,2.446577313958991,2.2487895892233127,4.656400830664402,2.3904779541272787,1.306032912864972,1.394151094190043,0.7337578954792309,0.7023569695454718,0.27136015715979356
-1.2041705213370202,1.724255251221821,0.6407608386559618,1.9143117247558172,1.6472186342133794,1.0758974717237402,1.2239332094710782,0.6628807785268966,0.6891231914345872,0.3430304615871088,2.2903495518920662,0.5632172549974569,3.512090355589055,2.3448833909591316,1.306032912864972,1.394151094190043,0.7337578954792309,0.7023569695454718,0.27136015715979356
-1.200413359023956,-0.9400919290451055,-0.5157013497715497,-0.6858561897312202,-0.8201346724793508,-0.9708830525853389,-1.222932817530545,-0.681583548975296,-1.5156339512530512,0.3430304615871088,-0.8751364250924156,-0.6640067460814065,-0.655991740710675,-0.6199810309229654,-0.6752429907053059,-1.1501335591058237,-0.01884250892805173,-1.3655035257223702,0.27136015715979356
-1.1966561967108922,1.8796193023024044,0.03201423451180751,0.8084897068209846,1.7346092401179118,1.0758974717237402,1.2239332094710782,0.6628807785268966,0.6891231914345872,0.3430304615871088,-0.18028021321755935,-0.26395026118542825,-0.232667366534073,-0.2618661774674769,1.306032912864972,1.3093396996576496,0.7337578954792309,0.7023569695454718,0.27136015715979356
-1.192899034397828,1.6471655037255426,-0.05584913491169434,0.5620820375708132,1.3982278138109958,1.0758974717237402,1.2239332094710782,0.6628807785268966,0.6891231914345872,0.3430304615871088,0.7086624194216639,0.22658094037104617,0.30889947450422367,0.7055884146225033,1.306032912864972,1.3334639076560948,0.7337578954792309,0.7023569695454718,0.27136015715979356
-1.189141872084764,-0.23153124207589956,0.29370679820411066,-0.3124932294085036,-0.5474303163709545,-0.26061688202179556,0.2201751157309308,0.6628807785268966,0.6891231914345872,0.3430304615871088,0.1250227457266807,0.24300618658308218,-0.046668908406147167,-0.1231141705720858,0.5003255027712199,0.7518758473891008,0.7337578954792309,0.7023569695454718,0.27136015715979356
-1.1853847097717,-0.6446936035961539,-0.31775766057292465,-0.5302015008777476,-0.7409283716901582,-0.7645880129722495,-0.6213023929709279,0.6628807785268966,0.6891231914345872,0.3430304615871088,-0.3252338208469319,-0.1427729249241917,-0.3209768529942666,-0.4302350857172299,-0.22631114849859063,-0.10438008661164554,0.28823886964252043,0.31113987426884454,0.27136015715979356
-1.181627547458636,-0.4969027423479573,-0.38362518614700797,-0.45232583760845874,-0.40065133649652296,0.12167310205603511,-0.32030042058787644,0.6628807785268966,0.6891231914345872,0.3430304615871088,-0.26770672529357875,-0.3479248066783909,-0.28592985865624104,-0.19255618512048325,0.33602828164243187,0.0050195770250986045,0.7337578954792309,0.7023569695454718,0.27136015715979356
-1.177870385145572,-0.7364566766412725,-0.5695440136426473,-0.5785543565053759,-0.34114570494523505,0.2766571941770271,-0.8081939622143336,0.13208222790027685,-0.3710351100812663,0.10434615628050302,-0.3259510757210958,-0.4277449993815815,-0.3214138232127713,0.13456468485051015,0.7331624462229919,-0.1057440950188241,0.4690931574200632,-0.03821261005856896,0.2360317485905238
-1.174113222832508,1.4120886008970697,0.0874919597373512,0.5535818739710651,1.6951957487630585,1.0758974717237402,1.2115598379284127,0.6628807785268966,0.6891231914345872,0.3430304615871088,2.1259614805278018,0.04091195484816935,1.172354715761959,2.3148603280851976,1.306032912864972,1.3490877900676241,0.7337578954792309,0.7023569695454718,0.27136015715979356
-1.1703560605194439,-0.867491194663763,-0.5887325535727086,-0.6476005743566685,-0.8417182180249639,-1.0270980044131448,-1.0750687069848803,-0.8294664622073734,-1.1075576704511794,0.3430304615871088,-0.7520780757098748,-0.6016728590928924,-0.5810214118148426,-0.6684392025683975,-0.7898932207440387,-0.9161126703290441,-0.45663796820494185,-0.8127963272333577,0.27136015715979356
-1.16659889820638,1.8796193023024044,1.3661167121832496,2.657486701899216,1.7346092401179118,1.0758974717237402,1.2239332094710782,0.6628807785268966,0.6891231914345872,0.3430304615871088,2.446577313958991,1.0423246776750845,1.8685324586075147,2.3904779541272787,1.306032912864972,1.394151094190043,0.7337578954792309,0.7023569695454718,0.27136015715979356
-1.1628417358933159,1.8796193023024044,2.5931141158808106,1.7704168240212688,1.7346092401179118,1.0758974717237402,1.2239332094710782,0.6628807785268966,0.6891231914345872,0.3430304615871088,1.4813042682058157,1.5128258952337243,0.7796128703256139,0.8443400875576157,1.306032912864972,1.394151094190043,0.7337578954792309,0.7023569695454718,0.27136015715979356
-1.159084573580252,0.30621242841658225,0.3141755878720237,-0.029139139346483333,0.21858745010522257,1.0758974717237402,1.2239332094710782,0.6628807785268966,0.6891231914345872,0.3430304615871088,0.5294371066349762,0.7095596671955665,0.19971077895047887,0.29579172775979584,1.306032912864972,1.394151094190043,0.7337578954792309,0.7023569695454718,0.27136015715979356
-1.1553274112671879,-0.7921074017487294,-0.3598225734982699,-0.607878477716647,-0.7805626064946021,-0.8678164929990947,-0.9215364103225467,-0.4104495785129635,-0.6838382947776278,0.3430304615871088,-0.9004382723378638,-0.4480561051110353,-0.6714062803919016,-0.8481270443491744,-1.2150279647056452,-1.1982502517949802,-1.537562926863987,-1.5167254141893718,-1.1256617127633863
-1.1515702489541237,1.324961672579723,0.12296489765618111,0.5076719491352192,0.8394227594040625,1.0758974717237402,1.2239332094710782,0.6628807785268966,0.6891231914345872,0.3430304615871088,0.16752045108795732,-0.034806245418238055,-0.02077820725307535,-0.07956964361412147,0.6033502324120229,0.832694018846154,0.7337578954792309,0.7023569695454718,0.27136015715979356
-1.1478130866410599,-0.5011262870787673,0.02189701685026989,-0.45455135645638395,-0.6758000780615011,-0.5949595392247409,-0.3289024091254988,0.2565772206696675,0.6593496565541641,0.3430304615871088,1.3340550829743192,0.7119765888442062,0.6899048586235311,1.6391828573359872,1.306032912864972,1.394151094190043,0.7337578954792309,0.7023569695454718,0.27136015715979356
-1.1440559243279957,0.5129047223216705,-0.03609778467730777,0.07977354540658775,1.1483926046749895,1.0758974717237402,1.2239332094710782,0.6628807785268966,0.6891231914345872,0.3430304615871088,2.0228710074996017,0.4607403400142359,1.1533413638723158,2.085609895457642,1.306032912864972,1.394151094190043,0.7337578954792309,0.7023569695454718,0.27136015715979356
-1.1402987620149316,1.8781105627533017,-0.280187237306077,3.012836424869867,1.7346092401179118,1.0758974717237402,1.2239332094710782,0.6628807785268966,0.6891231914345872,0.3430304615871088,1.9832883492486226,-0.47102489868067854,1.9446769005140425,2.3891468751771217,1.306032912864972,1.3885546820117611,0.7337578954792309,0.7023569695454718,0.27136015715979356
-1.1365415997018677,1.8796193023024044,0.830953746225616,1.6458675971810035,1.7346092401179118,1.0758974717237402,1.2239332094710782,0.6628807785268966,0.6891231914345872,0.3430304615871088,0.9179478827471178,0.8179045641469066,0.4364015911615103,0.5347461813211486,1.306032912864972,1.394151094190043,0.7337578954792309,0.7023569695454718,0.27136015715979356
-1.1327844373888036,-0.7073737377964446,-0.2476639864262373,-0.5632296393122221,-0.7661097226929783,-0.8301735503711416,-0.7489614637969387,-0.31142346824427675,-0.20756489700810957,0.3430304615871088,-0.4446491758746125,-0.023353021588985345,-0.39372777551645494,-0.5192632255696185,-0.43694841291462505,-0.3314730685782711,0.33091136980199143,0.46118482262719684,0.27136015715979356
-1.1290272750757397,1.6797064841882128,0.6332305734799079,0.6945981721914354,1.15400520224278,1.0758974717237402,1.2239332094710782,0.6628807785268966,0.6891231914345872,0.3430304615871088,0.5516104666833526,0.3884764046657009,0.21321936332442634,0.23437560363254448,1.306032912864972,1.394151094190043,0.7337578954792309,0.7023569695454718,0.27136015715979356
-1.1252701127626756,-0.6248298299349696,-0.29331800051914925,-0.5197346524147834,-0.7220429605694505,-0.7154004281912707,-0.5808463390546689,0.6628807785268966,0.6891231914345872,0.3430304615871088,-0.9079100323873319,-0.5741271119314396,-0.6759582698436526,-0.8721803022118241,-1.2719370773174765,-1.2124593480186532,-1.6976804467157893,-1.5590167907757966,0.27136015715979356
-1.1215129504496115,-0.4583704941961302,-0.24321495459959108,-0.4320219814922029,0.030762638339196294,1.0758974717237402,-0.2418227488556904,0.6628807785268966,0.6891231914345872,0.3430304615871088,-0.4606808155030999,-0.13137096765582681,-0.40349466497757364,-0.48643751287804415,-0.35928399877181544,-0.36196054523656285,0.7337578954792309,0.7023569695454718,0.27136015715979356
-1.1177557881365476,1.7308662272995503,1.0696026599326853,0.9378801364445298,1.6030256377579588,1.0758974717237402,1.2239332094710782,0.6628807785268966,0.6891231914345872,0.3430304615871088,0.573638517899797,0.6313954981315827,0.22663942180007737,0.16610129269212012,1.306032912864972,1.394151094190043,0.7337578954792309,0.7023569695454718,0.27136015715979356
-1.1139986258234835,1.8796193023024044,0.3816293978892867,3.0407944117204875,1.7346092401179118,1.0758974717237402,1.2239332094710782,0.6628807785268966,0.6891231914345872,0.3430304615871088,1.544913151735223,0.29756649664757623,1.2218901695560254,1.5575542424068958,1.306032912864972,1.394151094190043,0.7337578954792309,0.7023569695454718,0.27136015715979356
-1.1102414635104196,1.8796193023024044,2.1820227342458574,1.1176742569098053,1.341750267474597,1.0758974717237402,1.2239332094710782,0.6628807785268966,0.6891231914345872,0.3430304615871088,1.9430784061644426,1.8483981263649365,1.0609376172611464,0.9346266811491809,1.306032912864972,1.394151094190043,0.7337578954792309,0.7023569695454718,0.27136015715979356
-1.1064843011973555,1.8796193023024044,0.9489795206397666,1.3099707120550135,1.7346092401179118,1.0758974717237402,1.2239332094710782,0.6628807785268966,0.6891231914345872,0.3430304615871088,0.6921994062193291,0.3584356169770388,0.2988697811060212,0.4059688049863003,1.2768853793506336,1.2168903514215934,0.7337578954792309,0.7023569695454718,0.27136015715979356
-1.1027271388842914,-0.9636679715076627,-0.36945372342409855,-0.6982791496390938,-0.9842619410090948,-1.398357142721756,-1.2709495570114633,-1.806126250252432,-1.6481508439006118,-1.553005430673531,-0.4332884858226285,-0.05915729765125043,-0.3868065493342843,-0.5261383150087323,-0.45321461857130163,-0.30986836807299994,0.4955411193461156,0.5551786276045116,0.27136015715979356
-1.0989699765712275,0.8400403430267981,-0.3564699721434761,0.25215161551363735,1.720802032915534,1.0758974717237402,1.2239332094710782,0.6628807785268966,0.6891231914345872,0.3430304615871088,1.7070756912892833,-0.2836628653767072,1.1100113947990757,1.9110418836830847,1.306032912864972,1.1852165609922742,0.7337578954792309,0.7023569695454718,0.27136015715979356
-1.0952128142581634,0.32268721811208273,0.5652217323073969,-0.02045805335832691,-0.03229938694804799,1.0758974717237402,1.2239332094710782,0.6628807785268966,0.6891231914345872,0.3430304615871088,0.3274203761248516,0.4643435402045336,0.07663696230335273,0.008556096222375643,0.9706075524329161,1.192486446717484,0.7337578954792309,0.7023569695454718,0.27136015715979356
-1.0914556519450993,1.8796193023024044,0.529376005155483,3.247571783175008,1.7346092401179118,1.0758974717237402,1.2239332094710782,0.6628807785268966,0.6891231914345872,0.3430304615871088,1.6021406128151952,0.03632666251464657,1.909792987997236,1.542250393733358,1.306032912864972,1.394151094190043,0.7337578954792309,0.7023569695454718,0.27136015715979356
-1.0876984896320354,-0.22379290991041773,0.10130826151911922,-0.30841565827253653,-0.37783481585619844,0.18109937221926986,0.23593558444390492,0.6628807785268966,0.6891231914345872,0.3430304615871088,-0.39157653342819815,-0.13406408996913705,-0.36139454920923436,-0.4243922749629133,-0.21248727577891163,-0.23054446830562833,0.5904004779082824,0.5344576455918137,0.27136015715979356
-1.0839413273189713,-0.7338636213755578,-0.3392966223512729,-0.5771879939508439,-0.7662235352084213,-0.8304699782707927,-0.8029127510292384,-0.31220327183634405,-0.3564599910034199,0.3430304615871088,-0.6898376352870073,-0.24934399693059595,-0.5431029258889639,-0.6906007338660614,-0.8423265787311883,-0.7977496071260836,-0.4889431394742113,-0.2580257730826375,0.27136015715979356
-1.0801841650059074,-0.8709241091655942,-0.18506166089215698,-0.6494094852156971,-0.9212210867716482,-1.2341654636182235,-1.0820604385936343,-1.374192342194068,-1.126853494304154,0.27080751282802745,-0.8474683380674278,0.04820406392972815,-0.6391356265616559,-0.8758722399538238,-1.2806720645659861,-1.0975169723497886,-1.7222569060907278,-1.2001393003517955,0.003160611917455146
-1.0764270026928433,-0.9178340329006762,-0.45929091009720874,-0.6741278026673174,-0.9144507337878929,-1.2165318887250371,-1.1776007138809224,-1.3278042489713264,-1.3905261330678536,0.3430304615871088,-0.7770237217427979,-0.35993256384438055,-0.5962189445055629,-0.7157996139722548,-0.9019461909202798,-0.9635519727821277,-0.6566868276135163,-0.7791120208175002,0.27136015715979356
-1.0726698403797792,1.8796193023024044,-0.3221451234864631,2.1922547441613203,1.7346092401179118,1.0758974717237402,1.2239332094710782,0.6628807785268966,0.6891231914345872,0.3430304615871088,1.3360388057415706,-0.4641829813404596,0.691113393835039,1.3577647937234454,1.306032912864972,1.3870227989351787,0.7337578954792309,0.7023569695454718,0.27136015715979356
-1.0689126780667153,-0.7493944150574711,-0.545242580904598,-0.5853716586839867,-0.6296219745840839,-0.4746873690663935,-0.8345439323583753,0.6623007151353194,-0.34834367096388535,0.3430304615871088,-0.34192892249584755,-0.44628343581284075,-0.3311479406762386,-0.1059898841796296,0.4269510898151832,-0.13612927344619424,0.6234016171915602,0.17797423824162095,0.27136015715979356
-1.0651555157536512,-0.8974689003943216,-0.3231181973173794,-0.6633967724256293,-0.8957672204322737,-1.167870152355513,-1.1361235548706543,-1.1997913430935474,-1.276057214784201,0.3430304615871088,-0.5890780455370488,0.004895186176786509,-0.4817175780367737,-0.629588917499013,-0.6979748926472568,-0.6061344191735064,-0.08280020556770797,0.34418541313381296,0.27136015715979356
-1.0613983534405873,-1.0264790946500746,-0.41148861941536014,-0.7313763102760413,-1.0176954780550291,-1.4854357309221267,-1.3988754097589498,-2.0352011651016446,-2.001201398324898,-2.5202594177743833,-0.9236884487253173,-0.39294711157115025,-0.6855708891275083,-0.9009684302126653,-1.3400487163993422,-1.2424652682461905,-1.8893170093383127,-1.655685054028846,-0.9905247792911126
-1.0576411911275232,1.8796193023024044,1.8139288060267569,2.0601687170133967,1.7346092401179118,1.0758974717237402,1.2239332094710782,0.6628807785268966,0.6891231914345872,0.3430304615871088,1.1106945830390471,0.9051574421107746,0.5538278656644413,0.5300599278463377,1.306032912864972,1.394151094190043,0.7337578954792309,0.7023569695454718,0.27136015715979356
-1.053884028814459,0.7801795459995229,-0.2426192203076825,0.22060907470322458,1.598387588366332,1.0758974717237402,1.2239332094710782,0.6628807785268966,0.6891231914345872,0.3430304615871088,-0.4611327141807952,-0.33793237182788943,-0.4037699733387266,-0.5485932169052116,-0.5063420804732006,-0.36281992398430274,0.22615946671408618,0.4741852615790154,0.27136015715979356
-1.0501268665013952,-0.538917483836191,-0.08959925191225691,-0.47446472923443717,-0.7250066585960131,-0.7231194631127265,-0.4058707999084485,0.6628807785268966,0.6891231914345872,0.3430304615871088,-0.9719829474391054,-0.5536659085300202,-0.7149931467036831,-0.9294684571353888,-1.4074787190562439,-1.3343072405198224,-2.0790357431844484,-1.944327429710722,-3.402234364220717
-1.046369704188331,1.488168280764339,-0.2268939224923315,0.8893774029214511,1.7346092401179118,1.0758974717237402,1.2239332094710782,0.6628807785268966,0.6891231914345872,0.3430304615871088,1.8875536347918922,-0.13172861399063732,1.1820125080946957,2.2812837871432543,1.306032912864972,1.394151094190043,0.7337578954792309,0.7023569695454718,0.27136015715979356
-1.042612541875267,-0.9544281159281054,-0.4937347411092368,-0.6934103784871216,-0.9607256491261924,-1.3370562080997581,-1.2521309728954295,-1.644863801366619,-1.5962151998305933,0.3430304615871088,-0.7052734303443778,-0.2535566295964443,-0.5525068114280293,-0.7193735474566615,-0.9104019844885708,-0.8271039621651947,-0.6804777572624845,-0.7252146829809638,0.27136015715979356
-1.038855379562203,-0.540788700403959,0.04473953377684632,-0.47545073222612716,-0.6815001224272602,-0.6098054651992428,-0.40968186016547026,0.26829195192398747,0.6752982414273526,0.3430304615871088,-0.6359155464758891,-0.11757021296309889,-0.5102521948885571,-0.6961291792317338,-0.8554066746450052,-0.6952056090016531,-0.5257448469868482,0.06425109551910445,0.27136015715979356
-1.035098217249139,0.3533670508299635,0.8545707203111806,-0.004291882448182913,-0.2067115143222821,0.626794827213662,1.139399558878184,0.6628807785268966,0.6891231914345872,0.3430304615871088,-0.09620728749450416,0.4131358274047429,-0.18144796594631538,-0.31003890472834594,0.05806854087523742,0.33116120869686816,0.7337578954792309,0.7023569695454718,0.27136015715979356
-1.031341054936075,-0.44583168160406866,-0.3948314611052267,-0.42541488590476906,-0.4806838717464885,-0.08677388846393971,-0.21628526101865087,0.6628807785268966,0.6891231914345872,0.3430304615871088,-0.045955356343734106,-0.2966738417374109,-0.15083318990773445,-0.15920631177161268,0.5520342118186141,0.49074307986047305,0.7337578954792309,0.7023569695454718,0.27136015715979356
-1.027583892623011,-0.6034904442848797,-0.4975944685874041,-0.5084902574824809,-0.46429183682217656,-0.04408037216086533,-0.5373849428907167,0.2073045020701449,-0.209618979624451,0.3430304615871088,-0.24196736267185798,-0.3987751277182631,-0.27024877329306357,-0.2387959787198351,0.22662665147158859,0.053968295641155836,0.4780322710331679,0.19901561237220242,0.27136015715979356
-1.0238267303099469,1.8796193023024044,1.4982887536363616,3.358152624464763,1.7346092401179118,1.0758974717237402,1.2239332094710782,0.6628807785268966,0.6891231914345872,0.3430304615871088,0.9572078731556025,1.197424603303095,0.46031979263373474,0.4452459499419321,1.306032912864972,1.394151094190043,0.7337578954792309,0.7023569695454718,0.27136015715979356
-1.020069567996883,-0.955789864221934,-0.46122823653136186,-0.694127926586457,-0.9494391030961877,-1.3076600813124248,-1.2549044117865074,-1.5675323312558451,-1.6038693535229642,0.3430304615871088,-0.887776552838357,-0.2848281505641156,-0.6636924334239563,-0.8695820554520621,-1.265789722215356,-1.174171374859079,-1.6803844600552056,-1.4410499460948667,0.27136015715979356
-1.0163124056838189,-1.0818314050273674,-0.6260671713726245,-0.7605431873597351,-1.0125953585004277,-1.4721523260027602,-1.5116100840061168,-2.0002569277902857,-2.3123272449852235,-2.3727096396249205,-1.0193633648635012,-0.6908721861621404,-0.7438585223190058,-0.8754400876051803,-1.2796496081979212,-1.4244108982716674,-1.7193801580569255,-2.22750660353806,-0.23836306089644757
-1.012555243370755,1.6953138337510578,-0.1919503632487633,1.0130962292371863,1.7346092401179118,1.0758974717237402,1.2239332094710782,0.6628807785268966,0.6891231914345872,0.3430304615871088,1.460859516675264,-0.21483311478207606,0.7671573989648408,2.045963622951039,1.306032912864972,1.3275042456630552,0.7337578954792309,0.7023569695454718,0.27136015715979356
-1.0087980810576909,-0.746013548360438,-0.31111527626598845,-0.5835901734538915,-0.7658015278424002,-0.829370848208878,-0.8276582052195162,-0.3093118248050531,-0.42475264752065556,0.3430304615871088,-0.7358321157234149,-0.2576737150964623,-0.5711239528490385,-0.7276083144819984,-0.92988513669411,-0.8852176192078538,-0.7352948834989266,-0.5329215987976267,0.27136015715979356
-1.0050409187446268,-0.18750982634538704,-0.055876995502601716,-0.2892969578724047,-0.2010273821513753,0.6415993094288324,0.3098324385861427,0.6628807785268966,0.6891231914345872,0.3430304615871088,-0.39006785076564177,-0.10417450194531448,-0.3604754207146744,-0.4729390128908615,-0.3273470503447904,-0.22767539636256154,0.7337578954792309,0.7023569695454718,0.27136015715979356
-1.0012837564315629,0.05167543858777821,0.10948631964663466,-0.16326270248208155,0.4154800389540222,1.0758974717237402,0.7969751204934968,0.6628807785268966,0.6891231914345872,0.3430304615871088,0.5434629819534739,0.03741855118358928,0.20825570492222895,1.1379329026734708,1.2867532241140762,1.0867426362420634,0.7337578954792309,0.7023569695454718,0.27136015715979356
-0.9975265941184988,1.6468976115146232,-0.25288958931053435,0.8592301801291578,1.7346092401179118,1.0758974717237402,1.2239332094710782,0.6628807785268966,0.6891231914345872,0.3430304615871088,2.010482264592573,-0.11484461791895104,1.3391317662385382,2.3904779541272787,1.306032912864972,1.394151094190043,0.7337578954792309,0.7023569695454718,0.27136015715979356
-0.9937694318054348,0.21876754953357486,-0.4589736427597868,-0.07521660235741033,1.1389529391146367,1.0758974717237402,1.0397709809583435,0.6628807785268966,0.6891231914345872,0.3430304615871088,-0.25880329112202605,-0.464720029630294,-0.2805056563043225,-0.014359222371419683,0.7183116264447393,0.021951297533678193,0.7337578954792309,0.7023569695454718,0.27136015715979356
-0.9900122694923708,0.8113579259010449,-0.0666506252080755,0.23703794583900545,1.1330007308419874,1.0394179035578375,0.9541641579014922,0.6628807785268966,0.6891231914345872,0.3430304615871088,-0.33858991221508034,-0.3932328930314157,-0.32911372926196336,-0.3257889146056748,0.020804603870749887,-0.12977945518957226,0.5884227568516947,0.4001209239161067,0.27136015715979356
-0.9862551071793066,-0.9550454835372407,-0.2840194562529199,-0.6937356889402593,-0.9651244804590995,-1.3485130881084402,-1.2533883501545184,-1.675003056798591,-1.5996853173158996,-0.9993462412633245,-0.945322724528408,-0.37245622345083884,-0.6987510494377931,-0.8734565084534706,-1.2749565337726696,-1.283607315712984,-1.7061758854375926,-1.784986919257207,0.09881166796320809
-0.9824979448662426,1.8796193023024044,0.9113775265751468,1.94412958600298,1.7346092401179118,1.0758974717237402,1.2239332094710782,0.6628807785268966,0.6891231914345872,0.3430304615871088,1.6631167292667384,0.8167684845297867,0.9786729655259029,1.167992657244883,1.306032912864972,1.394151094190043,0.7337578954792309,0.7023569695454718,0.27136015715979356
-0.9787407825531786,1.8796193023024044,0.028255583288438788,2.908706993443845,1.7346092401179118,1.0758974717237402,1.2239332094710782,0.6628807785268966,0.6891231914345872,0.3430304615871088,2.446577313958991,0.2330200091474423,3.6648498944416,2.3904779541272787,1.306032912864972,1.394151094190043,0.7337578954792309,0.7023569695454718,0.27136015715979356
-0.9749836202401146,-0.8229109065659362,-0.9010737231139653,-0.6241098153541625,-0.408413587024629,-0.007971893741941707,-0.9842731426751579,0.6628807785268966,-0.6537131187500949,0.3430304615871088,-0.3910768909648306,-1.0418429970251122,-0.3610901540991381,0.21847451746097674,0.12209194290620416,-0.3979912433120554,0.43669902492424256,-0.6708713609921755,0.27136015715979356
-0.9712264579270506,0.5706179060564248,0.19971181886610992,0.1101844410788066,0.45049672249400946,1.0758974717237402,1.113306652705253,0.6628807785268966,0.6891231914345872,0.3430304615871088,-0.4389482370505178,-0.33465489959766453,-0.3902546161509849,-0.4528033453444239,-0.27970681057111235,-0.32063155496159335,0.4913091887349758,0.36625446173712717,0.27136015715979356
-0.9674692956139865,1.8796193023024044,0.8245765769352473,3.358152624464763,1.7346092401179118,1.0758974717237402,1.2239332094710782,0.6628807785268966,0.6891231914345872,0.3430304615871088,0.9109592578253768,0.50407792394399,0.43214394012407914,0.7768478117034489,1.306032912864972,1.394151094190043,0.7337578954792309,0.7023569695454718,0.27136015715979356
-0.9637121333009225,-1.0359964605766694,-0.5080169523710052,-0.7363913103772008,-1.0381584702038282,-1.538732169890714,-1.4182591922986931,-2.175406437957037,-2.054696880477397,-3.1122670990659387,-0.904489091978502,-0.41934380616805406,-0.673874144476541,-0.8715222075673494,-1.270380049889196,-1.2059537226877128,-1.6932996479523643,-1.5409360020549043,0.27136015715979356
-0.9599549709878585,-0.9936383923386221,-0.541871414072765,-0.714071509064831,-0.9872510654206,-1.4061424013784032,-1.3319895679233649,-1.8266066863815391,-1.8166094410619646,0.3430304615871088,-0.8230765817370777,-0.2527572668477903,-0.6242755378020641,-0.81311114473676,-1.1321816498477273,-1.0511310056608392,-1.304469387795983,-1.0632703609620484,0.27136015715979356
-0.9561978086747945,-0.9251391387666827,-0.42924985189744547,-0.6779770932104737,-0.9160462788831001,-1.2206875308310388,-1.1924788413616312,-1.338736366513077,-1.4315868807044487,0.3430304615871088,-0.9251265608387305,-0.4441624884120786,-0.6864470242184858,-0.85939340767903,-1.2416837609028002,-1.245200135702411,-1.612560757279577,-1.6642802379104171,0.27136015715979356
-0.9524406463617304,0.7464479101866499,0.47718105150668816,0.20283481254723137,0.6592887119653584,1.0758974717237402,0.9456657235343155,0.6628807785268966,0.6891231914345872,0.3430304615871088,-0.10619791533668091,0.3718824061981312,-0.18753451479864594,-0.3333367315388743,0.002946750008386558,0.3121619646894887,0.34349681383150554,0.21446074800776174,0.27136015715979356
-0.9486834840486664,-0.4248335277293811,0.02942758845165252,-0.41435029675080515,-0.5007141778816085,-0.1389433845322525,-0.17351884312716004,0.6628807785268966,0.6891231914345872,0.3430304615871088,-0.30102468740129595,0.2749363309113739,-0.30622802281891076,-0.4616802607211101,-0.3007092618690757,-0.05834141508801149,0.7215080109303685,0.7023569695454718,0.27136015715979356
-0.9449263217356024,0.28592332915151164,-0.5609153257949592,-0.039830105276714295,0.7865782978813001,0.8315515434032774,0.3098666289087892,0.6628807785268966,0.3975615767194642,0.3430304615871088,0.6183914264198908,-0.6012120447138777,0.25390405104003555,1.132711297512007,0.9952949275555234,0.3748123064410072,0.7337578954792309,0.3425947531596665,0.27136015715979356
-0.9411691594225384,-0.2763764442022129,0.24617813320158813,-0.3361235799629059,-0.5277035270062337,-0.2092379039242679,0.12884000760629707,0.6628807785268966,0.6891231914345872,0.3430304615871088,0.039652996251004595,0.6969138665736865,-0.09867836756157602,-0.32911792881036567,0.012928280200044932,0.5895276219562741,0.7337578954792309,0.7023569695454718,0.27136015715979356
-0.9374119971094743,-0.9445266645525378,-0.23275938889847836,-0.6881929916562388,-0.9914668603237995,-1.4171225578544746,-1.2319649330717863,-1.855491840146313,-1.5405608392195869,-1.761448435800788,-0.8367666441829099,-0.01083956781982188,-0.6326158778872222,-0.8534520154881154,-1.2276266481742697,-1.0771654892782327,-1.5730101488959631,-1.1361783435365322,0.27136015715979356
-0.9336548347964103,1.5874275945775391,0.3228470943037696,0.9449530732980891,1.431605022274863,1.0758974717237402,1.2239332094710782,0.6628807785268966,0.6891231914345872,0.3430304615871088,-0.009410034889794213,-0.16156544984677873,-0.12856883496755403,-0.24077767656643503,0.2219380281441901,0.496224126409132,0.7337578954792309,0.7023569695454718,0.27136015715979356
-0.9298976724833463,-0.43780034772680065,-0.08837958516895557,-0.421182922931234,-0.42973135848069927,0.04593336636074437,-0.19992804300457057,0.6628807785268966,0.6891231914345872,0.3430304615871088,-0.3101148769721399,0.09855968919539652,-0.3117660013898221,-0.41167867828308113,-0.1824073793554999,-0.0756282895926043,0.7337578954792309,0.7023569695454718,0.27136015715979356
-0.9261405101702823,-0.7111732231277584,0.19655810768007806,-0.5652317078958897,-0.8901575805334937,-1.1532596873596257,-0.7566997810995646,-1.1613560503997913,-0.22892115264625124,0.3430304615871088,-0.34313845955798006,0.6546887883703356,-0.3318848219347209,-0.6180196235675113,-0.6706023739245518,-0.13842945819358787,-0.00578582933114438,0.7023569695454718,0.27136015715979356
-0.9223833478572182,-0.9575856634014469,-0.581908970608045,-0.6950741897790638,-0.933722497710259,-1.2667257402515701,-1.2585618713240696,-1.4598476422098223,-1.6139632328271707,-0.14666692063659223,-0.9325753343686064,-0.6100034367912153,-0.6909850096880393,-0.8336894425110528,-1.1808691362615964,-1.2593655183075259,-1.4414548232495417,-1.7087994221827494,-1.7412672718503914
-0.9186261855441542,-0.9583691010381924,0.34702183629776817,-0.6954870077644005,-1.0436082531823707,-1.5529262830387756,-1.260157479279175,-2.212746446884037,-1.6183668014655266,-3.269932867649968,2.446577313958991,17.59367072639876,4.993462488284967,2.3904779541272787,1.306032912864972,1.394151094190043,0.7337578954792309,0.7023569695454718,0.27136015715979356
-0.9148690232310902,-0.22453825737524216,0.03241124640463879,-0.30880840534565607,-0.23916744455312094,0.5422624434772895,0.23441755379486437,0.6628807785268966,0.6891231914345872,0.3430304615871088,-0.12442245967362253,0.29852754296018996,-0.19863737851957666,-0.3144289795931268,0.047681787185538275,0.2775042264321359,0.7337578954792309,0.7023569695454718,0.27136015715979356
-0.9111118609180262,-0.9072063893810997,-0.45007583340782326,-0.6685277623056424,-0.8666803904474748,-1.0921126850309937,-1.1559556565738656,-1.000498546377277,-1.3307899709186264,0.3430304615871088,-0.7890044390197023,-0.2761712857025586,-0.6035179073078782,-0.7688192933162267,-1.0273887783510187,-0.9863357832215864,-1.009627772593693,-0.8507173338299221,0.27136015715979356
-0.9073546986049622,-1.0856628157866721,-0.5836879134491224,-0.7625620784577228,-1.0620671733914813,-1.6010030602371996,-1.5194134230341212,-2.339220518990165,-2.333862947980576,-3.803961443367476,-1.0159282703249313,-0.5683428220713106,-0.741765773890013,-0.9364057330590773,-1.423892055620256,-1.4178783559372263,-2.1252157418262754,-2.206976028116201,-1.3306844675945293
-0.9035975362918981,0.5581465926414914,-0.1432822369358747,0.10361291293542825,0.9410286185711734,1.0758974717237402,1.130797529305063,0.6628807785268966,0.6891231914345872,0.3430304615871088,1.7210799953172664,-0.0365432463418679,0.925690444199957,2.2054730575534514,1.306032912864972,1.3858915311908153,0.7337578954792309,0.7023569695454718,0.27136015715979356
-0.8998403739788341,0.7663343342812612,-0.3150123892087267,0.21331359623752524,1.4374332213180474,0.9534372989013584,0.9058727006373537,0.6628807785268966,0.5193088522428146,0.3430304615871088,-0.4704767726953336,-0.49307554360331685,-0.40946261543552154,-0.5107174346048985,-0.4167293896477717,-0.3805895827626472,0.29700606857235,0.14455987655189803,0.24126157046495791
-0.8960832116657701,1.8796193023024044,-0.11275339754364595,1.5406345542089992,1.7346092401179118,1.0758974717237402,1.2239332094710782,0.6628807785268966,0.6891231914345872,0.3430304615871088,0.16405623011535048,0.030343941849009837,-0.022888700258937463,0.2079834202436545,1.0158669117475765,0.8172633405759843,0.7337578954792309,0.7023569695454718,0.27136015715979356
-0.8923260493527061,-0.0377469139813476,-0.29412975929028284,-0.2103821587096633,0.8628295776636848,1.0758974717237402,0.6148508384430861,0.6628807785268966,0.6891231914345872,0.3430304615871088,-0.05757553156547966,-0.43772879964049305,-0.15791250116595418,0.35556260816232715,1.1927243091582627,0.4046274781770074,0.7337578954792309,0.6599181165019931,0.27136015715979356
-0.888568887039642,-0.49331018772796403,-0.09229875454416489,-0.4504328073391951,-0.5598983379067105,-0.2930901950156857,-0.31298355391980964,0.6628807785268966,0.6891231914345872,0.3430304615871088,0.3260252584516631,1.5691966001382596,0.07578702053725443,0.07140326009583069,0.9605465019413506,1.1341236746213754,0.7337578954792309,0.7023569695454718,0.27136015715979356
-0.884811724726578,-0.2991331859252847,-0.1680329491905673,-0.3481148244861774,0.020514093834983156,0.9913712105232122,0.0824919175701156,0.6028252989250374,0.5895931652243853,0.3430304615871088,-0.5417740369879362,-0.319256795393516,-0.45289875268430874,-0.4548058587026094,-0.28444468262397066,-0.5161760686925123,0.6053928014859202,0.5359417902024092,0.16593254892672415
-0.881054562413514,0.7211921591126284,-0.2123599703566876,0.1895267612263125,0.5964634987004438,1.0758974717237402,1.178482499586174,0.6628807785268966,0.6891231914345872,0.3430304615871088,2.3463466331627028,0.04777830334898973,2.7166727505844146,2.3904779541272787,1.306032912864972,1.394151094190043,0.7337578954792309,0.7023569695454718,0.27136015715979356
-0.87729740010045,-0.4656713114432194,0.047588520151116954,-0.43586901222687474,-0.5837089198161898,-0.3551055257316112,-0.25669214181288746,0.6628807785268966,0.6891231914345872,0.3430304615871088,-0.1465868472444331,0.15704095780773283,-0.2121404966281498,-0.24487795762694106,0.21223691580651668,0.2353540618594712,0.7337578954792309,0.7023569695454718,0.27136015715979356
-0.8735402377873859,1.3257329078398974,1.3786419776997276,0.5080783373037144,0.795823160040602,1.0758974717237402,1.2239332094710782,0.6628807785268966,0.6891231914345872,0.3430304615871088,0.6383288366477338,0.9907903240644398,0.2660504369586901,0.24612104516918115,1.2163335098852568,1.3582916778181344,0.7337578954792309,0.7023569695454718,0.27136015715979356
-0.8697830754743219,-0.8749486881850973,-0.5203506540544184,-0.6515301627587896,-0.9474464941742788,-1.3024702752946868,-1.0902571986141811,-1.5538796710994625,-1.1494749629720125,0.3430304615871088,-0.8221087755953541,-0.6948234313578688,-0.623685925271778,-0.7889423647460534,-1.0749992161817399,-1.049290522226877,-1.1435828612367138,-0.9647707503675167,0.27136015715979356
-0.8660259131612579,-0.2839612684741936,-0.4195116951092585,-0.34012026295109765,0.13858639184100416,1.0758974717237402,0.11339218460315516,0.6628807785268966,0.6891231914345872,0.3430304615871088,0.5594426880804366,-0.3791814366436735,0.21799095515114839,1.2285605497382048,1.283820542137177,0.9540970495534276,0.7337578954792309,0.7023569695454718,0.27136015715979356
-0.8622687508481939,1.8796193023024044,1.472071224790291,1.0798047527723837,1.7346092401179118,1.0758974717237402,1.2239332094710782,0.6628807785268966,0.6891231914345872,0.3430304615871088,2.446577313958991,1.292227222185105,1.707352480247271,2.3904779541272787,1.306032912864972,1.394151094190043,0.7337578954792309,0.7023569695454718,0.27136015715979356
-0.8585115885351299,-1.0989689768213962,-0.5466353372879246,-0.7695735141269886,-1.0812926254342108,-1.6510762911698027,-1.5465137503647297,-2.470946599409804,-2.408654597859482,-4.360166283932125,-1.0256337402866549,-0.35886176342192644,-0.74767859718701,-0.9729429497420079,-1.5103377500291066,-1.4363353132898586,-2.3684363712713905,-2.2649828401024568,-3.8403608642868123
-0.8547544262220658,-0.42752565857970415,-0.09004266966230728,-0.4157688653537999,-0.46542544749340503,-0.04703289305877929,-0.17900183909196915,0.6628807785268966,0.6874895190949933,0.3430304615871088,-0.4852611879593137,-0.16827866575978695,-0.41846966355890514,-0.528662305678503,-0.45918628652902316,-0.40870520447773045,0.2633810841549726,0.29529431996872585,0.27136015715979356
-0.8509972639090018,-0.4862391666352324,-0.293648233057818,-0.4467068634416046,-0.42797606814219313,0.050505069448841776,-0.2985821810764679,0.6628807785268966,0.6891231914345872,0.3430304615871088,-0.526448882954097,-0.4725992428249871,-0.4435622725181014,-0.4640206836873447,-0.30624661547436643,-0.4870321204302828,0.586879933360502,0.296840536145228,0.27136015715979356
-0.8472401015959378,-0.7299960905143708,-0.2695632870877187,-0.5751500700326433,-0.8075737225151599,-0.9381677048841797,-0.7950358470878395,-0.5955203083579711,0.2656034414909884,0.3430304615871088,-1.04887483808938,-0.4780153533416708,-0.7618376750140179,-0.9758237872126841,-1.5171537042325365,-1.480533064935579,-2.3876135053434036,-2.403888219843319,-3.9544278234360517
-0.8434829392828738,-0.9692595504211251,-0.6292315159534653,-0.701225528819315,-0.959130819271315,-1.3329024288573241,-1.2823377867536399,-1.6339365844017153,-1.6795801503154963,-0.14648093964205144,-0.8542608539374763,-0.6574969680621661,-0.6432738028931523,-0.7646492071502701,-1.0175225097326628,-1.1104343453595444,-0.9818683789068037,-1.2407362207009949,0.27136015715979356
-0.8397257769698097,0.7741750677472435,0.8595230136680011,0.2174451258464867,0.3009885492901153,1.0758974717237402,1.2239332094710782,0.6628807785268966,0.6891231914345872,0.3430304615871088,-0.011279491779114546,0.21360493994507715,-0.12970775645116053,-0.1816096754855201,0.36192731590547894,0.4926689676981358,0.7337578954792309,0.7023569695454718,0.27136015715979356
-0.8359686146567457,-0.7966137325100924,0.029556638528256515,-0.6102530054376982,-0.8846983355629946,-1.1390409301872153,-0.9307143421373071,-1.123951211209736,-0.7091676073917473,0.3430304615871088,-0.4293000178058307,0.4284717295458589,-0.384376671471384,-0.5613025773209409,-0.5364119540534557,-0.3022834716817214,0.37176771581349594,0.7023569695454718,0.27136015715979356
-0.8322114523436817,-0.7785860207950571,-0.3010157549559684,-0.6007536358881954,-0.8541301815409718,-1.0594253127168811,-0.8939977499343146,-0.9145088997345218,-0.6078369306330516,0.3430304615871088,-0.5184667470900839,-0.3772921589738342,-0.43869934892113605,-0.5229101478755018,-0.4455768953171861,-0.4718524390953251,0.5402835985900477,0.44254855999126025,0.27136015715979356
-0.8284542900306177,-0.9875730008133528,-0.6970472625841084,-0.710875463084524,-0.9063930785990432,-1.1955454990084398,-1.319636335815759,-1.2725960107961718,-1.7825169151897227,-1.8528879467319275,-1.016393181348802,-0.8132166633709579,-0.7420490097089696,-0.8481709331877081,-1.2151318040636503,-1.4187624803510008,-1.5378550857064637,-2.2097546680438196,-3.154213063234693
-0.8246971277175535,-0.6881245618646853,-0.2565022164837813,-0.5530866417654701,-0.758334455268894,-0.8099226475354903,-0.7097571457946469,0.6377010488542274,0.6891231914345872,0.3430304615871088,-0.782611965651183,-0.4635729948836265,-0.5996234472139439,-0.7410680776660078,-0.9617304352869793,-0.9741791737213858,-0.8248937191794133,-0.8125113528442242,0.27136015715979356
-0.8209399654044895,1.8796193023024044,1.2415729844222039,3.358152624464763,1.7346092401179118,1.0758974717237402,1.2239332094710782,0.6628807785268966,0.6891231914345872,0.3430304615871088,2.32002793511555,1.4412220963822253,3.226362853631472,2.290767534323528,1.306032912864972,1.394151094190043,0.7337578954792309,0.7023569695454718,0.27136015715979356
-0.8171828030914255,-0.9383582120404343,-0.23378460484035993,-0.684942639593412,-0.9925078591373626,-1.4198338685626057,-1.2194017992148445,-1.8626244003132937,-1.505889025209829,-1.7915652090157437,-0.8602595250725924,-0.19134735623758214,-0.6469283484822491,-0.863036371897387,-1.2503028786176331,-1.1218420585099587,-1.6368112101239702,-1.2765885586170638,0.12267514085912554
-0.8134256407783615,-1.0115810544671926,-0.4898500551189605,-0.7235260633063996,-1.0108833576603848,-1.467693371631766,-1.3685329417483028,-1.988526896172165,-1.9174620686766128,-2.323180341059345,-1.0308173455275924,-0.49720250357132645,-0.7508365835546905,-0.9645421056727095,-1.490461665720521,-1.446193010159993,-2.3125137047985618,-2.295963762799441,-3.507728861604967
-0.8096684784652975,-0.5165908364940198,-0.3784486708284096,-0.46270011499735275,-0.18111212808527635,0.6934691491453125,-0.3603986724038343,0.6628807785268966,0.6891231914345872,0.3430304615871088,0.12191415103464177,-0.20952754047556893,-0.04856274468491292,0.6560393973199091,1.306032912864972,0.7459642120037128,0.7337578954792309,0.7023569695454718,0.27136015715979356
-0.8059113161522334,1.8372918217721261,0.7265589969696364,0.8471417173409839,1.7346092401179118,1.0758974717237402,1.2239332094710782,0.6628807785268966,0.6891231914345872,0.3430304615871088,0.4392605555625741,0.11410875444672053,0.14477289195206405,0.3260114475205343,1.261656877318644,1.1402083455926784,0.7337578954792309,0.7023569695454718,0.27136015715979356
-0.8021541538391694,1.1774783199757075,0.2204619225798866,0.19704722184166149,0.8269525447371141,1.0758974717237402,1.2239332094710782,0.6628807785268966,0.6891231914345872,0.3430304615871088,0.06156695572673953,-0.002214400409515801,-0.08532781672492662,-0.18183127491807147,0.39941265582769536,0.7552534195504697,0.7337578954792309,0.7023569695454718,0.27136015715979356
-0.7983969915261054,-0.4451972356209412,0.17351262787056293,-0.42508057631805274,-0.7232986580109746,-0.7186709275184721,-0.21499310065988783,-0.018097010347817095,0.6813085695377075,0.3430304615871088,0.18781842092715248,0.783239068648122,-0.00841215909463826,-0.2600963855244712,0.17623068197569342,0.871294804294416,0.6455847601987706,0.7023569695454718,0.27136015715979356
-0.7946398292130414,1.8222534399569088,-0.057053619929158673,1.2015401846710165,1.7346092401179118,1.0758974717237402,1.2239332094710782,0.6628807785268966,0.6891231914345872,0.3430304615871088,0.8788891890829771,0.5675015554653448,0.41260602487173215,0.606811456045249,1.2811190995753923,1.353710185985066,0.7337578954792309,0.7023569695454718,0.27136015715979356
-0.7908826668999773,1.635357194747374,0.6562325410439068,0.815223033275111,1.4503605739250551,1.0758974717237402,1.2239332094710782,0.6628807785268966,0.6891231914345872,0.3430304615871088,-0.5571989259803259,-0.2515317843038041,-0.46229599396654236,-0.6757001112716152,-0.8070722604157167,-0.5455096835946665,0.3597290810742797,0.7023569695454718,0.27136015715979356
-0.7871255045869133,-0.19651956837594814,0.030567595094395966,-0.29404447494206193,-0.4872455744507757,-0.10386402783193613,0.2914825210137195,0.6628807785268966,0.6891231914345872,0.3430304615871088,-0.2975597360767889,-0.11018212915205917,-0.30411708486379063,-0.4139812068684943,-0.18785507626655834,-0.05175209390340233,0.6373018036244801,0.6480536056041346,0.27136015715979356
-0.7833683422738493,-0.6725328544738647,-0.4174838627887621,-0.5448708796790589,-0.656063698646864,-0.5435555835722987,-0.6780019030291603,0.29131659319995196,-0.011730265206044385,0.3430304615871088,-0.5797062180970343,-0.3477488528492986,-0.47600801839243995,-0.53059300216241,-0.46375424253104797,-0.5883119520432429,0.3018322513380813,0.15883357866449666,0.27136015715979356
-0.7796111799607853,-1.0261853968208348,-0.427177472200128,-0.7312215516322428,-1.0339115275839603,-1.5276708883099486,-1.398277242692741,-2.146307870920024,-1.999550573180276,-2.9894002849322248,-0.9634734528644976,-0.4556056980854951,-0.7098089425420263,-0.9061339934712251,-1.352270246757665,-1.318124677586198,-1.9237030863646007,-1.8934686197989985,-1.2110808477480615
-0.7758540176477212,-0.9375688525409711,-0.49121319944179226,-0.6845267011919476,-0.9124191384421099,-1.2112405414690743,-1.2177941303491846,-1.3138844674596084,-1.5014521707964192,0.02810906127655782,-0.7931516675270293,-0.4821986562897561,-0.6060445061673668,-0.7025489342489613,-0.8705955760113915,-0.9942225955030353,-0.5684798169141997,-0.8755041298570309,0.27136015715979356
-0.7720968553346572,-0.8463513488866471,-0.6209918770848575,-0.6364613232730811,-0.6053299567952491,-0.41141812505300324,-1.0320137087187882,0.597401679871185,-0.9887342216946231,0.3430304615871088,-0.7118024008168533,-0.7416100286689149,-0.5564844290876897,-0.29174540767202883,0.10135027385240991,-0.839520149123926,0.4665047414242694,-0.6254454263242725,0.27136015715979356
-0.7683396930215932,-0.3846693993947421,-0.1289582783630142,-0.39318655152815646,-0.40818671552171965,0.10204699530677794,-0.09171756160225293,0.6628807785268966,0.6891231914345872,0.3430304615871088,-0.40725218801248536,-0.10841240069460387,-0.3709445633751825,-0.5129856743559449,-0.42209596045327674,-0.26035496581660145,0.7337578954792309,0.7023569695454718,0.27136015715979356
-0.7645825307085292,-0.4362671903804606,-0.15462313868627095,-0.420375053999191,-0.4551676486252845,-0.02031616720796303,-0.1968054995582174,0.6628807785268966,0.6891231914345872,0.3430304615871088,-0.45731370597069715,0.011543530353447226,-0.4014433347725194,-0.5143441066456439,-0.4253099606769252,-0.35555729044454415,0.6149428361196213,0.6028072511245003,0.27136015715979356
-0.7608253683954652,-0.3877738538306663,-0.055405380206030114,-0.39482238642514816,-0.5374752844677921,-0.23468872125239298,-0.09804032676170508,0.6628807785268966,0.6891231914345872,0.3430304615871088,-0.6024946810074574,-0.09632347733868234,-0.4898913393373192,-0.6789518665089052,-0.8147657922458633,-0.6316489248769656,-0.4113990595428439,0.1757048063617193,0.27136015715979356
-0.7570682060824011,-1.1059800406900036,-0.5708907658902407,-0.7732678646732937,-1.0185740507494385,-1.4877239982315493,-1.560793009820496,-2.041220838248527,-2.448062585841227,-2.5456770976464766,-1.044770908478958,-0.5630890480919805,-0.7593374549622908,-0.8766271693002747,-1.2824581992940347,-1.472728594456922,-1.7272823132645665,-2.379360208911813,-1.0181017898358247
-0.7533110437693371,-1.1168564053080623,-0.7011396639121202,-0.7789989640216323,-1.0872709090794754,-1.6666468991786343,-1.582944631204548,-2.5119077102579292,-2.509196766642611,-4.533121920781356,-1.090952330919597,-0.6332808644010304,-0.7874723718259098,-1.0013302504808868,-1.577501046731775,-1.5605521154025686,-2.5574047104274276,-2.6553733334010436,-4.925256913209683
-0.7495538814562731,-0.6888448574494126,-0.3585494175406118,-0.5534661882133133,-0.7533027248957632,-0.796817364164025,-0.7112241539023886,-0.22367439383912313,-0.1261992208596329,0.3430304615871088,-0.7704341212269965,-0.4729751246487505,-0.5922043894555344,-0.7505848369156427,-0.9842467333672624,-0.9510204852631589,-0.8882448002171726,-0.7397278673770047,0.27136015715979356
-0.7457967191432091,-0.23419623411661078,0.4120457314512311,-0.3138974977172777,-0.4596653547097809,-0.03203056928992563,0.21474739270486976,0.6628807785268966,0.6891231914345872,0.3430304615871088,0.5897627504155666,0.738779839475053,0.23646272124270423,0.25248967467030237,0.7512097930304246,0.8285466454168354,0.7337578954792309,0.7023569695454718,0.27136015715979356
-0.742039556830145,-0.8411836531312653,-0.24677500533935007,-0.6337383014899647,-0.8733778256884412,-1.1095563436108666,-1.0214887912651092,-1.0463870327023932,-0.9596874898379496,0.3430304615871088,-0.2555936590060937,-0.05941841498719102,-0.2785502654139592,-0.25874634430604543,0.17942482923711003,0.02805507646607747,0.7337578954792309,0.7023569695454718,0.27136015715979356
-0.738282394517081,1.8796193023024044,1.6133847022522905,1.6077439338123345,1.7346092401179118,1.0758974717237402,1.2239332094710782,0.6628807785268966,0.6891231914345872,0.3430304615871088,0.43772883788148675,0.6425000817776064,0.1438397299284918,0.29816853262617404,1.2824238634815412,1.346551121185389,0.7337578954792309,0.7023569695454718,0.27136015715979356
-0.734525232204017,1.8796193023024044,0.5333986595499028,2.961670729741832,1.7346092401179118,1.0758974717237402,1.2239332094710782,0.6628807785268966,0.6891231914345872,0.3430304615871088,1.861534731919535,0.46342635569619167,1.0112591020836763,1.4942938282776936,1.306032912864972,1.394151094190043,0.7337578954792309,0.7023569695454718,0.27136015715979356
-0.730768069890953,-1.0469043018306265,-0.4250243308987418,-0.7421389957571617,-1.053812131013826,-1.5795025700320253,-1.4404749213644326,-2.2826598527603235,-2.1160079860526064,-3.56513769455192,-0.9468299695275999,-0.26504572336282844,-0.6996693020706531,-0.9226619539715692,-1.3913747859734782,-1.2864736536419794,-2.0337262715246185,-1.7939952905808096,-0.7859012461267081
-0.7270109075778889,0.3004874401281782,0.06772232589220749,-0.03215581613152178,0.7441169359516698,1.0758974717237402,1.2239332094710782,0.6628807785268966,0.6891231914345872,0.3430304615871088,0.9986037971316987,0.1620098590089454,0.485539260073423,1.6806974344260435,1.306032912864972,1.394151094190043,0.7337578954792309,0.7023569695454718,0.27136015715979356
-0.7232537452648249,-0.19321308505510304,-0.012703381370958408,-0.29230218465750163,-0.3548421791635289,0.240984341597493,0.2982167533797799,0.6628807785268966,0.6891231914345872,0.3430304615871088,0.25584241360780163,-0.04760579359423469,0.03302981643700234,0.1450934269021269,0.9843449407122786,0.9718197776369838,0.7337578954792309,0.7023569695454718,0.27136015715979356
-0.7194965829517609,1.0234647788193973,0.20256712750209924,0.3488037324070852,0.6969096525450945,1.0758974717237402,1.2239332094710782,0.6628807785268966,0.6891231914345872,0.3430304615871088,0.7133962246120573,0.32764337184629366,0.3117834310486867,0.4607919006669782,1.2010938246508045,1.2400141029717335,0.7337578954792309,0.7023569695454718,0.27136015715979356
-0.7157394206386969,0.08592766221829808,-0.435653011498006,-0.1452141261956523,0.7624219502534212,0.9964693263629009,0.8370721296483304,0.6628807785268966,0.5621645993728062,0.3430304615871088,0.531574734416396,-0.49776046274922947,0.2010130770768081,1.3623158647427664,1.306032912864972,1.0176527404084368,0.7337578954792309,0.7023569695454718,0.27136015715979356
-0.7119822583256328,-0.44805192779249353,-0.20448111688048093,-0.4265848036052576,-0.432756395192899,0.03805457310621722,-0.22080718122567236,0.6628807785268966,0.6891231914345872,0.3430304615871088,-0.3254387186864391,-0.0902227616958014,-0.3211016820570254,-0.3512390684428106,-0.03940951261095868,-0.10476974220795447,0.7337578954792309,0.7023569695454718,0.27136015715979356
-0.7082250960125688,0.4260561075175736,-0.03614112206788318,0.03401027273352653,0.22006135502774402,0.9504103507695391,0.8689762557232648,0.6628807785268966,0.6891231914345872,0.3430304615871088,0.22023033534114947,0.19379966165785908,0.011334017381420598,-0.02646054342506476,0.6367992591603611,0.7133993806011004,0.7337578954792309,0.7023569695454718,0.27136015715979356
-0.7044679336995048,-0.5647338459670967,-0.268034987591549,-0.4880681841921029,-0.5655176929119782,-0.30772596327984514,-0.4584503427538487,0.516693838838578,0.2751538292828855,0.3430304615871088,-0.7921839310047879,-0.5249957026785311,-0.605454936051069,-0.6974103069149391,-0.8584377750477047,-0.9923822444649094,-0.5342730467184473,-0.8697202460555034,0.27136015715979356
-0.7007107713864408,-0.12615775557506032,-0.12106111897120195,-0.2569686179207198,-0.10672285979717051,0.8815701213175001,0.43478667564576023,0.6628807785268966,0.6891231914345872,0.3430304615871088,-0.4881828925633138,-0.39809530485424105,-0.420249641562816,-0.35617064225634554,-0.05107743265366679,-0.414261429728614,0.7289563159110083,0.5105663026963069,0.27136015715979356
-0.6969536090733768,-0.8318831461549813,-0.4669899214035662,-0.6288375712052805,-0.8406150186885607,-1.0242246906926837,-1.002546679957415,-0.8219077257894711,-0.9074109346654148,-0.07742530617947119,-0.8521627876126253,-0.4694208436730844,-0.6419956066292782,-0.8055305725379307,-1.1142462982463455,-1.1064444385509664,-1.2540071000483084,-1.2281966796668893,-1.594313207177774
-0.6931964467603127,0.9793663832126429,0.3491559040631235,0.3255668977477324,0.8489419147295706,1.0758974717237402,1.2239332094710782,0.6628807785268966,0.6891231914345872,0.3430304615871088,0.4692024566225296,0.16100036212448834,0.1630142724150285,0.43071050620549706,1.206998758032302,1.1659543601073292,0.7337578954792309,0.7023569695454718,0.27136015715979356
-0.6894392844472487,-0.78005126723667,-0.4622804834295468,-0.6015257204239363,-0.7770908305615565,-0.858774154870693,-0.8969819809295756,-0.3866621827867669,-0.6160728296697033,0.3412432994735717,-0.6866101922809631,-0.48492706829279353,-0.5411366841437275,-0.5870532835054193,-0.5973371661995591,-0.7916119571044387,-0.11777234186876448,-0.4143408390877401,0.2701381894102698
-0.6856821221341847,-0.8267568649705653,-0.9904330718416808,-0.6261363720650237,-0.7445383540247378,1.0758974717237402,1.2239332094710782,0.6628807785268966,0.6891231914345872,0.3430304615871088,-0.9580127273929896,-1.0619203465032334,-0.7064821273631872,-0.8286331782066109,0.06586885548138474,0.39961414718121396,0.7337578954792309,0.7023569695454718,0.27136015715979356
-0.6819249598211207,-0.3617780653158081,0.2686180898389911,-0.381124386050126,-0.5413343945999093,-0.24473988220352916,-0.045095350661432845,0.6628807785268966,0.6891231914345872,0.3430304615871088,0.32219380563831423,0.38327389789297533,0.07345280039691408,0.1968392355224827,1.2591696364117366,1.1845228967999013,0.7337578954792309,0.7023569695454718,0.27136015715979356
-0.6781677975080566,0.917633253995196,0.3567873000804055,0.29303776608901805,1.2214062417884433,1.0758974717237402,1.2239332094710782,0.6628807785268966,0.6891231914345872,0.3430304615871088,0.285450426056942,0.18150392610568192,0.05106778332345849,0.21345417213365447,1.296633671335879,1.056962243587841,0.7337578954792309,0.7023569695454718,0.27136015715979356
-0.6744106351949926,1.1290287249541158,-0.13964531496014537,0.4044287030793862,1.7346092401179118,1.0758974717237402,1.2239332094710782,0.6628807785268966,0.6891231914345872,0.3430304615871088,2.357196215846711,-0.009582952578403274,2.0699887190168997,2.3475560802950133,1.306032912864972,1.3814638984880723,0.7337578954792309,0.7023569695454718,0.27136015715979356
-0.6706534728819286,-0.03232837548456714,0.39272219747258763,-0.20752695997935197,-0.46061239782425023,-0.03449716973545012,0.6258866410711411,0.6628807785268966,0.6891231914345872,0.3430304615871088,-0.3165762750099908,-0.23117866618421032,-0.31570245217479415,-0.35556122499572945,-0.04963557410335318,-0.08791597359897271,0.7337578954792309,0.5342649153626999,0.27136015715979356
-0.6668963105688646,-0.8133515570795178,-0.35615422706398703,-0.6190726927919785,-0.8114676540148803,-0.948309559067262,-0.9648038532630127,-0.6222001665345512,-0.8032480496518442,0.3430304615871088,-0.5691176582127347,-0.17416704017302823,-0.46955719387673517,-0.5210548294380273,-0.4411872809667285,-0.5681756166590709,0.5645330755274844,0.46348292672773933,0.27136015715979356
-0.6631391482558004,-0.5507691516235016,0.1341958809043394,-0.4807097465649331,-0.6784443721742557,-0.6018466776632736,-0.43000879700704897,0.2892288850413416,0.6891231914345872,0.3430304615871088,-0.4286348070193913,0.5049362276954822,-0.38397140785705625,-0.5772962280221324,-0.5742523361765756,-0.30101843586540256,0.2653013195242875,0.7023569695454718,0.27136015715979356
-0.6593819859427364,-0.38155966447753936,-0.1344339203268675,-0.39154793417912853,-0.5099011265200029,-0.16287105082138997,-0.08538404181786674,0.6628807785268966,0.6891231914345872,0.3430304615871088,-0.7326263911879319,-0.3035130318339125,-0.5691709425577365,-0.7688699712884299,-1.0275086805465352,-0.8791212713474121,-1.0099651252827353,-0.6383443858240131,0.27136015715979356
-0.6556248236296724,-0.46138270917712276,-0.2887500906089326,-0.43360921251294177,-0.597518713604178,-0.3910735223197132,-0.24795765221076563,0.6628807785268966,0.6891231914345872,0.3430304615871088,-0.5954579493481188,-0.43284350585697895,-0.48560438043124454,-0.5996159697178414,-0.6270600140754011,-0.6182671250619604,0.3778243335061605,0.3666926750845295,0.27136015715979356
-0.6518676613166084,-0.3875171448544235,0.18719130347963336,-0.39468711837391096,-0.3412513263232766,0.2763821003252741,-0.0975174939726921,0.6628807785268966,0.6891231914345872,0.3430304615871088,-0.3655169907264381,0.2844937559034281,-0.34551840186101684,-0.44826878676224197,-0.2689782137851027,-0.18098686108286238,0.7337578954792309,0.7023569695454718,0.27136015715979356
-0.6481104990035444,-1.0964711154621183,-0.4612567559027342,-0.7682573122423414,-1.0892921888567366,-1.6719113792460587,-1.5414264182419426,-2.525756813098182,-2.394614547409046,-4.5915988602961955,-0.8640608975050883,0.3371881120444995,-0.6492442428766555,-0.8818666096777523,-1.2948545201653063,-1.129071153973114,-1.7621601748600182,-1.2993082720210773,0.27136015715979356
-0.6443533366904803,0.6543200583471163,0.43041229945886433,0.15428974347472363,0.8172822245644842,1.0223221172912524,1.0022111883040106,0.6628807785268966,0.6891231914345872,0.3430304615871088,0.7103846775625294,0.2742848867559855,0.3099487187035119,0.8621846601193877,1.162286798256219,1.0010376085226065,0.7337578954792309,0.7023569695454718,0.27136015715979356
-0.6405961743774163,-0.3133984636589284,0.0940711520226305,-0.35563164897617405,-0.5372716394145515,-0.2341583219797698,0.053438181106616064,0.6628807785268966,0.6891231914345872,0.3430304615871088,-0.33899576265005327,0.05757134224532539,-0.32936098384277773,-0.5009441512246624,-0.3936061650247625,-0.13055126368512662,0.6042161296728623,0.7023569695454718,0.27136015715979356
-0.6368390120643523,1.8796193023024044,0.383044936371535,0.9893826991539457,1.7346092401179118,1.0758974717237402,1.2239332094710782,0.6628807785268966,0.6891231914345872,0.3430304615871088,0.08747237273913616,0.03910446024779991,-0.06954556673256414,0.08277536132224085,0.9874524700651931,0.6804660511051716,0.7337578954792309,0.7023569695454718,0.27136015715979356
-0.6330818497512883,0.11069468273323527,-0.6584296125609822,-0.13216360241146594,0.6526170887082025,0.4873755356289773,0.0982871809137042,0.5081825621538788,-0.030102697150477732,0.3430304615871088,0.9490674044513127,-0.6142497738711151,0.6964821085422507,1.3898573028907677,1.1296897266226955,0.551756010758216,0.7337578954792309,0.5858054425563544,0.27136015715979356
-0.6293246874382242,1.8796193023024044,-0.10633768975237047,3.358152624464763,1.7346092401179118,1.0758974717237402,1.2239332094710782,0.6628807785268966,0.6891231914345872,0.3430304615871088,2.19229610667347,-0.30812193259462417,0.872509194660587,1.6218451044622755,1.306032912864972,1.394151094190043,0.7337578954792309,0.7023569695454718,0.27136015715979356
-0.6255675251251602,-0.6658227067571969,-0.5050666493790551,-0.5413350913383123,-0.7225451804930414,-0.7167084741169072,-0.664335512017972,0.6628807785268966,0.6891231914345872,0.3430304615871088,-0.911557397420426,-0.6480133026027611,-0.6781803389475078,-0.8487741401028501,-1.2165589691677756,-1.2193955665769332,-1.5418705083058277,-1.3966461201598843,0.27136015715979356
-0.6218103628120962,-0.09071775669504245,0.17843188047325795,-0.23829416541577608,-0.27377885366187454,0.4521160543388949,0.5069664401727673,0.6628807785268966,0.6891231914345872,0.3430304615871088,-0.47213095136034877,-0.00046616279909598144,-0.4104703838575011,-0.5761243901330173,-0.5714798113578818,-0.38373534542991256,0.0656973668056875,0.3041803931998713,0.27136015715979356
-0.6180532004990322,-0.8612636056313657,-0.005401697271096656,-0.6443190613972712,-0.9464101175344344,-1.299771003168095,-1.0623851312474426,-1.546778780451912,-1.0725534601996054,-0.4579275415288418,-0.7861189323886952,0.20330153259233907,-0.6017599820452435,-0.8464152386264757,-1.2109778960954383,-0.9808483958988424,-1.5261677932670272,-0.8334714877977291,0.27136015715979356
-0.6142960381859681,0.5463274647726432,0.11304049928101183,0.09738504191364955,0.7679420764706253,1.0758974717237402,1.1542422762281466,0.6628807785268966,0.6891231914345872,0.3430304615871088,-0.008748698074659838,0.11823044001304502,-0.12816593147672653,-0.16909062238484254,0.3915469294633744,0.4974817950682321,0.7337578954792309,0.7023569695454718,0.27136015715979356
-0.6105388758729041,-0.5954353078809386,-0.08900294791063855,-0.504245752207367,-0.704756236393768,-0.6703766685525738,-0.5209792468624017,0.1089491842329103,0.4168328620420798,0.3430304615871088,-0.6665280895495818,0.04567265270775262,-0.5289021478099818,-0.7377241468956695,-0.9538188195772891,-0.7534216875836389,-0.8026338696172398,-0.1187112996559757,0.27136015715979356
-0.6067817135598401,-0.3190238719792955,-0.1637642698569308,-0.3585958539372184,-0.14157647644296698,0.7964408665518207,0.04198105185254886,0.6628807785268966,0.6891231914345872,0.3430304615871088,-0.44595472737861164,-0.2477355420313015,-0.39452315125598797,-0.3946750045444794,-0.14217732032854175,-0.33395584463405004,0.7337578954792309,0.7023569695454718,0.27136015715979356
-0.6030245512467761,-0.2615917640112066,0.31040558476450414,-0.3283330659461714,-0.4894403769939614,-0.10958045282688958,0.15895159814011478,0.6628807785268966,0.6891231914345872,0.3430304615871088,0.34566604186945954,0.5702409999807259,0.08775269373206376,0.020692473995138287,0.8405666699652308,1.1714746842421584,0.7337578954792309,0.7023569695454718,0.27136015715979356
-0.5992673889337121,0.38780465702793077,-0.0804649527307637,0.013854377756427057,0.35451812263139476,1.0758974717237402,1.2239332094710782,0.6628807785268966,0.6891231914345872,0.3430304615871088,-0.0706934340234922,-0.145472473496584,-0.1659042665897139,-0.13336530565915955,0.47607169880002337,0.3796810750477967,0.7337578954792309,0.6110033659983631,0.27136015715979356
-0.595510226620648,-0.8606543470158978,-0.3704096656860454,-0.6439980238284976,-0.81338380943072,-0.9533002397767115,-1.061144269374128,-0.6353289939786273,-1.069128921977438,0.1988371957224381,-0.790577649418953,-0.24616400987068585,-0.6044763477684075,-0.7579682982739919,-1.0017157280584066,-0.989327567994524,-0.9373949622189793,-0.8601199614413608,0.23754719650987155
-0.591753064307584,1.8796193023024044,0.5509326215470318,1.425175303262458,1.7346092401179118,1.0758974717237402,1.2239332094710782,0.6628807785268966,0.6891231914345872,0.3430304615871088,2.039747838716229,0.39344522874982335,1.4198726387995078,2.090439861402792,1.306032912864972,1.394151094190043,0.7337578954792309,0.7023569695454718,0.27136015715979356
-0.58799590199452,1.8123096443228675,3.251711910269788,2.003825162311351,1.543729163818711,1.0758974717237402,1.2239332094710782,0.6628807785268966,0.6891231914345872,0.3430304615871088,1.2273160059552812,0.4806545025181106,0.6248766524895506,1.1206018434399518,1.306032912864972,1.0405959649594527,0.7337578954792309,0.7023569695454718,0.27136015715979356
-0.584238739681456,-0.8908193157570274,-0.26368007705090674,-0.6598928966803972,-0.9566033583555154,-1.3263195857684515,-1.122580511177366,-1.6166193052494657,-1.2386810395872525,0.3430304615871088,-0.9497530070139409,-0.3577117584364165,-0.7014500921009557,-0.9344847651729381,-1.4193471171183563,-1.2920324136441586,-2.112428259340539,-1.811465447777494,-1.769195342491877
-0.5804815773683919,1.1481109314025948,0.019357473611874575,0.4144837191423945,0.7338403206130876,1.0758974717237402,1.2239332094710782,0.6628807785268966,0.6891231914345872,0.3430304615871088,0.6703787541440538,0.24909143408294945,0.2855760755507825,0.3707208848645791,1.306032912864972,1.394151094190043,0.7337578954792309,0.7023569695454718,0.27136015715979356
-0.5767244150553279,-0.8218474133212912,-0.30831996650396554,-0.6235494272414629,-0.8762280794518236,-1.1169799097560544,-0.9821071524268359,-1.065915975669096,-0.8510018010004231,0.3430304615871088,-0.8974388849808096,-0.4604671152830933,-0.6695789760458513,-0.824987717192822,-1.1602811781197087,-1.192546296731337,-1.3835292530692973,-1.498798935700349,-1.8825055195314582
-0.5729672527422639,-0.7788517813315738,-0.713647204646417,-0.6008936734918545,-0.7459263336492638,-0.7776053455589864,-0.8945390178110798,0.6628807785268966,0.6891231914345872,0.3430304615871088,-0.7539621308280008,-0.8044510894027922,-0.5821692269169658,-0.6635576231931826,-0.7783435856811218,-0.9196955905897181,0.22209515874290225,-0.03813253115286558,0.27136015715979356
-0.5692100904291999,-1.1458901795244012,-0.8617349972650039,-0.7942977748223291,-1.075141277489688,-1.635054932322775,-1.6420769972455416,-2.428799712448268,-2.672390633768139,-4.182203784265709,-1.1752999824580401,-0.8900222247551025,-0.8388591424851737,-1.0288088281449197,-1.642514338470679,-1.7209566103296,-2.7403238696425527,-3.159495069243644,-5.608806002355336
-0.5654529281161358,0.9550275407259532,0.5671385822838704,0.3127419944631205,0.5784037966518124,1.0758974717237402,1.2239332094710782,0.6628807785268966,0.6891231914345872,0.3430304615871088,0.06507809161391101,0.23985215523930695,-0.08318874193983383,-0.16943565813819517,0.39073058771645836,0.6378786964174266,0.7337578954792309,0.7023569695454718,0.27136015715979356
-0.5616957658030718,-0.6282670859819576,-0.08246113906776799,-0.5215458509708022,-0.7089124697802752,-0.681201695382104,-0.5878469129804877,0.08047212517093455,0.23708003026744429,0.3430304615871088,0.04787701779920953,0.4537543485385519,-0.09366808095031678,-0.14648048216273613,0.445041679464256,0.6051672989199842,0.7337578954792309,0.7023569695454718,0.27136015715979356
-0.5579386034900078,0.3521785391673343,0.23715888398678317,-0.004918146705994296,0.5862206557619931,1.0758974717237402,1.2239332094710782,0.6628807785268966,0.6891231914345872,0.3430304615871088,1.9601109076577388,0.35256746338934386,1.0713142576539256,2.2238032693965843,1.306032912864972,1.394151094190043,0.7337578954792309,0.7023569695454718,0.27136015715979356
-0.5541814411769438,-0.6520040768605597,-0.3910862772414493,-0.5340536196723056,-0.07596635850651921,0.9673242652695838,-0.6361914520985033,0.6628807785268966,0.10365847416734489,0.3430304615871088,-0.7554612978355029,-0.48394581839961204,-0.5830825582283827,-0.5406084244376491,-0.48745035876491977,-0.9225465665477193,0.5095243745591806,-0.6502395937747022,0.27136015715979356
-0.5504242788638798,-0.6323446466156936,-0.34742698705223657,-0.5236944461964547,-0.43671750185184677,0.02773775933032455,-0.5961515793373966,0.5950609108333953,0.21416076102949178,0.3430304615871088,-0.5282758930777357,-0.39273709569569115,-0.4446753343343239,-0.3819529812616707,-0.11207748687620717,-0.49050655784215264,0.5717151887560363,0.3383888808692974,0.27136015715979356
-0.5466671165508157,1.8796193023024044,-0.1324802278735728,3.358152624464763,1.7346092401179118,1.0758974717237402,1.2239332094710782,0.6628807785268966,0.6891231914345872,0.3430304615871088,-0.5687485996246698,-0.5574954799864458,-0.469332353840543,-0.4685797722918672,-0.3170332493799924,-0.5674737754656652,0.7337578954792309,0.7023569695454718,0.27136015715979356
-0.5429099542377517,-0.28477206693251583,-0.05997252176635791,-0.34054749821576097,-0.3568595880340323,0.2357299434156636,0.11174085154304969,0.6628807785268966,0.6891231914345872,0.3430304615871088,-0.11652914446382567,0.052397916234276955,-0.19382856676217963,-0.21884154543871936,0.27383809772077994,0.29251499693295935,0.7104749310837788,0.6689851109822897,0.27136015715979356
-0.5391527919246877,-0.8596315883442878,-0.2762497714406018,-0.6434591000463145,-0.8982721997849521,-1.174394441580505,-1.0590612422178753,-1.2169545864298774,-1.063380170832913,0.3430304615871088,-0.7879639251573716,-0.005965233590359439,-0.6028839993538784,-0.82415658698961,-1.158314755001481,-0.9843570310274488,-1.3779965926882132,-0.8444984807275523,0.27136015715979356
-0.5353956296116237,-0.08236573184720593,0.07299708398637153,-0.23389322026143106,-0.22275906682230037,0.5849985250798727,0.5239768015128308,0.6628807785268966,0.6891231914345872,0.3430304615871088,-0.06015162689210133,0.4720060643512128,-0.15948192506016862,-0.30395118637078705,0.07247185586640593,0.3997285004080458,0.7337578954792309,0.7023569695454718,0.27136015715979356
-0.5316384672985596,-0.3305362687461619,0.3025635529268856,-0.3646620986729718,-0.6045090740936022,-0.40928011295337385,0.018534039605539513,0.6628807785268966,0.6891231914345872,0.3430304615871088,-0.05031524930207545,0.27083126776861943,-0.15348934945056783,-0.30528258649499773,0.06932181273990862,0.41843440567584755,0.7337578954792309,0.7023569695454718,0.27136015715979356
-0.5278813049854956,1.8796193023024044,0.8432672140276328,3.358152624464763,1.7346092401179118,1.0758974717237402,1.2239332094710782,0.6628807785268966,0.6891231914345872,0.3430304615871088,2.446577313958991,0.33335004432539356,2.121391682211325,2.3904779541272787,1.306032912864972,1.394151094190043,0.7337578954792309,0.7023569695454718,0.27136015715979356
-0.5241241426724316,1.8796193023024044,2.3310990252824744,3.358152624464763,1.7346092401179118,1.0758974717237402,1.2239332094710782,0.6628807785268966,0.6891231914345872,0.3430304615871088,2.446577313958991,3.359254690947583,4.993462488284967,2.3904779541272787,1.306032912864972,1.394151094190043,0.7337578954792309,0.7023569695454718,0.27136015715979356
-0.5203669803593676,1.8662606709270946,-0.07859101132876128,2.423014065041513,1.7346092401179118,1.0758974717237402,1.2239332094710782,0.6628807785268966,0.6891231914345872,0.3430304615871088,1.434243140470462,-0.31239986701251443,0.832798314226372,1.3341025260161024,1.306032912864972,1.3922597591050547,0.7337578954792309,0.7023569695454718,0.27136015715979356
-0.5166098180463035,1.8796193023024044,0.23694819696561198,3.2171614402085407,1.7346092401179118,1.0758974717237402,1.2239332094710782,0.6628807785268966,0.6891231914345872,0.3430304615871088,1.9888288148777853,0.16137935423657315,1.08880994941551,2.196075206110681,1.306032912864972,1.394151094190043,0.7337578954792309,0.7023569695454718,0.27136015715979356
-0.5128526557332395,-0.002838140837810287,0.022844468546635306,-0.1919876257898972,0.03783458668733817,1.0758974717237402,0.6859486687211799,0.6628807785268966,0.6891231914345872,0.3430304615871088,-0.18942175436630873,0.3690745624722931,-0.2382366298142581,-0.4075269315844093,-0.17258450123396848,0.1538946315515724,0.7337578954792309,0.7023569695454718,0.27136015715979356
-0.5090954934201755,-0.7749708050250913,-0.2977145240602367,-0.5988486647447162,-0.760021852438245,-0.8143175209537066,-0.8866347298655531,-0.2697115082353745,-0.587516422606845,0.3430304615871088,-0.7469979861410831,-0.2372186889640156,-0.5779264898716872,-0.7314593288826373,-0.9389964933946073,-0.9064518299072487,-0.7609302830054929,-0.5996568057000072,0.27136015715979356
-0.5053383311071115,0.9337283444703719,-0.22712551155035762,0.3015187765895827,1.5860983091797896,1.0758974717237402,1.0581209795858935,0.6628807785268966,0.6891231914345872,0.3430304615871088,1.7157615866188838,-0.1469486364591012,0.9224503320798082,2.1848129532391156,1.306032912864972,1.2455574201822415,0.7337578954792309,0.7023569695454718,0.27136015715979356
-0.5015811687940473,-0.5862943648289866,-0.20586179942703428,-0.49942910118398537,-0.5698454402566308,-0.3189977030405046,-0.5023621154319408,0.6628807785268966,0.4730014997841423,0.3430304615871088,-0.01761641214219845,0.15094347386205573,-0.1335683722175068,-0.09351144147724622,0.5703644577142807,0.48061800372114805,0.7337578954792309,0.7023569695454718,0.27136015715979356
-0.4978240064809834,-1.0736124505230515,-0.8406981134594351,-0.7562123611638661,-1.046558997608143,-1.560611579942401,-1.4948707437259976,-2.232963916760075,-2.2661299108290147,0.3430304615871088,-1.009900275559188,-0.9002970513940203,-0.7380933635867887,-0.9043486610813807,-1.3480462167903586,-1.4064148778416745,-0.5790801644709681,0.5642766736219728,0.27136015715979356
-0.49406684416791935,-0.5918058451455374,-0.25035931033352077,-0.5023332738887258,-0.6092747272199699,-0.4216923906470747,-0.5135872103533792,0.6628807785268966,0.44202241384986746,0.3430304615871088,-0.13561664759634764,-0.018164466432682127,-0.2054571672986371,-0.16273578876962486,0.40658222920958614,0.25621616414334475,0.7337578954792309,0.7023569695454718,0.27136015715979356
-0.49030968185485535,-0.9523541554578583,-0.28535986906921096,-0.6923175433425758,-0.9850030960359313,-1.4002875018484595,-1.2479069891733205,-1.8112043855520088,-1.5845578236009983,-1.5744475279838563,-0.7465325052504912,-0.052640472691290914,-0.5776429068751864,-0.7737003533842503,-1.038937184752453,-0.9055666217741065,-1.0421199712306763,-0.5968747598423425,0.27136015715979356
-0.4865525195417913,-0.6000534067946216,0.11584131753952963,-0.5066791740908917,-0.6945038004669221,-0.6436739106332479,-0.530384814093955,0.17919529321361444,0.39566428383751734,0.3430304615871088,-0.3543469263037236,0.32657488237946625,-0.3387133097420286,-0.5181639475695787,-0.434347562092121,-0.1597446746159206,0.5932791313066608,0.6379608719707287,0.27136015715979356
-0.4827953572287273,-0.7633518474527918,-0.14450082375119877,-0.5927262697617066,-0.7921268252103822,-0.8979358261114355,-0.8629706878756783,-0.48968356485354053,-0.5222082541247768,0.3430304615871088,1.2845437977664569,3.475133755121554,0.6597413032474513,0.7355804350860966,1.306032912864972,1.394151094190043,0.7337578954792309,0.7023569695454718,0.27136015715979356
-0.47903819491566324,-0.4672057768890894,-0.13698970266837673,-0.43667757043778976,-0.49797043736868885,-0.13179723514563044,-0.2598173494330314,0.6431764630414504,0.6120767001340233,0.3430304615871088,-0.36381807859665993,-0.23758341460911225,-0.34448338065543826,-0.3358547417997443,-0.003010768524520196,-0.17775602848548308,0.6334216746099042,0.4976004215370741,0.27136015715979356
-0.47528103260259924,-0.64163243400561,-0.4590849302562416,-0.5285884741301534,-0.5989403765876578,-0.39477628357192535,-0.6150677849798064,0.6628807785268966,0.6891231914345872,0.3430304615871088,-0.6618628451590473,-0.22406326290251258,-0.5260599602778648,-0.6299155428553425,-0.698747676080226,-0.7445497610210586,0.2269533151283153,0.4200327041908222,0.27136015715979356
-0.4715238702895352,0.4617548008028425,0.10521889764333209,0.05282103947483753,0.24094645091276817,1.0758974717237402,1.2239332094710782,0.6628807785268966,0.6891231914345872,0.3430304615871088,0.045151142895835536,0.058368437921023315,-0.0953287544361856,-0.04970443661841297,0.6740102002966125,0.5999834843248535,0.7337578954792309,0.7023569695454718,0.27136015715979356
-0.4677667079764712,-0.4522100551732687,-0.04107877150853324,-0.42877585198944856,-0.5305761242295004,-0.21671966423957018,-0.22927593587303427,0.6628807785268966,0.6615772346770633,0.3430304615871088,-0.7117886586895065,-0.22551126940509805,-0.5564760570283191,-0.7255514942046578,-0.9250187764923464,-0.8394940156281334,-0.7216030599850561,-0.38922074792014383,0.12249594893225736
-0.46400954566340713,-0.9122105162351848,-0.12715496181542765,-0.6711645944788508,-0.9694740358626424,-1.3598416275722576,-1.166147437313302,-1.704804690778553,-1.35891731002444,-1.1251817100147372,-0.8251045403369777,-0.04809979510260572,-0.6255110226268223,-0.8401826270759911,-1.1962317692041182,-1.054987588138447,-1.4846785983578974,-1.066477291673732,0.27136015715979356
-0.46025238335034313,-0.47406927267755244,-0.11681970472653108,-0.4402941627112139,-0.49583892935450696,-0.12624566253284716,-0.2737960606491542,0.6628807785268966,0.6891231914345872,0.3430304615871088,-0.04384451655557398,0.05141644682433967,-0.1495472117196708,-0.11819071707054851,0.5119742104580621,0.4307398415603028,0.02088378449297561,0.4775544767463906,0.27136015715979356
-0.4564952210372791,-0.5613351823335878,-0.24018751464159777,-0.48627732119520556,-0.5941825015124619,-0.38238426403141107,-0.4515283690369779,0.3738701444361681,0.2185012928779308,0.3430304615871088,-0.48591972624797275,-0.3814817256302853,-0.4188708621150266,-0.4123980957691789,-0.1841094943440431,-0.409957551160246,0.3062324416683493,0.06584428831203548,0.27136015715979356
-0.4527380587242151,0.16419335040638497,-0.5440446930731376,-0.10397346809678103,1.7346092401179118,1.0758974717237402,1.2239332094710782,0.6628807785268966,0.6891231914345872,0.3430304615871088,0.8570493792934891,-0.3413757901815205,0.3993006479415573,2.0922497869619745,1.306032912864972,1.3575623465498312,0.7337578954792309,0.7023569695454718,0.27136015715979356
-0.448980896411151,-0.8598888530560344,-0.37591881233456237,-0.6435946609321083,-0.7428654576607752,-0.7696332079006916,-1.0595852068595706,-0.1521618853112923,-1.0648262116704559,0.3430304615871088,-0.6326115721871892,-0.40990816823889475,-0.5082393283067288,-0.44807721565119624,-0.2685249636684635,-0.6889224189262467,0.7337578954792309,0.08399800279177569,0.27136015715979356
-0.445223734098087,-1.0929625862810681,-0.5888543388111758,-0.7664085576254029,-1.048998171078935,-1.5669644758959638,-1.5342806840961338,-2.2496762811849473,-2.3748937064080824,-3.425866700448914,-1.0998810553909282,-0.7306819246970179,-0.7929119816824916,-0.9290825238296758,-1.40656561522304,-1.5775319306439415,-2.0764666656776996,-2.70873776023747,-2.124022206319936
-0.441466571785023,1.0667106352683249,-0.16461591358992347,0.37159133731151095,1.345303980539812,1.0758974717237402,1.2239332094710782,0.6628807785268966,0.6891231914345872,0.3430304615871088,0.4901858337559561,-0.0009125617603044446,0.1757978884226512,0.3870507741518797,1.306032912864972,1.394151094190043,0.7337578954792309,0.7023569695454718,0.27136015715979356
-0.43770940947195897,-0.727994600662421,-0.168811506714836,-0.5740954219412057,-0.784251076825666,-0.8774232177858434,-0.7909594624720832,-0.4357216885458053,-0.3234712317990756,0.3430304615871088,-0.26922070485840643,0.14629340233702579,-0.2868522141606484,-0.37312225240627367,-0.09118431116812419,0.0021404319274387043,0.7337578954792309,0.7023569695454718,0.27136015715979356
-0.43395224715889497,-0.3663916054555631,-0.46984839246484905,-0.38355540577197583,0.007868091501448472,0.7930520938623564,-0.05449163315147786,0.6628807785268966,0.2870352689640179,0.3430304615871088,0.1326033857026825,-0.4199137543827795,-0.04205058648737029,0.38689480115358144,1.1209893422771706,0.7302717437894645,0.7337578954792309,0.6613660882331284,0.27136015715979356
-0.4301950848458309,-0.37990603074969187,-0.07811580995363072,-0.390676582444166,-0.5426250960936737,-0.2481015505699508,-0.08201612712086227,0.6628807785268966,0.6891231914345872,0.3430304615871088,-0.2700595621417854,-0.15299004519008197,-0.287363267711645,-0.376301416764458,-0.09870609568082879,0.0005451714026695729,0.22911882931161714,0.7023569695454718,0.27136015715979356
-0.4264379225327669,-0.9709449388567298,-0.2666608138295765,-0.702113613110728,-1.0053398585656785,-1.453255172221577,-1.285770375474374,-1.950544777159691,-1.6890534297577473,-2.1628033042391603,-0.8773454874110159,-0.1925181946881801,-0.6573375586044459,-0.8786441334324671,-1.2872302613402,-1.1543345477405367,-1.740708822734547,-1.3787064579952406,-0.17014341351610957
-0.42268076021970286,-0.8007105700047225,-0.1644715303047545,-0.6124117582489771,-0.8617732797699951,-1.079331977164193,-0.9390582691974895,-0.9668767384586316,-0.7321952285598365,0.3430304615871088,-0.7112357362813233,-0.28574911784695783,-0.5561392023979483,-0.7233350111751435,-0.9197746601631132,-0.8384425193742271,-0.7068483948371658,-0.3859160891760583,0.27136015715979356
-0.41892359790663886,-0.6930818132434684,-0.21943182353222648,-0.5556987737731917,-0.7030644694599733,-0.66597041395987,-0.7198534564190633,0.12054058019473948,-0.12723243939900067,0.3430304615871088,-0.5217241799918007,-0.03586802417958542,-0.44068386128638976,-0.553555808488615,-0.5180833874046391,-0.4780471211028072,0.423336339880155,0.7023569695454718,0.27136015715979356
-0.4151664355935748,1.2686495988879591,-0.1724450452729163,0.513206219106389,1.2446114490645162,1.0758974717237402,1.2239332094710782,0.6628807785268966,0.6891231914345872,0.3430304615871088,-0.6570919991038411,-0.467899700324187,-0.5231534374806345,-0.6430820953162586,-0.7298992490183521,-0.735477011064167,0.035555082551061656,0.25274142332250105,0.27136015715979356
-0.4114092732805108,-0.49979833263781137,-0.10831549400427819,-0.45385161540333574,-0.326676012568925,0.3143439152108054,-0.326197797334305,0.6628807785268966,0.6891231914345872,0.3430304615871088,-0.7354447838418292,-0.23503335583200832,-0.5708879802498589,-0.6673127490686439,-0.7872280737009394,-0.8844810275695331,-0.3339198827743406,-0.5306066271661443,0.27136015715979356
-0.40765211096744675,-1.03511832332357,-0.6935516421152808,-0.7359285921790051,-0.8932511024264868,-1.1613168521950004,-1.4164707119896,-1.182551781597717,-2.0497610215314537,0.3430304615871088,-0.8723377735126506,-0.8091880057506062,-0.6542867297914431,-0.5868247037174895,-0.5967963549312345,-1.1448113446168484,-0.14864944749480416,-1.3487767874353274,0.27136015715979356
-0.40389494865438275,-0.2465251466547444,-0.178250334015489,-0.3203939903500956,-0.38305273192982886,0.14311804776742929,0.17338077016757508,0.6628807785268966,0.6891231914345872,0.3430304615871088,-0.4931738064819805,-0.48213159431360897,-0.42329023539371785,-0.48562788307185906,-0.35736844479251206,-0.4237526842181732,0.7337578954792309,0.7023569695454718,0.27136015715979356
-0.4001377863413187,0.6933105519251942,0.17713948383252776,0.1748350635503053,0.8438045906784554,1.0758974717237402,1.0182833811758203,0.6628807785268966,0.6891231914345872,0.3430304615871088,-0.47921752395917694,-0.3145945940031777,-0.41478770715286306,-0.5087150438099346,-0.41199180757493764,-0.3972119280939879,0.1836198370597572,0.12169919766795288,0.27136015715979356
-0.3963806240282547,0.9735307507640996,-0.09688401230684314,0.322491919067129,1.390836253786382,1.053211486711344,0.9129298906256459,0.6628807785268966,0.6882220639756211,0.3430304615871088,0.7090363351021082,-0.35863242859691064,0.3091272736067029,1.4309573089691836,1.1958711249862142,0.9125945716759645,0.7337578954792309,0.6369751409906611,0.27136015715979356
-0.3926234617151907,-0.41687349394343337,-0.09770640760975643,-0.4101559040428193,-0.6518612069014039,-0.5326100755449685,-0.15730684023624592,0.6628807785268966,0.6891231914345872,0.3430304615871088,-0.5265747919425063,-0.2352724396266089,-0.4436389795300161,-0.6071368111578703,-0.6448540449252073,-0.48727156239842545,0.588476819268405,0.5943448360059116,0.27136015715979356
-0.38886629940212664,-0.5524597561566985,-0.30570515460922776,-0.4816005793825843,-0.5345131272981991,-0.22697369953627786,-0.4334520092240608,0.6628807785268966,0.6891231914345872,0.3430304615871088,-0.5457959215900852,-0.2301964874986341,-0.45534898879520336,-0.5469724236925371,-0.5025073440733658,-0.5238245136283914,0.19332188276526724,0.12676305813363697,0.27136015715979356
-0.38510913708906264,-0.8942970168827971,-0.35071438068593225,-0.6617254070232853,-0.907194595937162,-1.1976330734737275,-1.1296634585894998,-1.2780877275632927,-1.2582286013748543,0.3430304615871088,-0.7888086714061389,-0.11152606800832915,-0.6033986406148867,-0.794370442496684,-1.0878418460550228,-0.9859634906372211,-1.1797164424736963,-0.8495472869184691,0.27136015715979356
-0.3813519747759986,1.8693739784260988,2.8459263046132572,1.365250984804423,1.5834315876020835,1.0758974717237402,1.2239332094710782,0.6628807785268966,0.6891231914345872,0.3430304615871088,1.118715752348233,1.0411193896329571,0.558714569445666,0.7279699923241609,1.3029317990509244,1.3731274820644985,0.7337578954792309,0.7023569695454718,0.27136015715979356
-0.3775948124629346,-0.9875290842642698,-0.29226203116656196,-0.7108523220705308,-1.0172970072373928,-1.4843979024629004,-1.3195468920722007,-2.032470982276697,-1.7822700677966834,-2.5087313976737047,-0.8387891088575524,-0.10512179917271633,-0.6338480156706316,-0.8524746098084861,-1.225314142724604,-1.081011623921309,-1.5665037631828327,-1.148266035177798,0.21730558910033387
-0.3738376501498705,-0.7516572379272047,-0.0724276177745517,-0.5865640113799053,-0.825551953727686,-0.9849925140623313,-0.8391525674335778,-0.7187008674023324,-0.4564748589835644,0.3430304615871088,-0.6158860912371963,0.01949057041485603,-0.4980497327688911,-0.6856433805086022,-0.8305976652473098,-0.6571154595709783,-0.4559430723249605,0.1839614082396527,0.27136015715979356
-0.3700804878368065,1.313624031905689,-0.4605813529412139,0.719113489779452,1.7346092401179118,1.0758974717237402,1.1739085962493023,0.6628807785268966,0.6891231914345872,0.3430304615871088,1.4661699520738514,-0.45056446576048353,0.7703926535445542,2.094427556028086,1.306032912864972,1.29183098614164,0.7337578954792309,0.7023569695454718,0.27136015715979356
-0.36632332552374247,-0.9371246440827236,-0.34134183017148395,-0.6842926337535159,-0.9591109238020681,-1.3328506105477278,-1.216889422027216,-1.633800267597503,-1.4989553512106768,-0.8253701332260732,-0.8754108759844631,-0.33219474712434416,-0.6561589432917747,-0.8604946894084091,-1.2442893524743235,-1.1506554842088765,-1.619891760014143,-1.3671438400355669,-0.58012602285365
-0.36256616321067847,-0.8289306786877859,-0.05379203554992638,-0.6272818230328499,-0.9370697414298425,-1.2754437307251314,-0.9965334628781118,-1.4827817867183617,-0.890815621223087,0.3430304615871088,-0.5240214917076281,0.30421461392211613,-0.44208344299519703,-0.675368090828652,-0.80628671240863,-0.48241593420839773,-0.387542612449321,0.23443824710527772,0.27136015715979356
-0.3588090008976144,0.6257611552157661,0.29930935508319373,0.1392411572169954,0.5624383279197841,1.0758974717237402,1.048008314057033,0.6628807785268966,0.6891231914345872,0.3430304615871088,0.02332061135493696,-0.029437567936607473,-0.10862847881737954,-0.08288202178976926,0.5955132689666847,0.5584682160045475,0.4879894864581185,0.42099944959841573,0.27136015715979356
-0.3550518385845504,-0.6901101000235148,-0.546288605063468,-0.554132884406993,-0.5472352090187942,-0.2601087194319331,-0.7138010419936536,0.6628807785268966,0.6061454008142292,0.3430304615871088,-0.8798530270989321,-0.7839249685296712,-0.6588652166306237,-0.785065185084737,-1.0658259534485965,-1.159103152791341,-1.1177732850481228,-1.393693303948982,0.27136015715979356
-0.35129467627148636,0.23346779665356837,-0.48114306293290504,-0.06747057878718891,0.7672755653202484,0.5738174610519469,0.3752800940806391,0.6628807785268966,0.47336216611443993,0.3430304615871088,0.7620854745570486,-0.5309012357902207,0.3414461812836955,1.1646271925114555,0.6771009496834053,0.5035468743322252,0.7337578954792309,0.4895840441213244,0.27136015715979356
-0.34753751395842236,0.18410177780895393,-0.09973659644184256,-0.09348309016996263,0.17149873450020986,1.0758974717237402,0.5954551487746771,0.6628807785268966,0.6891231914345872,0.3430304615871088,-0.7504003405736149,-0.5016925178729786,-0.5799992921813797,-0.7337999550237561,-0.9445343277041116,-0.9129221101623457,-0.9517047429483176,-1.1274137113544684,0.27136015715979356
-0.3437803516453583,-0.6010893911941427,-0.6322098445198041,-0.5072250669259968,-0.07726517164648719,0.8217498258071647,-0.5324947777613989,0.6628807785268966,0.6891231914345872,0.3430304615871088,-0.34604153362928836,-0.6392678120708143,-0.33365344973630695,-0.015428119819157484,0.42976563171804477,-0.14395025363543532,0.7337578954792309,0.320622263374312,0.27136015715979356
-0.3400231893322943,1.8796193023024044,0.37952690071698125,3.2166726274280073,1.7346092401179118,1.0758974717237402,1.2239332094710782,0.6628807785268966,0.6891231914345872,0.3430304615871088,0.32138983268693117,-0.10679192676455809,0.07296299928312439,0.10512840955538537,1.0750218139855934,1.0700861418914664,0.7337578954792309,0.7023569695454718,0.27136015715979356
-0.3362660270192303,1.8008210394675603,1.116416841374556,1.9466126892090132,1.6814132013234244,1.0758974717237402,1.2239332094710782,0.6628807785268966,0.6891231914345872,0.3430304615871088,0.09449348309537431,0.018787220791977872,-0.06526812472832466,0.01015099441796886,0.7042907616793962,0.5713114834179446,0.7337578954792309,0.7023569695454718,0.27136015715979356
-0.33250886470616625,-0.9798749883212687,-0.40454366398774405,-0.7068191376553793,-0.9935449275876691,-1.4225349425290157,-1.303957985179076,-1.8697300310044271,-1.7392477067704912,-1.821568274263587,-0.9995853380608586,-0.4908467643254358,-0.7318092369048543,-0.9358341001086454,-1.4225395933411522,-1.3867988919849845,-2.1214105005233534,-2.1092990065103607,-2.371033393268097
-0.32875170239310225,-0.300840248427083,0.4194965522982527,-0.34901432952625006,-0.6145624943638622,-0.4354645289939653,0.07901518581767304,0.6628807785268966,0.6891231914345872,0.3430304615871088,0.31742059237278275,1.0378645718566342,0.0705448354339318,-0.1339497837730717,0.4746888453423456,0.6369664257853281,0.7337578954792309,0.7023569695454718,0.27136015715979356
-0.3249945400800382,-0.6084695127448341,-0.44022486829798946,-0.511113885597963,-0.5062877703595356,-0.1534599630059966,-0.5475256878218906,0.6628807785268966,0.6867592278925706,0.3430304615871088,-0.10602733519966645,-0.5830359226327091,-0.18743059296774717,0.5433026142897817,0.9185687963282054,0.16986341509867003,0.7337578954792309,0.6750703050142147,0.27136015715979356
-0.3212373777669742,-0.5767025634365436,-0.26576452062920436,-0.49437487868960966,-0.6036015824774662,-0.4069165254984129,-0.48282673202969384,0.6628807785268966,0.6891231914345872,0.3430304615871088,-0.6992865688831001,-0.17881181823759357,-0.5488594605976479,-0.7413072390270635,-0.9622962821633735,-0.8157187075507689,-0.8264857664686174,-0.23366305292658368,0.27136015715979356
-0.31748021545391014,1.2192410442484642,1.0330006649856347,0.4519644176748242,0.6865452678721186,1.0758974717237402,1.2239332094710782,0.6628807785268966,0.6891231914345872,0.3430304615871088,0.792306943347373,0.8296495280021567,0.35985788163799615,0.3237079667960138,1.185708633884186,1.2813729804088538,0.7337578954792309,0.7023569695454718,0.27136015715979356
-0.31372305314084614,1.8612326492112947,1.3490259457249674,0.927590139370962,1.624294484922429,1.0758974717237402,1.2239332094710782,0.6628807785268966,0.6891231914345872,0.3430304615871088,1.0833822649593563,0.7004942076554734,0.537188495157557,0.8014690101705095,1.306032912864972,1.3890327095702115,0.7337578954792309,0.7023569695454718,0.27136015715979356
-0.3099658908277821,-1.0883466341503938,-0.7958173040009096,-0.763976266949514,-1.0664717899737448,-1.612475008090653,-1.5248794891641586,-2.3693994129294778,-2.3489482308712786,-3.9313898678560806,-1.039570308177236,-0.9052057193997359,-0.7561691147640675,-0.9397604156291517,-1.431829109687835,-1.4628385779656559,-2.1475471638763617,-2.3482777116079996,0.27136015715979356
-0.3062087285147181,1.0261041683410745,0.5727260662608107,0.3501945099415738,0.9398824528800512,1.0758974717237402,1.2239332094710782,0.6628807785268966,0.6891231914345872,0.3430304615871088,-0.3032709162190635,0.14504229862426435,-0.3075964835051487,-0.39858916580472104,-0.15143808014793697,-0.06261308350358467,0.7278713620344022,0.7023569695454718,0.27136015715979356
-0.30245156620165403,0.5529484760500942,-0.12559843562437106,0.10087386145492622,0.7772556936515658,1.0758974717237402,0.9028077778026673,0.6628807785268966,0.6891231914345872,0.3430304615871088,-0.15510956878988474,-0.34066619343720855,-0.21733275900250976,-0.16800614586026089,0.39411276054598976,0.21914634510663644,0.7337578954792309,0.7023569695454718,0.27136015715979356
-0.29869440388859003,-0.3520193326080614,0.13157151814363077,-0.37598220218391865,-0.44918717532349567,-0.004739856177093742,-0.025219982399942595,0.6628807785268966,0.6891231914345872,0.3430304615871088,-0.2950646000073295,0.16973501645692418,-0.3025969834427518,-0.3932399977125539,-0.1387821475888219,-0.047007076897052906,0.6268958520905308,0.7023569695454718,0.27136015715979356
-0.294937241575526,-0.8142305760478739,-0.3021152493400529,-0.6195358755937359,-0.8095213439677438,-0.9432403397719211,-0.9665941293396432,-0.6088647300922365,-0.8081888645680846,0.3430304615871088,-0.935752202408194,-0.3036633055081186,-0.6929204398557741,-0.9009301599828236,-1.339958170460321,-1.2654069895760882,-1.8890622524017933,-1.727786651838223,-0.9890094668903224
-0.291180079262462,0.42097635769999303,-0.04865768029834873,0.03133359243715961,0.6760092195526308,1.0758974717237402,1.1315465941596552,0.6628807785268966,0.6891231914345872,0.3430304615871088,0.2215169189610173,-0.029426280999140644,0.012117837395405154,0.1446640155678686,1.0531971306507244,0.9353794641317799,0.7337578954792309,0.7023569695454718,0.27136015715979356
-0.287422916949398,0.732080643803545,0.2130046193228274,0.1952642470230745,0.38537561596298264,1.0664917058925323,1.1709537817826245,0.6628807785268966,0.6891231914345872,0.3430304615871088,2.1139604910202157,0.578540223249732,1.6655212887163455,2.0115797848380277,1.306032912864972,1.394151094190043,0.7337578954792309,0.7023569695454718,0.27136015715979356
-0.2836657546363339,1.8796193023024044,0.9852003294488685,3.358152624464763,1.7346092401179118,1.0758974717237402,1.2239332094710782,0.6628807785268966,0.6891231914345872,0.3430304615871088,2.446577313958991,0.7664818952865449,4.61133730068642,2.3904779541272787,1.306032912864972,1.394151094190043,0.7337578954792309,0.7023569695454718,0.27136015715979356
-0.2799085923232699,-0.8418933484805656,-0.11160799475457339,-0.6341122623396362,-0.8902270160634634,-1.1534405341516505,-1.0229342101369308,-1.1618317983918025,-0.9636765657214561,0.3430304615871088,-0.3179836495072046,0.2976242265605226,-0.3165598611150638,-0.43901443919635746,-0.24708277197911457,-0.09059238712420507,0.5831113282929896,0.7019517798018534,0.27136015715979356
-0.27615143001020587,0.07579705843219756,-0.4533464099938856,-0.15055226065469574,0.674749190766923,0.611281482602181,0.4903033189917171,0.517507546324691,0.13767579642888483,0.3430304615871088,-0.7200667470390405,-0.7009268613919185,-0.5615192825331905,-0.6861546477338718,-0.8318073044680622,-0.8552365117907343,-0.4593464715883339,-0.6319350905515743,-0.31351051226083027
-0.27239426769714187,-0.7214852343786596,-0.40535104140648676,-0.5706654316662354,-0.7988954814530269,-0.9155649817946397,-0.7777019980129926,0.6628807785268966,0.6891231914345872,0.3430304615871088,-0.6889132168794984,-0.5103443220174247,-0.542539746288425,-0.6825591108657054,-0.8233003980980894,-0.795991634437421,0.609339555344347,0.5968694233297852,0.27136015715979356
-0.2686371053840778,-0.6796101113480161,-0.35978862336461903,-0.5486001094064373,-0.48274204748124955,-0.09213446509108875,-0.6924159761334745,0.6628807785268966,-0.05151031272337354,0.3430304615871088,-0.5461333176420874,-0.31261483025478887,-0.4555545391955914,-0.41986047617374256,-0.20176520856041597,-0.524466141964506,0.7337578954792309,0.6008537420893457,0.27136015715979356
-0.2648799430710138,1.4361327208064625,0.9084015484860416,0.5662514786398243,1.216390766531942,1.0758974717237402,1.2239332094710782,0.6628807785268966,0.6891231914345872,0.3430304615871088,0.10008651397669069,0.9241002226053757,-0.06186070567223777,-0.2594729968217281,0.17770559643792047,0.7044544481410433,0.7337578954792309,0.7023569695454718,0.27136015715979356
-0.26112278075794976,-0.34043479609065797,-0.5004884601261574,-0.3698779447397113,-0.3632129500546148,0.21918243322199285,-0.0016260449167178395,0.6628807785268966,0.530642836877206,0.3430304615871088,-0.24781103410787428,-0.49663773288724744,-0.2738088890569719,-0.2299421048050988,0.24757458752839587,0.04285534645860729,0.6417579786554549,0.4641201455626843,0.27136015715979356
-0.25736561844488576,0.29135451618083164,-0.22868124410598953,-0.03696824163591942,0.6105646902978534,1.0758974717237402,1.2239332094710782,0.6628807785268966,0.6891231914345872,0.3430304615871088,-0.0040246982683797075,-0.08033619672183033,-0.12528794862584675,-0.11917564426294278,0.6254901082773754,0.5513356164413338,0.7337578954792309,0.7023569695454718,0.27136015715979356
-0.2536084561318217,0.3701033642375642,0.3324661833279944,0.004527008627297265,-0.30217685800347766,0.3781526527886119,1.2239332094710782,0.6628807785268966,0.6891231914345872,0.3430304615871088,0.30390685950627044,0.23513861837815672,0.06231191988861755,0.3935316008856318,1.2624916164299695,1.0614884074272337,0.7337578954792309,0.7023569695454718,0.27136015715979356
-0.2498512938187577,0.14201063253195553,0.8172105736440298,-0.11566224136054787,-0.24265752423405462,0.5331724327223699,0.9809585638752801,0.6628807785268966,0.6891231914345872,0.3430304615871088,-0.33879729276164283,0.2271450721370316,-0.3292400708540661,-0.46772507740544716,-0.3150110730986011,-0.13017383216654796,0.7337578954792309,0.7023569695454718,0.27136015715979356
-0.24609413150569368,-0.16868598183394634,-0.6018346536507068,-0.2793780808577793,0.02217661564890048,1.0758974717237402,0.6348989304404618,0.6628807785268966,0.6891231914345872,0.3430304615871088,-0.9359763675947503,-0.8318357692586238,-0.6930570070846318,-0.8554036931297548,-1.2322442448143693,-1.2658332860155697,-1.3425343557083247,-0.9531213555469386,0.27136015715979356
-0.24233696919262965,-0.8912138222458871,-0.29791068818117894,-0.6601007745845149,-0.9228457993653314,-1.2383970732949052,-1.1233839927340856,-1.385324305244852,-1.2408984929243048,0.3430304615871088,-0.6961450287290083,-0.09624883825509604,-0.5469455530913818,-0.7276879453400495,-0.9300735403396372,-0.8097444195591103,-0.7358249695091948,-0.2957232557348193,0.27136015715979356
-0.23857980687956562,-0.21041038302152829,-0.051364105885407796,-0.3013639830276009,0.012463885258555558,1.0758974717237402,0.2631914442109075,0.6628807785268966,0.6891231914345872,0.3430304615871088,0.4699717378767526,0.03983509654924161,0.16348293844973252,0.8911046695602717,1.306032912864972,1.394151094190043,0.7337578954792309,0.7023569695454718,0.27136015715979356
-0.2348226445665016,0.04881170426523454,0.12288955541750615,-0.16477169436365904,-0.07127743204888047,1.0758974717237402,0.791142624003612,0.6628807785268966,0.6891231914345872,0.3430304615871088,0.473541065307305,0.3688768141143142,0.16565746502796264,0.19865329476960816,1.0594993793081768,1.111514967425685,0.7337578954792309,0.7023569695454718,0.27136015715979356
-0.23106548225343757,-0.8837851516255708,-0.27797099759377814,-0.6561863738774599,-0.9334518786758279,-1.2660209053600069,-1.1082542039906262,-1.4579934551346203,-1.1991432089885035,0.3430304615871088,-0.918478887144093,-0.16042342457321976,-0.6823970894860604,-0.9032796212192126,-1.3455169082763068,-1.2325582100295622,-1.9047021257323309,-1.624548997726102,-1.1747237943655642
-0.22730831994037354,0.024833127018738282,0.1439349315299167,-0.17740676253738785,-0.08454062026920603,0.8701479942268621,0.7423060519369971,0.6628807785268966,0.6891231914345872,0.3430304615871088,-0.18385779844767647,0.2330337318665382,-0.23484692397735293,-0.35028429120863774,-0.037150545220794966,0.16447564385773844,0.7337578954792309,0.7023569695454718,0.27136015715979356
-0.2235511576273095,-0.5164363643897572,-0.24525150054268832,-0.4626187187765431,-0.39214899241068274,0.14381769652032042,-0.36008406290993156,0.6628807785268966,0.6891231914345872,0.3430304615871088,-0.29922243345843785,0.04002976634311222,-0.3051300431082501,-0.3371026674823569,-0.005963314229908582,-0.054914056671245624,0.7337578954792309,0.7023569695454718,0.27136015715979356
-0.21979399531424548,-0.39191877215985815,-0.2584291904951511,-0.397006474543706,-0.2722204407173458,0.4561749847133914,-0.10648217886214811,0.6628807785268966,0.5467784855244942,0.3430304615871088,-0.05737549791314843,-0.32656591145761243,-0.1577906354918199,0.20564789198842925,1.0420176405558883,0.4050078835159238,0.7337578954792309,0.7023569695454718,0.27136015715979356
-0.21603683300118146,-0.9182318660630526,-0.47591924847058,-0.6743374335005703,-0.9298610494286198,-1.2566684895241962,-1.1784109707908779,-1.4333903476945609,-1.3927622850663957,0.3430304615871088,-0.6603781236192721,-0.2350038798478236,-0.5251554295189685,-0.664699426809736,-0.781045050529089,-0.7417262561059744,-0.24271663464914123,0.13373792408400428,0.27136015715979356
-0.21227967068811743,-0.20241247311310753,-0.2307723852645487,-0.29714963219680046,0.13748026632012733,1.0758974717237402,0.27948058845868806,0.6628807785268966,0.6891231914345872,0.3430304615871088,-0.4602925020898514,-0.06743880080209602,-0.4032580944039256,-0.4854566096069182,-0.35696321815088694,-0.36122208701289626,0.7337578954792309,0.7023569695454718,0.27136015715979356
-0.20852250837505343,-0.7168498680228031,-0.24741624895402511,-0.568222911023147,-0.809081684267652,-0.9420952337091064,-0.7682612626113112,-0.6058523354352515,0.6891231914345872,0.3430304615871088,-0.07623110694975319,0.09994624312225178,-0.16927796014795374,-0.2632621566297697,0.1687405854006954,0.36915004528459305,0.7337578954792309,0.7023569695454718,0.27136015715979356
-0.2047653460619894,-1.0751734558524115,-0.5746928987408202,-0.7570349040759519,-1.007619034592114,-1.4591913503282934,-1.4980500044669482,-1.966160894995649,-2.2749040541561465,-2.228741350095504,-1.0670580668035543,-0.578604842647041,-0.7729153681890827,-0.9353671503849446,-1.4214348076791867,-1.5151122329958795,-2.118302113622862,-2.5125641658290117,-2.352544486621925
-0.20100818374892537,-1.0016372406269094,-0.6639127616032515,-0.7182863543575632,-0.9351127711451517,-1.2703467465410532,-1.3482806233460942,-1.4693733100527877,-1.8615695959143579,0.3430304615871088,-0.9536155759242405,-0.6837691022729603,-0.70380326897226,-0.8003777155428183,-1.1020548304342923,-1.2993778868597947,-1.2197056059671347,-1.8345509149879693,0.27136015715979356
-0.19725102143586135,-0.2842432077712957,-0.3364423494839975,-0.3402688256536784,-0.13603988256691005,0.992925816596954,0.11281796584697656,0.6628807785268966,0.6891231914345872,0.3430304615871088,-0.037710485756722034,-0.32569995167579047,-0.14581020152285115,0.00140406410037962,0.7949310102524356,0.44240496909154103,0.7337578954792309,0.7023569695454718,0.27136015715979356
-0.19349385912279732,0.3471616078901452,-0.31449149126566744,-0.007561725933338605,1.3394613846068273,0.9522312608286584,0.8582698935798473,0.6628807785268966,0.6891231914345872,0.3430304615871088,1.9136423623742,-0.10492202246916603,1.0534457837792823,2.0029403178344873,1.284806775588458,1.1529728142554652,0.7337578954792309,0.7023569695454718,0.27136015715979356
-0.1897366968097333,-1.0145219706968764,-0.3125685717997816,-0.7250757247676818,-1.0343992019648856,-1.528941049960334,-1.3745226327093802,-2.149649245394733,-1.93399245459331,-3.0035090221773686,-0.8091621529182833,0.007783283023866951,-0.6157985079200883,-0.8405726452925232,-1.197154537784241,-1.0246698430064298,-1.4872748682638177,-0.9711942117965788,0.27136015715979356
-0.18597953449666926,-0.7385954790334603,-0.5769846827748049,-0.5796813589024585,-0.754644582246107,-0.8003122693986587,-0.8125500078666116,0.31489791638651166,-0.29330984197367316,0.3430304615871088,-0.9447233686653028,-0.6937233733567008,-0.6983859063458524,-0.8642725317754574,-1.2532275868675182,-1.282467516646271,-1.6450400685575155,-1.7814047410627336,0.27136015715979356
-0.18222237218360524,-0.8062020718722674,-0.23744934989746444,-0.6153054036791996,-0.852746436498922,-1.0558213098103024,-0.9502426745085852,-0.9050279621584424,-0.7630620190574748,0.3430304615871088,-0.6783029154153084,-0.33429802147006316,-0.5360756762399819,-0.6864831267489331,-0.8325844735885919,-0.775813952944868,-0.4503719290437537,0.273587007514465,0.27136015715979356
-0.1784652098705412,1.0376106401590042,0.48208401475350454,0.3562576326349703,1.2062018434201363,1.0758974717237402,1.2239332094710782,0.6628807785268966,0.6891231914345872,0.3430304615871088,2.0952898263606246,1.0595981754807309,1.7676876710665506,2.0409394820634374,1.306032912864972,1.394151094190043,0.7337578954792309,0.7023569695454718,0.27136015715979356
-0.17470804755747718,-1.0786534019952028,-0.75818195800649,-0.7588685973890736,-1.0456448324459908,-1.5582306110490178,-1.5051375242494311,-2.2267003764594944,-2.2944642347995274,-3.3288524312629106,-1.1835681426709606,-0.931370404631387,-0.8438963195124645,-1.0324187008656365,-1.6510551629340755,-1.73668022608818,-2.764354039290363,-3.208911492851624,-6.195307348719263
-0.17095088524441315,-0.7403555549703081,-0.1588069149643461,-0.5806087983924828,-0.8235045861331973,-0.9796600875407141,-0.8161347107640723,-0.704673019952983,-0.39295003671898804,0.3430304615871088,-0.5679176756466258,-0.19645485971217103,-0.4688261334643222,-0.5781155844600359,-0.5761909030044047,-0.5658936017608823,0.25984703464277553,0.437003444450192,0.27136015715979356
-0.16719372293134913,-0.6087700089697264,-0.5534199304000852,-0.5112722265307231,-0.5827330993584441,-0.3525639738856104,-0.5481377010114938,0.6628807785268966,0.4829949124011936,0.3430304615871088,-0.20050185332955422,-0.38781307422596323,-0.24498691264871061,-0.22853259881829002,0.250239142128826,0.1328235330026038,0.7337578954792309,0.7023569695454718,0.27136015715979356
-0.1634365606182851,-0.239088570588801,-0.15824465832440662,-0.3164754240145507,-0.14034787023734083,0.7447090660126774,0.20478329265664197,0.6628807785268966,0.6583457263948334,0.3430304615871088,-0.29635145605103985,-0.11894144397541126,-0.3033809694243828,-0.3352775685274938,-0.0016451980502636594,-0.04945429967053782,0.6317654222620137,0.4814332965435876,0.27136015715979356
-0.15967939830522107,-0.10911675175778399,0.24682239962618907,-0.24798917586431202,-0.3483890488352228,0.257791701156546,0.46949366440721735,0.6628807785268966,0.6891231914345872,0.3430304615871088,-0.4240927325584555,0.15504300565618973,-0.3812042586313859,-0.6075910592365598,-0.6459287789679442,-0.292380742384445,-0.015552347469538867,0.6784147780854753,0.27136015715979356
-0.15592223599215707,1.561612849848341,-0.13737615950017285,0.6347971512544939,1.480638135896898,1.0758974717237402,1.222102138616982,0.6628807785268966,0.6891231914345872,0.3430304615871088,0.36117710863260527,-0.4605079330761696,0.09720243674091218,0.2622701992529106,1.074796642086598,1.0502059013264737,0.7337578954792309,0.7023569695454718,0.27136015715979356
-0.15216507367909304,-0.93350117002041,-0.48751976128955143,-0.6823833110554925,-0.9502220182445037,-1.3096992058508292,-1.2095095824997697,-1.5728965923176739,-1.4785884247390577,0.3430304615871088,-0.9229168896491279,-0.48518140938540116,-0.6851008353847546,-0.87227382278778,-1.2721583435184627,-1.2409979891736274,-1.6983029936806413,-1.6510736665900987,0.27136015715979356
-0.14840791136602902,1.8796193023024044,0.8727899756362772,3.358152624464763,1.7346092401179118,1.0758974717237402,1.2239332094710782,0.6628807785268966,0.6891231914345872,0.3430304615871088,0.2518717899843758,0.3914599662058983,0.03061080984002276,-0.10459116681459152,0.5441502400589553,0.9931055260465899,0.7337578954792309,0.7023569695454718,0.27136015715979356
-0.144650749052965,-0.3456342125043518,0.22088361721792177,-0.372617681137552,-0.5556640156568469,-0.28206178354378686,-0.012215567046468236,0.6628807785268966,0.6891231914345872,0.3430304615871088,-0.6514948388592868,-0.14392748014918105,-0.5197435027096692,-0.6940118202312797,-0.8503970820781874,-0.7248328538685772,-0.5116500298221819,0.06224573168339559,0.27136015715979356
-0.14089358673990096,-0.13742621998472448,-0.11047181508379204,-0.26290632700853184,-0.1279640822952741,1.0541862311046113,0.41183647436544607,0.6628807785268966,0.6891231914345872,0.3430304615871088,-0.26573224584932253,-0.09291200108729834,-0.28472695471614284,-0.32328168072412355,0.026736625891394774,0.008774457833547173,0.7261999635861416,0.6841654397729799,0.27136015715979356
-0.13713642442683693,-0.9310897813608134,-0.2460557053379923,-0.6811126743619919,-0.9611821205743108,-1.3382451008334642,-1.2045983671743428,-1.6479913842473979,-1.4650344225080807,-0.885291203894433,-0.6895141844292192,0.012549259667487768,-0.5429058712615317,-0.7255277405541656,-0.9249625762396236,-0.7971344984593821,-0.7214449368889823,-0.25609260001956086,0.27136015715979356
-0.1333792621137729,-1.142708268414227,-0.5770989704227321,-0.7926211255621791,-1.103290073140137,-1.7083692628231388,-1.6355964780035452,-2.6216654256354555,-2.6545056569459806,-4.9965667631984045,-1.1759074331573387,-0.6937418736172962,-0.8392292171606663,-1.0433373508415753,-1.6768882822810713,-1.722111803400618,-2.837037214445279,-3.1631256279537405,-6.627632050632442
-0.12962209980070888,1.6148900891623799,1.3340028574028813,2.029142404967719,1.7346092401179118,1.0758974717237402,1.2239332094710782,0.6628807785268966,0.6891231914345872,0.3430304615871088,1.748915909700997,0.6663559669764301,0.942648803116159,1.5145950007120166,1.306032912864972,1.2036680209027897,0.7337578954792309,0.7023569695454718,0.27136015715979356
-0.12586493748764485,-0.38468088011570056,-0.22588394446928664,-0.3931926010819095,-0.17834401844471037,0.7006787686107311,-0.09174094410116533,0.6628807785268966,0.5483816095592096,0.3430304615871088,-0.2602473752646624,-0.33439853133181235,-0.281385429709945,0.0615856538573476,0.9373184110858501,0.019205073029417433,0.7337578954792309,0.5265232796442598,0.27136015715979356
-0.12210777517458082,1.0310839331326658,0.278263909804035,0.3528185049761464,1.0729739480736482,1.0758974717237402,1.2239332094710782,0.6628807785268966,0.6891231914345872,0.3430304615871088,1.1561041974516293,0.25175648027124714,0.5814925771173939,1.2716513323398306,1.306032912864972,1.394151094190043,0.7337578954792309,0.7023569695454718,0.27136015715979356
-0.11835061286151681,-0.4469347574706449,-0.18202752916591805,-0.4259961313486397,-0.5302693550352389,-0.21592067523930658,-0.21853186820885456,0.6628807785268966,0.6891231914345872,0.3430304615871088,-0.3801621340598154,-0.3135148736851514,-0.3544406019225266,-0.3957830240125664,-0.1447988531390031,-0.20883762843295708,0.7337578954792309,0.7023569695454718,0.27136015715979356
-0.11459345054845278,0.4485718904136808,0.11346081368266066,0.04587454845566863,0.3191447626925092,1.0758974717237402,1.2239332094710782,0.6628807785268966,0.6891231914345872,0.3430304615871088,0.17047443691089287,-0.08354528483366658,-0.01897856269575626,-0.01377938427753433,0.7590075366627467,0.8383116335076992,0.7337578954792309,0.7023569695454718,0.27136015715979356
-0.11083628823538876,-1.0014960582022947,-0.4486750310676203,-0.7182119608878581,-0.9732188240991533,-1.3695950339287746,-1.347993080612285,-1.7304626714232108,-1.8607760337108492,-1.2335208710085814,-0.9408567270234826,-0.5772742146141442,-0.6960302482611794,-0.8086762861919367,-1.1216889396383225,-1.2751142982897763,-1.274947459617045,-1.758294932303366,0.11588834334325633
-0.10707912592232473,-0.4114490094953762,0.23689846927547398,-0.40729757220336377,-0.6558615481781448,-0.5430290769871362,-0.14625892763707432,0.6628807785268966,0.6891231914345872,0.3430304615871088,-0.2456687742067767,0.004812369514110915,-0.27250376892353845,-0.42873844844799025,-0.22277016043865364,0.04692929648769247,0.7337578954792309,0.7023569695454718,0.27136015715979356
-0.1033219636092607,-0.50329910832981,-0.2754555917161056,-0.45569628446249744,-0.39791653737758065,0.12879596333038737,-0.3333277401417435,0.6628807785268966,0.6891231914345872,0.3430304615871088,-0.4858259133382274,-0.21245493065227353,-0.4188137088642896,-0.548068049701751,-0.5050995544215365,-0.4097791465202762,0.2994130337305707,0.6654191726322475,0.27136015715979356
-0.09956480129619667,-0.9827745715742986,-0.46416771917603294,-0.7083470194684177,-0.9746058204117112,-1.3732075048609025,-1.3098634942943255,-1.7399658855689009,-1.7555457671118317,-1.2736475770634306,-0.9674026038973866,-0.5881680610487331,-0.7122026829643141,-0.8193727023754557,-1.1469962621061094,-1.3255967704711433,-1.3461512707759218,-1.9169520292710984,-0.15784453414142602
-0.09580763898313265,0.9196767927132578,-0.32564485116727304,0.2941145710534234,1.7346092401179118,1.0758974717237402,1.2239332094710782,0.6628807785268966,0.6891231914345872,0.3430304615871088,0.5694024133792399,-0.25656167875850544,0.22405867737487975,1.476044745293211,1.306032912864972,1.394151094190043,0.7337578954792309,0.7023569695454718,0.27136015715979356
-0.09205047667006863,-0.6052345810264712,-0.442885092337274,-0.5094092981081085,-0.49373372820547096,-0.12076260689072847,-0.5409371828255164,0.0013811991885713949,-0.23375260837031392,0.3430304615871088,-0.28067261697448037,-0.5077175977398098,-0.2938290151833848,0.0027714054146780113,0.49549106649380065,-0.019637746189245426,0.47976297243741123,0.13206585058824907,0.27136015715979356
-0.0882933143570046,1.1361942280916506,0.21894569485675167,0.4082044325445295,0.4474579485216536,1.0758974717237402,1.2239332094710782,0.6628807785268966,0.6891231914345872,0.3430304615871088,0.7745809593582852,0.028831906334395224,0.34905875377440554,0.5410596419799694,1.2360625436410209,1.1508109672491107,0.7337578954792309,0.7023569695454718,0.27136015715979356
-0.08453615204394058,-1.0079858178275245,-0.35757609821319863,-0.7216316197964316,-1.0331332188364486,-1.5256437612720806,-1.361210612677451,-2.1409751713071223,-1.8972538599164632,-2.9668833063010918,-1.0433343753163289,-0.367283342263546,-0.7584622818089664,-0.9895767041869483,-1.5496925937791783,-1.4699967297020138,-2.4791638046509497,-2.370774461966511,-4.498975523420772
-0.08077898973087655,0.2167914544824152,0.07431240218563756,-0.07625786912785129,0.07365718193668566,0.8529252369830324,0.7574502556575077,0.6628807785268966,0.6891231914345872,0.3430304615871088,-0.0422962811733078,0.0557391047656184,-0.14860398668537925,-0.20054307526878168,0.31713159689963044,0.4336841311758516,0.7337578954792309,0.7023569695454718,0.27136015715979356
-0.07702182741781252,-0.1364124670668765,-0.14463091459701707,-0.2623721486418744,-0.29415461511890034,0.3990468101620808,0.41390115972693714,0.5974182995074634,0.5736251286712836,0.3430304615871088,-0.37963564431527314,-0.1682003757678248,-0.3541198507544253,-0.4582286157056221,-0.29254279826550544,-0.20783639935286735,0.24468986768943624,0.25155199071411577,0.27136015715979356
-0.0732646651047485,-0.8629721092496098,-0.0737449528467205,-0.6452193258070259,-0.9372315940484222,-1.2758652804254542,-1.0658647980859177,-1.4838907443128972,-1.0821566661204678,-0.19238688319684888,-0.3053409915657472,0.4736065451070478,-0.30885762694124236,-0.47980138211604495,-0.34358316044887194,-0.06654975968115866,0.7337578954792309,0.7023569695454718,0.27136015715979356
-0.06950750279168447,-0.3070646864879451,0.06156856587793518,-0.35229418213942654,-0.37486565894970636,0.1888326249471289,0.0663380275856178,0.6628807785268966,0.6891231914345872,0.3430304615871088,-0.18941791049519388,0.14064610909220107,-0.23823428802856475,-0.29011068547524504,0.1052179657100781,0.15390194146706496,0.7337578954792309,0.7023569695454718,0.27136015715979356
-0.06575034047862045,-0.7528570762632132,-0.31236907094713484,-0.5871962440189432,-0.7772679286326493,-0.8592354117811595,-0.8415962483393499,-0.38787559689547524,-0.4632189445619601,0.3430304615871088,-0.6856448115560172,-0.3797072389753218,-0.5405485492400669,-0.6471168268898305,-0.7394452737103103,-0.7897760861018378,-0.19947984189267381,-0.2329664674730928,0.27136015715979356
-0.06199317816555642,-0.8773320991919171,-0.42994982236326135,-0.6527860571451668,-0.892086015836496,-1.158282351380798,-1.0951114325498463,-1.174569015340366,-1.162871707613425,0.3430304615871088,-0.8524327634812683,-0.4518377571098252,-0.642160082910388,-0.8088211637511036,-1.122031714549588,-1.1069578534719744,-1.275911879305573,-1.2298102480479054,0.27136015715979356
-0.0582360158524924,0.032020954197143583,0.14468052308661844,-0.17361926983143808,-0.2591941860724593,1.0758974717237402,1.2239332094710782,0.6628807785268966,0.6891231914345872,0.3430304615871088,-0.47496119092205746,-0.05943670844659034,-0.41219463899223724,-0.5713890503524961,-0.5602761737315873,-0.38911763099611446,0.7337578954792309,0.7023569695454718,0.27136015715979356
-0.05447885353942837,-0.8516014722711535,-0.4041445657823312,-0.639227778772163,-0.867258729764526,-1.0936189860592185,-1.0427065044752009,-1.004461125317853,-1.0182442651226575,0.3430304615871088,-0.903343574251018,-0.4666225743638293,-0.6731762654523521,-0.8916500395871125,-1.318001751098475,-1.2037752839386153,-1.8272864268494946,-1.5340895709488287,-0.9324909483143339
-0.05072169122636434,-0.9658065796880909,-0.21407613703362316,-0.6994060496998786,-0.9940895778770713,-1.4239534995365772,-1.2753052071174795,-1.8734617844978136,-1.6601715938255084,-1.8373253616239889,-0.8831867250662702,-0.04124765913926445,-0.6608961916461719,-0.8773789996216711,-1.2842370018441784,-1.1654428685858713,-1.7322870908751011,-1.413617861128887,-0.05649964147397549
-0.046964528913300316,-0.08117008045972161,0.6065725216971278,-0.2332631938575458,-0.43997022995336366,0.019265937444095473,0.5264119549646429,0.6628807785268966,0.6891231914345872,0.3430304615871088,-0.47274783785293883,0.08976028984665602,-0.4108462070622856,-0.583129293692329,-0.5880531523900381,-0.3849084826123485,0.22647181819112563,0.6140206904775681,0.27136015715979356
-0.043207366600236295,-0.4291877660309204,-0.28216075288965,-0.4166446821607103,-0.3740819685810354,0.2740475119478021,-0.18238701201067184,0.6628807785268966,0.6891231914345872,0.3430304615871088,-0.8476960385575701,-0.6920309874992995,-0.639274347588887,-0.7089216094602914,-0.8856730883097712,-1.0979499918998226,-0.7112702684088956,-1.1956114254156394,0.27136015715979356
-0.03945020428717227,1.7850454340333852,0.6079372181440912,0.9093523853045634,1.7346092401179118,1.0758974717237402,1.2239332094710782,0.6628807785268966,0.6891231914345872,0.3430304615871088,1.1187833073447053,0.641052421711252,0.5587557256965763,0.7175256938358714,1.2130763484089728,1.2873140457027732,0.7337578954792309,0.7023569695454718,0.27136015715979356
-0.03569304197410824,-0.45986185942672136,0.040793121065360656,-0.4328078288411435,-0.5631267249729485,-0.30149861999046745,-0.2448601753390341,0.625373686498759,0.6850072174515451,0.3430304615871088,-0.7213459627542516,-0.011014358812614162,-0.5622986138291112,-0.77561051695342,-1.0434565606426398,-0.8576692049002508,-1.0548355316322333,-0.4463420148104179,0.27136015715979356
-0.03193587966104422,-0.3985224425079727,0.0010995295225292715,-0.4004861566027129,-0.5058095026620204,-0.15221430132729513,-0.11993171006428942,0.6628807785268966,0.6891231914345872,0.3430304615871088,-0.6530760580484738,0.0725844510838075,-0.520706822332146,-0.7398561802495706,-0.9588631311180434,-0.7278398690110814,-0.8168263708915973,0.3504889902090148,0.27136015715979356
-0.028178717347980192,1.8418174357726504,0.07263620180342334,0.8912472955787523,1.726103424418721,1.0758974717237402,1.2239332094710782,0.6628807785268966,0.6891231914345872,0.3430304615871088,1.3551437318468817,0.10746326879917648,0.7027526088970973,1.803502167442168,1.3013222942373301,1.3122379336968901,0.7337578954792309,0.7023569695454718,0.27136015715979356
-0.024421555034916165,-0.1589611430039526,-0.15022100013632136,-0.2742537567441168,-0.19553150801524544,1.0226461894976946,0.3679768321036762,0.6628807785268966,0.6860699433819512,0.3430304615871088,-0.2051679578736991,-0.25583392782844017,-0.24782962420865054,-0.25237595080993475,0.1944969430822242,0.12394997068013094,0.6733944445177248,0.4331844910241508,0.27136015715979356
-0.02066439272185214,-0.17864991334660268,-0.1699530604567756,-0.28462839044230953,0.32802369809515014,1.0676756988384668,0.3278772030949416,0.6628807785268966,0.6891231914345872,0.3430304615871088,0.8848338297535829,0.03414668739821489,0.41622765370455783,1.8812662185205977,1.306032912864972,1.2657977615964118,0.7337578954792309,0.7023569695454718,0.27136015715979356
-0.016907230408788113,1.012209583990249,0.17003919549708382,0.3428730154795127,0.8118283404128135,1.0758974717237402,1.2239332094710782,0.6628807785268966,0.6891231914345872,0.3430304615871088,-0.46111905656732755,0.18100350213557242,-0.40376165276739817,-0.6272412908009782,-0.6924204952807149,-0.36279395120912855,-0.06717254437627831,0.7023569695454718,0.27136015715979356
-0.01315006809572409,-0.9902421793225945,-0.2460042517496487,-0.7122819373755311,-1.0080747694039303,-1.460378324472015,-1.325072585318189,-1.9692834307018505,-1.7975199099683525,-2.241926054818315,-0.8372617632892616,-0.0016320472282016151,-0.6329175172512472,-0.8439973042962735,-1.2052571534887127,-1.0781070606051697,-1.5100721088351328,-1.1391375285142977,0.27136015715979356
-0.009392905782660063,-0.5300375492283874,0.09279477323978504,-0.46978561178745465,-0.6562012055720607,-0.5439137242290191,-0.3877852578863841,0.4373233102158421,0.6891231914345872,0.3430304615871088,0.6139589385556287,0.8141147791764848,0.25120366480311934,0.3199504738579182,1.159600815091353,1.2526705217209764,0.7337578954792309,0.7023569695454718,0.27136015715979356
-0.005635743469596039,0.5124275448462158,0.42721441587800296,0.079522105553785,0.4485098647728668,1.0758974717237402,1.2239332094710782,0.6628807785268966,0.6891231914345872,0.3430304615871088,-0.013843483345175486,0.40290616538453033,-0.13126980642142683,-0.18429702064631048,0.35556915730361716,0.48779300773185214,0.7337578954792309,0.7023569695454718,0.27136015715979356
-0.0018785811565320127,-0.5688939997719423,-0.272026274670996,-0.49026030036301016,-0.5902746095866286,-0.37220604952560643,-0.46692322456872576,0.5120983055331325,0.3483417399616831,0.3430304615871088,-0.1334724830636076,-0.26690722923425597,-0.20415088681435567,-0.09430815465284936,0.5684794640020496,0.26029373622320123,0.7337578954792309,0.6378438627719663,0.27136015715979356
0.0018785811565320127,-1.068185180919611,-0.5620951840433633,-0.7533525617382479,-1.054035250390134,-1.5800836907271643,-1.483817158670107,-2.2841885887734725,-2.235624158875487,-3.5715926833267253,-0.9489166739295904,-0.3702875598589935,-0.7009405763572887,-0.9183836758634439,-1.3812525392478843,-1.2904419534056237,-2.005246666648594,-1.806466924658777,0.25942344951397706
0.005635743469596039,-0.7645154602675729,-0.22509277678864806,-0.5933394140317546,-0.852473553063044,-1.0551105772214389,-0.8653405891630866,-0.903158260195661,-0.5287487222590944,0.3430304615871088,-0.8598094830494047,-0.1901541985422943,-0.6466541712430401,-0.868256181793033,-1.262652754499731,-1.1209862105745545,-1.671558395696989,-1.273898786444473,0.27136015715979356
0.009392905782660063,0.04332066333395874,-0.013411552929013798,-0.16766509691203402,-0.027878550258027227,1.010345478919444,0.7799591574699581,0.6628807785268966,0.6891231914345872,0.3430304615871088,0.750576577672308,0.24806110736189607,0.33443466366619057,0.5100078692943552,1.2588769606800172,1.333666036933433,0.7337578954792309,0.7023569695454718,0.27136015715979356
0.01315006809572409,1.8223044641466408,1.181612206213302,0.560087877919346,0.7449973534908264,1.0758974717237402,1.2239332094710782,0.6628807785268966,0.6891231914345872,0.3430304615871088,0.15502298347359506,0.5175101792300336,-0.028391987724823525,-0.15661401241243422,0.4210661241599152,0.7128799927948911,0.7337578954792309,0.7023569695454718,0.27136015715979356
0.016907230408788113,-0.4437031955941528,-0.1437881511549335,-0.4242933195346877,-0.5296602585632835,-0.21433426633549282,-0.2119502264856363,0.6628807785268966,0.6891231914345872,0.3430304615871088,-0.11506083948522676,0.03470878594115389,-0.19293403739690224,-0.18240776649919713,0.3600390622796644,0.29530728236350245,0.7337578954792309,0.7023569695454718,0.27136015715979356
0.02066439272185214,-0.6107348234420226,-0.18110019391151444,-0.5123075492085853,-0.7063256300693078,-0.6744641985500411,-0.5521393897934121,0.09819624708194846,0.6891231914345872,0.3430304615871088,-0.7445310729879322,-0.3609860663527388,-0.5764235825811437,-0.7212308015508827,-0.9147961785308237,-0.901760484610223,-0.6928411103267325,-0.5849127728993656,0.27136015715979356
0.024421555034916165,-0.9350584947851305,-0.3792014731795017,-0.683203914562056,-0.9828630426862325,-1.3947136726688172,-1.212681347126235,-1.7965414876904553,-1.4873418802433749,-1.5125343917141085,-0.9619026525597616,-0.5183613068678417,-0.7088519703734031,-0.8944788236789726,-1.324694548945546,-1.3151374761061714,-1.846117052437566,-1.8840803966316393,-0.9440793403570263
0.028178717347980192,-0.6606537266071397,-0.08356942301192738,-0.5386113927671567,-0.7538626403636804,-0.7982756797586611,-0.6538079786695931,-0.22751073900236615,0.055040275895649325,0.3430304615871088,-0.6320251823223868,-0.12428169261563073,-0.5078820844362723,-0.6437330919236812,-0.7314394827552275,-0.687807277385508,-0.17695502410253733,0.08750268693097123,0.27136015715979356
0.03193587966104422,0.14037164173979086,-0.00029178954543095467,-0.11652587727114455,0.3331585282345207,1.0282991332557372,0.9154518443087694,0.6628807785268966,0.6891231914345872,0.3430304615871088,0.06878395829536646,0.14402583998283294,-0.08093103211886893,-0.009150563989282384,0.7699591531360053,0.6449261679529579,0.7337578954792309,0.7023569695454718,0.27136015715979356
0.03569304197410824,-0.7218676242613871,-0.10289231902789008,-0.5708669249486578,-0.7366234921404888,-0.7533758330272194,-0.778480801979274,-0.10939411838053681,-0.289032547898688,0.3430304615871088,0.06344368598984049,0.3291317874562929,-0.08418446411391531,-0.01080919525392587,0.7660348933139062,0.6347705362748082,0.7337578954792309,0.7023569695454718,0.27136015715979356
0.03945020428717227,-0.9537423374266076,-0.5028712571530316,-0.6930490201784347,-0.9596192287321124,-1.3341745050439273,-1.2507342648728506,-1.6372829953868886,-1.592360556448124,0.3430304615871088,-0.9746984576209191,-0.6295336090959337,-0.716647505733137,-0.8958805058829984,-1.3280108768563186,-1.3394713444544153,-1.8554477584654403,-1.9605572556938582,-1.5743946283893722
0.043207366600236295,-0.7561006693169261,0.0725148421073523,-0.5889053954394035,-0.886986438118413,-1.145000357689893,-0.8482023936620667,-1.1396284905035285,-0.4814506250135717,0.3430304615871088,-0.6075962032061979,0.2185773389089369,-0.4929993185929163,-0.7119397543227881,-0.8928139066903608,-0.6413505238749536,-0.6309925471306986,0.23350769278823236,0.27136015715979356
0.046964528913300316,1.8729011503266852,0.3008367453043148,0.8018310185384291,1.7346092401179118,1.0758974717237402,1.2239332094710782,0.6628807785268966,0.6891231914345872,0.3430304615871088,0.3899870133965372,0.18433201271997451,0.11475417578541591,0.022762854369753453,1.306032912864972,1.3860415898209497,0.7337578954792309,0.7023569695454718,0.27136015715979356
0.05072169122636434,-0.08853591822471252,-0.3698447036948848,-0.23714448595259333,0.28676429589847247,1.0549781764917359,0.5134723257314183,0.6628807785268966,0.6891231914345872,0.3430304615871088,-0.39927335119322427,-0.24993311504151663,-0.3660836496415976,-0.4496779382257615,-0.27231221368575165,-0.24518155829718216,0.6849740163965268,0.619205474167246,0.27136015715979356
0.05447885353942837,-0.2107962761889908,0.9103201084363133,-0.30156732230117855,-0.6378639526795358,-0.4961538329808806,0.2624055051917094,0.6628807785268966,0.6891231914345872,0.3430304615871088,0.013527545083050192,0.8063352686907806,-0.11459466805188663,-0.34622795436973725,-0.027553403275427647,0.5374861863317842,0.7337578954792309,0.7023569695454718,0.27136015715979356
0.0582360158524924,1.4059698808972956,-0.2288369301970937,0.907998904228256,1.6498523721615264,1.0758974717237402,1.2239332094710782,0.6628807785268966,0.6891231914345872,0.3430304615871088,1.8082978304770392,-0.07602070337079563,1.6946817122262001,2.1145225227983504,1.306032912864972,1.394151094190043,0.7337578954792309,0.7023569695454718,0.27136015715979356
0.06199317816555642,1.8796193023024044,0.5991032151413549,3.1115098275775273,1.7346092401179118,1.0758974717237402,1.2239332094710782,0.6628807785268966,0.6891231914345872,0.3430304615871088,2.3595907123520687,0.856490904341586,3.514951771970949,2.3610558443057332,1.306032912864972,1.394151094190043,0.7337578954792309,0.7023569695454718,0.27136015715979356
0.06575034047862045,-0.20199993252439202,-0.371112136179925,-0.2969322515570208,0.4036779577593952,1.0758974717237402,0.28032079961817846,0.6628807785268966,0.6891231914345872,0.3430304615871088,0.13943696678875034,-0.26635620385755865,-0.03788739216427156,0.4782132580061479,1.2027632646415256,0.7792874683063079,0.7337578954792309,0.7023569695454718,0.27136015715979356
0.06950750279168447,0.8407596097894336,0.04345256001600536,0.2525306198426929,1.0195345961131814,1.0758974717237402,1.2149958204184241,0.6628807785268966,0.6891231914345872,0.3430304615871088,0.292706924101994,-0.10540513232045225,0.05548862959515744,0.2002519414291011,1.0938217696671122,1.0707619746132515,0.7337578954792309,0.7023569695454718,0.27136015715979356
0.0732646651047485,-0.9097357263190123,-0.4359007997419452,-0.6698605496648057,-0.9394440057113,-1.281627568868245,-1.161107094225037,-1.499049416055851,-1.3450069402001852,-0.4441606043218479,-0.9063503928972765,-0.48148396173040314,-0.675008097131968,-0.837123822695202,-1.18899475191698,-1.2094933711348006,-1.4643167756908495,-1.5520604641233098,0.19988719757882523
0.07702182741781252,-0.14993601216614058,-0.06436595617648606,-0.2694981308268542,-0.36715778691519635,0.20890799459384599,0.3863580916771948,0.6628807785268966,0.6891231914345872,0.3430304615871088,0.14150846756094465,-0.006608511582818377,-0.03662538032209694,-0.12564717630526456,0.49433250550909935,0.7832268552251367,0.7337578954792309,0.7023569695454718,0.27136015715979356
0.08077898973087655,-0.7570016776755754,-0.2364648863860444,-0.5893801651440285,-0.8161688571477709,-0.9605539749390536,-0.8500374549831591,-0.6544111678975368,-0.4865150385226462,0.3430304615871088,-0.35467253288056244,-0.09173412151881305,-0.33891167768926117,-0.4067638233045193,-0.1707790154539023,-0.16036388282800632,0.7097955489682454,0.6344680574334259,0.27136015715979356
0.08453615204394058,1.8796193023024044,-0.12028957010334457,0.9329342812806668,1.7346092401179118,1.0758974717237402,1.2239332094710782,0.6628807785268966,0.6891231914345872,0.3430304615871088,2.275004332874012,0.21158477144121637,1.496176269258308,2.3904779541272787,1.306032912864972,1.394151094190043,0.7337578954792309,0.7023569695454718,0.27136015715979356
0.0882933143570046,1.8796193023024044,0.5105444758271361,1.3145061941490739,1.7346092401179118,1.0758974717237402,1.2239332094710782,0.6628807785268966,0.6891231914345872,0.3430304615871088,1.3720083837586943,1.915558583262611,0.7130269909840216,0.7427426536030518,1.306032912864972,1.394151094190043,0.7337578954792309,0.7023569695454718,0.27136015715979356
0.09205047667006863,-0.01917583847532796,0.01651102493416783,-0.20059647365145822,-0.1349314290184632,1.0758974717237402,0.6526740861688016,0.6628807785268966,0.6891231914345872,0.3430304615871088,0.7980272071879491,0.38383164163281186,0.3633428143032748,0.5811739599993366,1.1280820485990257,1.1398536725115387,0.7337578954792309,0.7023569695454718,0.27136015715979356
0.09580763898313265,-0.8288712193500454,-0.3254872269630453,-0.6272504920335911,-0.8503575718786178,-1.0495994446737407,-0.996412363523349,-0.8886602964002247,-0.8904814104797449,0.3430304615871088,-0.3193090639637591,0.04584252191481918,-0.31736733787897103,-0.3774725374551955,-0.1014769236348564,-0.09311293669013707,0.7337578954792309,0.7023569695454718,0.27136015715979356
0.09956480129619667,1.8796193023024044,2.3592713193437294,3.358152624464763,1.7346092401179118,1.0758974717237402,1.2239332094710782,0.6628807785268966,0.6891231914345872,0.3430304615871088,0.4600824915974797,0.6513956324736779,0.15745815386738335,0.12060116711250998,1.306032912864972,1.394151094190043,0.7337578954792309,0.7023569695454718,0.27136015715979356
0.1033219636092607,1.5339635229939244,0.09091645713915876,0.6915347652579898,1.5658555276514428,1.0758974717237402,1.2199604559741855,0.6628807785268966,0.6891231914345872,0.3430304615871088,1.0629119366654476,-0.033688781395794974,0.5247174417710917,0.8120217433431095,1.306032912864972,1.2164062761354284,0.7337578954792309,0.7023569695454718,0.27136015715979356
0.10707912592232473,-0.8357956273676663,-0.3093285585342802,-0.6308991808805546,-0.8225903829105383,-0.9772790195176704,-1.0105151331620528,-0.6984092188751166,-0.9294023207799521,0.3430304615871088,-0.5260179853419495,-0.13045861929363378,-0.44329975854919673,-0.5292152341358379,-0.460494494673818,-0.48621267954981834,0.5853664656697731,0.7023569695454718,0.27136015715979356
0.11083628823538876,-0.981615623180364,-0.27148331875940573,-0.7077363330287402,-1.0117662196599155,-1.4699928105570936,-1.3075030929168772,-1.99457595813914,-1.7490315168873924,-2.3487221133203113,-0.9532151774691421,-0.25287753300931787,-0.7035593358785794,-0.9231644665412224,-1.3925637120049792,-1.2986164464309482,-2.037071392871864,-1.8321578481920204,-1.8693783747945905
0.11459345054845278,-0.8811156908870048,-0.27518934506991677,-0.6547797508709252,-0.9089704347484666,-1.2022582956375485,-1.1028173796787455,-1.2902551546568317,-1.1841386278472241,0.3430304615871088,-0.6395396005923288,-0.13829040626737113,-0.5124600623791347,-0.6336048850335677,-0.707476522321473,-0.7020974970333087,-0.10953366367594806,0.04259116286365984,0.27136015715979356
0.11835061286151681,0.39014527351405315,-0.27750099866155814,0.015087722360934358,0.5516084808784752,1.0758974717237402,1.2239332094710782,0.6628807785268966,0.6891231914345872,0.3430304615871088,-0.45339349921628863,-0.41565930343739554,-0.3990550434359946,-0.4331452121098185,-0.23319639920085591,-0.34810220695399985,0.7337578954792309,0.7023569695454718,0.27136015715979356
0.12210777517458082,-0.5929496604644345,-0.06575427046003121,-0.50293598623416,-0.6791793952369307,-0.6037610659167351,-0.5159167905731724,0.284192763817826,0.4355932240457022,0.3430304615871088,-0.5250834650916087,0.11528151851949306,-0.44273042464476076,-0.6334707571984847,-0.7071591808571811,-0.4844354961188489,-0.10864080265815537,0.6739003853723045,0.27136015715979356
0.12586493748764485,-1.0629667373972647,-0.7264558654393303,-0.7506027993571113,-0.9791244975723841,-1.3849765267009826,-1.4731888845012597,-1.7709262827410617,-2.206292182521249,-1.3871037246068698,-1.005258026698899,-0.7435682860316692,-0.7352651855263941,-0.8599881985413297,-1.243091013939231,-1.3975866820332767,-1.6165201559708473,-2.143203040481008,-0.8564187436979209
0.12962209980070888,-0.3004667427707882,-0.20178213077115667,-0.34881751762277546,-0.2863316569134305,0.4194219249800802,0.07977589550088304,0.6628807785268966,0.5108952316967192,0.3430304615871088,-0.5495415181846273,-0.2762143853224851,-0.45763090310668864,-0.5907737692797879,-0.606139697029824,-0.5309475398062309,0.07375890984447887,0.061654789165520425,0.27136015715979356
0.1333792621137729,-0.8922690868025517,-0.42626128672360136,-0.6606568267421435,-0.8795657043734423,-1.1256728477995994,-1.1255332238181956,-1.0887842155345933,-1.2468299540757013,0.3411002767733893,-0.7669669872551126,-0.4702062263574196,-0.5900921217751831,-0.6472838370221047,-0.739840413465566,-0.9444270133233867,-0.20059159350331054,-0.7190058014459946,0.27136015715979356
0.13713642442683693,-0.990125289061021,-0.23472710933491067,-0.7122203442122403,-1.0130312480495955,-1.473287612601382,-1.3248345178288439,-2.003243490690349,-1.796862889848496,-2.3853202079829416,-0.8306940760565856,0.10287110158165877,-0.6289163123400078,-0.8537307104635382,-1.2282860301104355,-1.0656172457237723,-1.5748653632088987,-1.0998843444858388,0.27136015715979356
0.14089358673990096,0.5806198944677241,-0.15189525080060334,0.12027642974726718,0.4313749024435166,0.8718024090330966,0.47840650456110184,0.6628807785268966,0.5106860819985036,0.3430304615871088,-0.2302685514150162,-0.3592370076445069,-0.2631215549286324,-0.21488856268490458,0.17486486893865918,-0.009747836581669042,0.5965486409073307,0.35647291415271226,0.27136015715979356
0.144650749052965,1.4876159782537743,-0.23329065016392275,0.6811519927969647,1.2658321825989207,1.0758974717237402,1.2239332094710782,0.6628807785268966,0.6891231914345872,0.3430304615871088,-0.5733501185439401,-0.14769126868218474,-0.4721357181675395,-0.6303352537228012,-0.6997406963670035,-0.5762245148719226,-0.07024730108877615,0.6892944645832922,0.27136015715979356
0.14840791136602902,-0.9018231142405966,-0.3674724460673014,-0.6656911449492833,-0.907024115000818,-1.197189051076951,-1.144991673946744,-1.2769196517500017,-1.300531504298558,0.3430304615871088,-0.8061622388843123,-0.29541595839843704,-0.6139708827088407,-0.7673416011886215,-1.0238926137908755,-1.0189648863577594,-0.9997910843609539,-0.9532645855106014,0.27136015715979356
0.15216507367909304,-0.14914023643758165,-0.029855453474954732,-0.26907881151203755,-0.11895609454541421,1.0758974717237402,0.38797882831711167,0.6628807785268966,0.6891231914345872,0.3430304615871088,-0.20890148453682197,0.08843719838918565,-0.25010418520577327,-0.23760175428667774,0.22945214202004258,0.11684989797186021,0.7337578954792309,0.7023569695454718,0.27136015715979356
0.15592223599215707,-1.0309351552814479,-0.47041683925029726,-0.7337243490810501,-1.0442684208169004,-1.5546457082228797,-1.4079509576498936,-2.2172696848668565,-2.0262481511570027,-3.2890319469898714,-0.9787323640957061,-0.31664392077757875,-0.7191050658797431,-0.9456293353721599,-1.4457147553027414,-1.3471426514661529,-2.186615338292732,-1.9846667584150863,-2.768533332537335
0.15967939830522107,-0.3340434753909002,0.08525728513891451,-0.3665101564038378,-0.5879254385361956,-0.36608756740892695,0.011390999036554147,0.6410024855817901,0.6759743923971403,0.3430304615871088,-0.5255972853032401,-0.16196880608072317,-0.4430434572057581,-0.5980925009960681,-0.6234555437976933,-0.48541263146319324,-0.2093929427436895,-0.11016157977196658,0.27136015715979356
0.1634365606182851,0.17648431129537281,-0.13773511009459688,-0.0974969733841639,-0.18195215498424133,0.5229074991060892,0.6938154972680709,0.6628807785268966,0.6891231914345872,0.3430304615871088,-0.16658866147735948,-0.32211719268856653,-0.22432611913227282,-0.2946092250553632,0.09457458854198333,0.19731647751493767,0.7130599458119952,0.7023569695454718,0.27136015715979356
0.16719372293134913,1.0785137172962458,-0.3816924618133562,0.40086456133203513,1.1648150025468684,1.0758974717237402,0.9542624705969555,0.6628807785268966,0.6891231914345872,0.3430304615871088,1.9443181598652763,0.11525549620027654,1.657269376232497,1.8753903383123522,1.306032912864972,1.394151094190043,0.7337578954792309,0.7023569695454718,0.27136015715979356
0.17095088524441315,-0.4864447261760706,-0.19115285811384358,-0.446815179243058,-0.47476929923205774,-0.07136921788847894,-0.2990008390821856,0.6283531528188169,0.5068469252604906,0.3430304615871088,-0.5062533216672056,-0.09841071604294123,-0.4312586142981523,-0.5346327281537969,-0.4733120838296185,-0.4486260860131308,0.4807309063148995,0.4634733351588672,0.27136015715979356
0.17470804755747718,-0.7724382719642943,-0.5069118161307494,-0.5975141932476604,-0.6980991437020945,-0.6530380832777537,-0.8814767827503693,-0.029864465588544362,-0.5732814884665176,0.3430304615871088,-0.8665172125194981,-0.6150974466765752,-0.6507406935069935,-0.768038990378471,-1.025542610650596,-1.1337423447185715,-1.0044334587157258,-1.3139889627842885,-1.2372343236689778
0.1784652098705412,-0.48613462224555115,-0.3962827521946233,-0.4466517757073622,-0.2958470254781524,0.39463887974966627,-0.2983692581174273,0.6628807785268966,0.3359671991709191,0.3430304615871088,0.1001198843161216,-0.2518056411309483,-0.06184037559845143,0.4830341196476968,1.0898612991217476,0.704517908739471,0.7337578954792309,0.7023569695454718,0.27136015715979356
0.18222237218360524,1.8796193023024044,-0.15957844135939886,0.6150955851720461,1.7346092401179118,1.0758974717237402,1.2239332094710782,0.6628807785268966,0.6891231914345872,0.3430304615871088,2.355189431113018,0.19750274461455852,2.014355727411378,2.3904779541272787,1.306032912864972,1.394151094190043,0.7337578954792309,0.7023569695454718,0.27136015715979356
0.18597953449666926,-0.5979051026676814,-0.1760811167899961,-0.5055471649302661,-0.6812073841704579,-0.6090430201704847,-0.5260094164947612,0.6628807785268966,0.6891231914345872,0.3430304615871088,-0.6045206418884078,-0.10793075175740595,-0.4911256071000285,-0.6547503805398847,-0.7575059774528199,-0.6355017082790378,-0.21824913745418517,0.3537762062757536,0.27136015715979356
0.1897366968097333,0.6543688828849578,0.05744413660947858,0.15431547066269982,1.2823295419648044,1.0758974717237402,1.2212269186637423,0.6628807785268966,0.6891231914345872,0.3430304615871088,2.282460347646366,0.5727918938873073,1.319774428265834,2.288715103726506,1.306032912864972,1.394151094190043,0.7337578954792309,0.7023569695454718,0.27136015715979356
0.19349385912279732,1.6804297661029146,0.4827938567744582,2.3438975493894545,1.7346092401179118,1.0758974717237402,1.2239332094710782,0.6628807785268966,0.6891231914345872,0.3430304615871088,-0.04773583479806825,-0.17578064916789538,-0.15191790342764705,-0.21165714452187032,0.29083612281825594,0.423339695546712,0.7337578954792309,0.7023569695454718,0.27136015715979356
0.19725102143586135,-0.9722594281785689,-0.3873427558627426,-0.7028062589680842,-0.9809437869224338,-1.3897149170158507,-1.2884475631922638,-1.7833914177453576,-1.6964419488709646,-1.4570090733115084,-0.8989388235636077,-0.28732428941005067,-0.6704927774208913,-0.8687494535918783,-1.263819817211526,-1.195398739999252,-1.674842003160673,-1.5077636386674826,-1.2104124496262871
0.20100818374892537,-0.4807378277499131,-0.1373128210290788,-0.44380803457664497,-0.611508644591823,-0.4275106913141559,-0.28737774095585883,0.6628807785268966,0.6891231914345872,0.3430304615871088,-0.42449028113771003,-0.25932694327182526,-0.3814464555070034,-0.47474919476820765,-0.3316298732743966,-0.29313676318527576,0.6869556930911077,0.6021502772077728,0.27136015715979356
0.2047653460619894,1.8796193023024044,0.3539331256575411,1.857025670842332,1.7346092401179118,1.0758974717237402,1.2239332094710782,0.6628807785268966,0.6891231914345872,0.3430304615871088,2.446577313958991,0.2749950813828663,4.341149846839673,2.3904779541272787,1.306032912864972,1.394151094190043,0.7337578954792309,0.7023569695454718,0.27136015715979356
0.20852250837505343,1.8796193023024044,1.5450622819828004,1.7542371561638437,1.7346092401179118,1.0758974717237402,1.2239332094710782,0.6628807785268966,0.6891231914345872,0.3430304615871088,2.383866175418344,1.3842793539192775,2.107670445729455,2.3296059942229865,1.306032912864972,1.394151094190043,0.7337578954792309,0.7023569695454718,0.27136015715979356
0.21227967068811743,-0.9013250326877804,-0.23404787441613475,-0.6654286900792048,-0.9732045115561522,-1.3695577565077108,-1.143977243632589,-1.730364606879078,-1.2977318732846175,0.3430304615871088,-0.8698627126516643,-0.21189857649847643,-0.6527788587065765,-0.8776958047386857,-1.284986550956531,-1.140104504769159,-1.7343959964504858,-1.3339840581204174,0.15672501638825323
0.21603683300118146,-0.985496456599123,-0.3018319589790189,-0.7097812664838336,-1.0035697836586939,-1.4486449623087807,-1.3154070898465302,-1.9384168423247645,-1.770845016178189,-2.111593885119202,-0.87888735738384,-0.15839922035888146,-0.6582769056666911,-0.8685756642948355,-1.2634086382048142,-1.157266732214236,-1.6736851240643695,-1.3879217728613509,0.27136015715979356
0.21979399531424548,-1.0140021748613635,-0.7537247932609431,-0.7248018279575993,-0.8830025816203276,-1.1346242913176943,-1.3734639774555675,-1.112332497656107,-1.9310707713191633,-1.6392531364662783,-0.9843636177778388,-0.7876239371193614,-0.7225357712545827,-0.8030257112386469,-1.1083198896670163,-1.357851644380762,-1.2373327609170104,-2.0183231475312002,-1.3527726119990635
0.2235511576273095,0.774447434204416,0.08882983417591529,0.21758864431796712,0.8788078928042914,1.0758974717237402,1.1274398802694623,0.6628807785268966,0.6891231914345872,0.3430304615871088,-0.621186169254641,-0.3499279843130947,-0.5012786773641582,-0.6417229400613064,-0.7266835382858299,-0.6671946535017576,-0.3690828483585192,-0.27303734490726816,0.27136015715979356
0.22730831994037354,-0.7523628994236513,-0.2588155691455314,-0.5869358466653566,-0.8069513827190689,-0.9365468033699306,-0.8405897706575883,-0.5912562535078721,-0.4604412612717579,0.3430304615871088,-0.7794782927638549,-0.30159980490382376,-0.5977143326500508,-0.7776760992099581,-1.0483436513609738,-0.9682198469637312,-1.0685856818137702,-0.7937822882323643,0.27136015715979356
0.23106548225343757,1.8796193023024044,1.3517336571955587,2.4623828437465014,1.7346092401179118,1.0758974717237402,1.2239332094710782,0.6628807785268966,0.6891231914345872,0.3430304615871088,2.446577313958991,1.869874919015212,4.993462488284967,2.3904779541272787,1.306032912864972,1.394151094190043,0.7337578954792309,0.7023569695454718,0.27136015715979356
0.2348226445665016,-0.5268015250305244,-0.1303535229803255,-0.4680804486357166,-0.6978869920287323,-0.652485528273617,-0.38119452786417873,0.1560148466495666,0.6891231914345872,0.3430304615871088,-0.37516697126882925,-0.2593286178173188,-0.35139741956872267,-0.47110040493469885,-0.3229969723709941,-0.19933829383439314,0.7337578954792309,0.7023569695454718,0.27136015715979356
0.23857980687956562,-0.7029296099236838,-0.3005276321526949,-0.5608878882538556,-0.5885607771519912,-0.36774232471493973,-0.7399102190587611,0.6628807785268966,-0.1825852161663339,0.3430304615871088,-0.32405347150148106,-0.1303528032097106,-0.32025775364761616,-0.28550213284044773,0.11612162966981794,-0.10213540834092304,0.7337578954792309,0.7023569695454718,0.27136015715979356
0.24233696919262965,1.3261684220256782,-0.19928940174717028,0.5083078234559327,1.5299266441616737,1.0758974717237402,1.0795413210985085,0.6628807785268966,0.6891231914345872,0.3430304615871088,2.0293144934748666,-0.20385591368605055,1.7505590218320424,2.33165337252627,1.306032912864972,1.394151094190043,0.7337578954792309,0.7023569695454718,0.27136015715979356
0.24609413150569368,-0.588049342931177,-0.5736598202113807,-0.5003538544642412,-0.233161301001128,0.5579056133972905,-0.5059364356963093,0.3517265612004399,0.037712905766200275,0.3430304615871088,-0.9314753250633416,-0.5938474643157247,-0.6903148555715743,-0.7810500943363564,-1.0563263982178188,-1.257273623230337,-1.0910456635225132,-1.7022249818717488,-0.38596681467887434
0.2498512938187577,-1.0580192899317242,-0.5798384373931642,-0.7479958333403027,-1.0503723128309557,-1.5705434667633886,-1.463112541263176,-2.2590914203729557,-2.178483428540945,-3.4656215157009687,-0.8556205656916944,-0.2981432648911118,-0.6441021744577685,-0.8539209663374401,-1.2287361684249578,-1.1130201183265878,-1.5761318568722813,-0.8314748084610786,0.27136015715979356
0.2536084561318217,1.8796193023024044,-0.17892620429284317,3.186576173868437,1.7346092401179118,1.0758974717237402,1.2239332094710782,0.6628807785268966,0.6891231914345872,0.3430304615871088,1.6078361660387346,-0.16361112537868322,1.1480474632182345,1.5415018496145874,1.306032912864972,1.3531704804456557,0.7337578954792309,0.7023569695454718,0.27136015715979356
0.25736561844488576,-0.8320074396004017,-0.32817459484214645,-0.6289030653394941,-0.8816839438023967,-1.1311898620087237,-1.0027998253272292,-1.1032976520325413,-0.9081095668124233,0.26743303508451377,-0.7282699185496887,-0.22039342625459019,-0.5665168667623638,-0.7440435353707701,-0.9687702574415911,-0.8708365380981131,-0.8447007204110554,-0.4877245139177259,0.13388959424091865
0.26112278075794976,1.8796193023024044,-0.0543922207799338,2.9222034504245102,1.7346092401179118,1.0758974717237402,1.2239332094710782,0.6628807785268966,0.6891231914345872,0.3430304615871088,2.446577313958991,0.044278276069798304,3.307420237811683,2.3904779541272787,1.306032912864972,1.394151094190043,0.7337578954792309,0.7023569695454718,0.27136015715979356
0.2648799430710138,1.2317994598623416,0.5210878494439632,0.45858184271235275,1.123015831374899,1.0758974717237402,1.2239332094710782,0.6628807785268966,0.6891231914345872,0.3430304615871088,0.9687972586054532,0.6232317206165598,0.46738034596664707,0.6383157639773196,1.306032912864972,1.394151094190043,0.7337578954792309,0.7023569695454718,0.27136015715979356
0.2686371053840778,0.5483327850917035,-0.39087821223134545,0.098441708398947,0.8507821534458908,1.0758974717237402,1.2239332094710782,0.6628807785268966,0.6891231914345872,0.3430304615871088,-0.3655481205887869,-0.46001426514764976,-0.3455373669782168,-0.36736832371273576,-0.07757073009519602,-0.1810460609509773,0.7337578954792309,0.7023569695454718,0.27136015715979356
0.27239426769714187,1.5463187247728862,-0.06573990005241331,0.7958248094375203,1.6681944554951194,1.0758974717237402,1.2239332094710782,0.6628807785268966,0.6891231914345872,0.3430304615871088,2.446577313958991,0.31221779356716983,4.243993053472628,2.3904779541272787,1.306032912864972,1.394151094190043,0.7337578954792309,0.7023569695454718,0.27136015715979356
0.27615143001020587,-0.58173834504642,-0.32731826638281497,-0.49702839075142713,-0.5593133449704606,-0.29156656444899137,-0.4930829832231828,0.6628807785268966,0.6891231914345872,0.3430304615871088,-0.6974700768268385,-0.27431155204622004,-0.5477528066600816,-0.7002325192653873,-0.8651150243992617,-0.8122642724182055,-0.5530599255948734,-0.3196146234597426,0.27136015715979356
0.2799085923232699,0.29399280459582894,0.6645873173736501,-0.035578044309250406,-0.15689290118049853,1.0758974717237402,1.2239332094710782,0.6628807785268966,0.6891231914345872,0.3430304615871088,2.446577313958991,1.7147199221756368,2.0794012548845595,2.3904779541272787,1.306032912864972,1.394151094190043,0.7337578954792309,0.7023569695454718,0.27136015715979356
0.2836657546363339,-1.012020654223015,-0.3887348973027556,-0.7237577022742528,-1.044883166689671,-1.5562468311501148,-1.3694282636406316,-2.221481708807528,-1.9199329835361667,-3.306816945199126,-0.9668014594628124,-0.3719629781967407,-0.7118364502283799,-0.9409826823680001,-1.43472094728755,-1.324453570066066,-2.155683538580336,-1.9133591612976306,-2.57489186436628
0.287422916949398,1.3490055369447624,0.06887613785327408,0.7813754021147673,1.3405310002647808,1.0758974717237402,1.2239332094710782,0.6628807785268966,0.6891231914345872,0.3430304615871088,2.221203929839119,0.14629696659581812,3.1066857871002025,2.3904779541272787,1.306032912864972,1.394151094190043,0.7337578954792309,0.7023569695454718,0.27136015715979356
0.291180079262462,0.5739257147430274,0.44256022398177514,0.111927429740361,0.4179349371278825,1.0758974717237402,1.2239332094710782,0.6628807785268966,0.6891231914345872,0.3430304615871088,0.5450364930616193,0.313318429146605,0.20921432858239453,0.3564384575464155,1.2910912695478893,1.372532068187367,0.7337578954792309,0.7023569695454718,0.27136015715979356
0.294937241575526,-0.8181794652750694,-0.24735123011805746,-0.6216166697994644,-0.8442080761902557,-1.0335829100800173,-0.9746367338421768,-0.8465261004507658,-0.8303848938901651,0.3430304615871088,-0.7780580536564812,-0.2696972861086697,-0.5968490862565733,-0.7667446129574648,-1.0224801618615427,-0.9655189687230362,-0.9958170582436081,-0.7852939261847918,0.27136015715979356
0.29869440388859003,1.8796193023024044,0.46686664935650696,3.2483804064427395,1.7346092401179118,1.0758974717237402,1.2239332094710782,0.6628807785268966,0.6891231914345872,0.3430304615871088,1.643697002605979,0.289650262415412,0.8785467238135061,1.1570283062116493,1.306032912864972,1.3751420092323678,0.7337578954792309,0.7023569695454718,0.27136015715979356
0.30245156620165403,-1.0512838861480138,-0.5597677145068312,-0.7444467367817406,-1.0598640760459825,-1.5952650311961678,-1.4493947118482116,-2.3241256656956626,-2.140624878635401,-3.7402244032667706,-1.1514200144595612,-0.6902151692228001,-0.824310848412883,-1.0507092189063876,-1.6943298476713227,-1.6755439149456168,-2.8861102023104857,-3.0167713454684537,-6.91952167716013
0.3062087285147181,-0.9737970822824037,-0.640968419124298,-0.7036164973833932,-0.8016208133868434,-0.9226631855188924,-1.2915792650728009,-0.5547330548346486,-1.705084838962912,-0.5793380299885449,-0.7366845806936162,-0.7579371155440524,-0.5716432965547583,-0.38521757322933325,-0.11980138993251732,-0.8868387575619644,0.08746111548628267,-0.5380165375740376,0.1460801741787696
0.3099658908277821,0.9830381877200379,0.1898145539502989,0.32750168728067985,1.1822341815728161,1.0758974717237402,1.2239332094710782,0.6628807785268966,0.6891231914345872,0.3430304615871088,0.9371242430457903,0.39472819381679014,0.4480843257815473,0.8470893427836482,1.306032912864972,1.394151094190043,0.7337578954792309,0.7023569695454718,0.27136015715979356
0.31372305314084614,1.8796193023024044,17.598520775163482,3.358152624464763,1.7346092401179118,1.0758974717237402,1.2239332094710782,0.6628807785268966,0.6891231914345872,0.3430304615871088,2.446577313958991,3.316036713905051,4.981294602043317,2.3904779541272787,1.306032912864972,1.394151094190043,0.7337578954792309,0.7023569695454718,0.27136015715979356
0.31748021545391014,1.038277566544351,-0.1409429352476838,0.35660905716942487,1.1185392395966989,1.0758974717237402,1.2239332094710782,0.6628807785268966,0.6891231914345872,0.3430304615871088,-0.06569009391112329,-0.10969326646436556,-0.16285610240025694,-0.17076758810141954,0.3875792910105749,0.38919596051330635,0.7337578954792309,0.7023569695454718,0.27136015715979356
0.3212373777669742,-0.7843594456935529,-0.27552696338926375,-0.6037958354498502,-0.8130689945282206,-0.9524802955029014,-0.9057563408727263,-0.6331719922565552,-0.6402883621529067,0.3430304615871088,-0.7833896099351938,-0.22580931593332132,-0.6000972082226738,-0.7757781459324858,-1.0438531645663618,-0.9756580250744966,-1.055951402776855,-0.817159109825869,0.27136015715979356
0.3249945400800382,-0.8641777264485705,-0.5171736596977389,-0.6458546035111066,-0.7827444337778339,-0.8734991235643174,-1.0683202486581738,-0.4253986967721261,-1.088933233696742,0.3430304615871088,-0.7892413544401022,-0.6029213949139346,-0.6036622423089338,-0.6488531842457796,-0.7435534305707402,-0.9867863268663336,-0.2247437040076398,-0.8521333093882455,0.27136015715979356
0.32875170239310225,-0.5985787719145491,-0.45106144248709473,-0.5059021424909962,-0.6045976761693996,-0.40951087955343485,-0.5273814618995237,0.6628807785268966,0.6891231914345872,0.3430304615871088,-0.8524396209230728,-0.6893217675172802,-0.6421642606412791,-0.7984956741956544,-1.0976019906743963,-1.1069708943150733,-1.2071772493309114,-1.2298512330119666,0.27136015715979356
0.33250886470616625,-0.835479472619686,-0.20942788705618837,-0.6307325889784122,-0.8845781125675843,-1.138727806012073,-1.0098712286478209,-1.1231274852486282,-0.9276252691452481,0.3430304615871088,-0.6432461831521146,-0.022683685607021283,-0.5147182083316925,-0.6815084329501043,-0.8208145332660062,-0.7091463299594607,-0.42841758901767857,0.02043798135829288,0.27136015715979356
0.3362660270192303,0.43805059055581136,0.41616337330272934,0.040330543921379886,0.23798119915007393,1.0758974717237402,1.2239332094710782,0.6628807785268966,0.6891231914345872,0.3430304615871088,0.5303089872604027,0.5868209223676338,0.20024195117547583,0.2227260305306376,1.306032912864972,1.394151094190043,0.7337578954792309,0.7023569695454718,0.27136015715979356
0.3400231893322943,0.7854076735450077,-0.5910718195186083,0.22336393990139958,1.4668152761804858,1.0758974717237402,0.7007870427143378,0.6628807785268966,0.2373300465493484,0.3430304615871088,1.896601883081122,-0.22784656061342293,2.9304572009395327,2.3904779541272787,1.306032912864972,1.1921209231371204,0.7337578954792309,0.7023569695454718,0.27136015715979356
0.3437803516453583,-1.0558405909879014,-0.6038370000760767,-0.7468478081925949,-1.0240357439263332,-1.501949131826421,-1.4586752392961855,-2.0786424516934545,-2.16623733530844,-2.7036874360206324,-0.9764898227256239,-0.48541448164184936,-0.717738851681998,-0.923123837754093,-1.39246758580722,-1.3428779954945904,-2.0368009355114993,-1.9712637314479526,0.2521403251975783
0.34753751395842236,-0.32196378886530846,-0.2736434881496294,-0.36014498881282214,-0.1034126711477162,1.0758974717237402,0.03599339622988121,0.6628807785268966,0.6891231914345872,0.3430304615871088,0.3159546633380868,0.10004610254473686,0.06965175355513128,0.937886683145106,1.306032912864972,1.0222769899311936,0.7337578954792309,0.7023569695454718,0.27136015715979356
0.35129467627148636,-0.9365701396653557,-0.5527835840038419,-0.6840004478976158,-0.9401319787598823,-1.283419414035815,-1.2157600766677517,-1.5037631670211153,-1.4958385769486129,0.3430304615871088,-0.9677959244173736,-0.5977408709813827,-0.712442303996882,-0.9162997350009652,-1.376322012751374,-1.326344750743301,-1.9913743070570835,-1.9193027932777225,-0.022593254751970594
0.3550518385845504,0.09414733601680267,0.33200894226588545,-0.14088292098100438,-0.037078273632227605,1.0071468145334606,0.9322147829092305,0.6628807785268966,0.6891231914345872,0.3430304615871088,-0.3685446339136643,0.10144993204097119,-0.3473629203895425,-0.50773466262995,-0.4096722622022059,-0.18674455044834065,0.37506620089041115,0.6347924988796422,0.27136015715979356
0.3588090008976144,-0.9978210141265581,-0.6518545569018624,-0.7162754643242369,-0.9981113444766143,-1.4344283038349819,-1.3405082097207544,-1.901017524115432,-1.8401192410352885,0.3430304615871088,-0.9475878333700992,-0.7487605494563552,-0.7001310123228682,-0.8702861612919377,-1.2674556104189798,-1.2879148883967468,-1.6850715457480365,-1.7985248255334219,0.27136015715979356
0.36256616321067847,0.23043555511357688,0.12920053862656794,-0.06906836243311479,0.061009467658848196,1.0758974717237402,1.2239332094710782,0.6628807785268966,0.6891231914345872,0.3430304615871088,0.6455782248879623,0.20896537498200315,0.27046695175342245,0.37768145018858407,1.306032912864972,1.3693883735449648,0.7337578954792309,0.7023569695454718,0.27136015715979356
0.36632332552374247,1.8796193023024044,0.8886793997877936,3.358152624464763,1.7346092401179118,1.0758974717237402,1.2239332094710782,0.6628807785268966,0.6891231914345872,0.3430304615871088,2.446577313958991,0.8964854047945017,2.0034802648153685,2.3904779541272787,1.306032912864972,1.394151094190043,0.7337578954792309,0.7023569695454718,0.27136015715979356
0.3700804878368065,-0.9515005102263467,-0.40054326393846457,-0.6918677307625598,-0.9741240161330907,-1.3719526320571815,-1.2461683911556165,-1.7366647309842909,-1.5797596301093073,0.3430304615871088,-1.0177016246040822,-0.5196241536999175,-0.742846147178164,-0.9387388722456583,-1.4294121760740592,-1.4212507556695917,-2.1407469626761757,-2.2175748583285926,-2.5507594953037325
0.3738376501498705,-0.09370697767642029,0.021799349364854035,-0.2398692801733268,-0.27333882293290035,0.4532621267568705,0.5008783681249802,0.6628807785268966,0.6891231914345872,0.3430304615871088,2.240063013887809,0.7614492116684234,1.3696554389262436,1.8914912901794745,1.306032912864972,1.394151094190043,0.7337578954792309,0.7023569695454718,0.27136015715979356
0.3775948124629346,1.1276308940072957,0.019901848210632886,0.4036921418928373,0.8198197076950579,1.0758974717237402,1.2239332094710782,0.6628807785268966,0.6891231914345872,0.3430304615871088,0.4249258449569276,0.20004054119837886,0.13603981553649316,0.3051970311215996,1.3032530430950124,1.3888846548458076,0.7337578954792309,0.7023569695454718,0.27136015715979356
0.3813519747759986,-0.22774649159269209,-0.07159968326858647,-0.3104989250807562,-0.31714202973092526,1.0758974717237402,1.2239332094710782,0.6628807785268966,0.6891231914345872,0.3430304615871088,0.410586072795454,0.16744687875047443,0.127303655490213,0.20699109237288454,1.293164586576913,1.1605074361495982,0.7337578954792309,0.7023569695454718,0.27136015715979356
0.38510913708906264,1.8796193023024044,0.48601000022315144,2.229203534831462,1.7346092401179118,1.0758974717237402,1.2239332094710782,0.6628807785268966,0.6891231914345872,0.3430304615871088,0.3155283772476315,0.0047934181750940415,0.06939204904449911,0.07522890313740456,0.8785382815310505,1.0273915031859755,0.7337578954792309,0.7023569695454718,0.27136015715979356
0.38886629940212664,-0.9099773004284066,-0.2511982804162654,-0.6699878426776403,-0.9582685976115172,-1.3306567482777387,-1.1615991022070582,-1.6280289428312753,-1.3463647868520092,-0.2889528507630565,-0.923645010472145,-0.41658686942673323,-0.6855444254203056,-0.8822217345036869,-1.295694732282344,-1.2423826614286537,-1.7645241667438238,-1.6554254360407836,-1.0107716298165157
0.3926234617151907,-1.1739719851953994,-0.5678460657750962,-0.8090949633897311,-1.1321962104933765,-1.7836561111032903,-1.6992705126203025,-2.8197201795705684,-2.830233648912164,-5.832840130511955,-1.2345071672423706,-0.6854722423429238,-0.8749296906320455,-1.0948629778636576,-1.798795997541067,-1.8335513109307586,-3.1800325647922483,-3.5133594415578635,-8.667792820718525
0.3963806240282547,0.8997540052683193,0.4039841918257349,0.2836166263676386,0.8713213751939309,1.0758974717237402,1.2239332094710782,0.6628807785268966,0.6891231914345872,0.3430304615871088,2.446577313958991,1.217358414108378,2.859478709655067,2.3904779541272787,1.306032912864972,1.394151094190043,0.7337578954792309,0.7023569695454718,0.27136015715979356
0.4001377863413187,0.8530042345879635,0.03118765765739838,0.25898269860869727,1.5529653465415079,1.0758974717237402,1.177384897282216,0.6628807785268966,0.6891231914345872,0.3430304615871088,1.7034290382560995,0.11580924014086014,0.9149370246811553,2.139444679414091,1.306032912864972,1.2929202507821551,0.7337578954792309,0.7023569695454718,0.27136015715979356
0.40389494865438275,-0.8791449942584063,-0.23006769700615018,-0.6537413286994979,-0.8962804633534118,-1.1692069079884881,-1.098803710855339,-1.203307904272667,-1.1730616799673013,0.3430304615871088,-0.8625357821815907,-0.22124718400188775,-0.6483151031800768,-0.8272977470279289,-1.1657466227082678,-1.1261708319284673,-1.398906639787248,-1.290193094891435,-0.07365260768140766
0.40765211096744675,-0.6029663799284785,-0.5018093703714288,-0.5082141114541947,-0.4125421761862996,0.1442157697119673,-0.5363175940465446,0.6628807785268966,0.6891231914345872,0.3430304615871088,-0.4611205043658693,-0.5449595155803341,-0.4037625348037118,-0.15847868185615752,0.22505058320748692,-0.3627967044973307,0.09664918458321098,-0.3964381410618379,0.27136015715979356
0.4114092732805108,-0.9479563722322123,-0.5261301397020881,-0.6900002127395919,-0.8752159084388262,-1.1143436818658299,-1.2389501334255897,-1.0589809335197444,-1.5598386380750187,-0.18824674352626475,-1.0375479394173932,-0.6802340202878131,-0.7549370354144344,-0.9145856951144864,-1.3722666581928447,-1.4589926257243981,-1.979964301097925,-2.3361905932219993,-1.8140465045132974
0.4151664355935748,-0.14857528685116267,0.13718749443246503,-0.26878112176732155,-0.22285934643072627,0.5847373440174292,0.3891294470926767,0.6628807785268966,0.6891231914345872,0.3430304615871088,0.9309348871514299,0.3314924510676646,0.44431361010575615,0.8136943187341785,1.2910169004244587,1.319533525308881,0.7337578954792309,0.7023569695454718,0.27136015715979356
0.41892359790663886,-0.704070226647995,-0.47134644303118195,-0.5614889151589817,-0.6499304983813695,-0.5275814908660533,-0.7422332847804952,0.6628807785268966,-0.18899642721873341,0.3430304615871088,-0.7088137072607961,-0.49324250964987676,-0.5546636396817637,-0.6675252396076469,-0.7877308184053033,-0.8338365305333971,-0.3353343879649366,-0.3714403159705372,0.27136015715979356
0.42268076021970286,-0.5863680823191864,-0.2100914107950668,-0.49946794525320254,-0.6139389606557348,-0.43384051790221423,-0.5025122540112978,0.6628807785268966,0.47258714641033955,0.3430304615871088,0.19379446159230612,0.31028730915360375,-0.004771400573096886,0.027345944054504242,0.8563085324202064,0.8826594809282495,0.7337578954792309,0.7023569695454718,0.27136015715979356
0.4264379225327669,-0.8320271319612286,-0.09783482128365696,-0.6289134418651304,-0.8999622948740997,-1.1787963418067717,-1.0028399322688846,-1.2285345274962909,-0.9082202541964273,0.3430304615871088,-0.6033976074061288,0.036371307824438835,-0.49044142545026476,-0.661702667170751,-0.7739548287911668,-0.6333660260682155,-0.29657473789685346,0.20053387163680225,0.27136015715979356
0.4301950848458309,-0.8600346246330012,-0.7250926213945919,-0.64367147257084,-0.8505937164061522,-1.0502144897418328,-1.0598820962058662,0.6628807785268966,0.6891231914345872,0.3430304615871088,-0.8453297065024263,-0.7719272146071692,-0.6378327169044108,-0.7790055293855495,-1.0514890336623806,-1.0934499223518046,0.7337578954792309,0.7023569695454718,0.27136015715979356
0.43395224715889497,1.1304272249992182,-0.08385901824018226,0.40516561683490754,1.7346092401179118,1.0758974717237402,1.2239332094710782,0.6628807785268966,0.6891231914345872,0.3430304615871088,2.0402324409782717,0.23495640230002993,2.672540632437771,2.3904779541272787,1.306032912864972,1.394151094190043,0.7337578954792309,0.7023569695454718,0.27136015715979356
0.43770940947195897,-0.34017866002037145,-0.17161974554467496,-0.3697429785706766,0.010248207018689755,1.0758974717237402,-0.0011043789510145072,0.6628807785268966,0.6891231914345872,0.3430304615871088,0.12689726202019444,0.06049336985543618,-0.04552690460265961,0.35343299360204455,1.306032912864972,0.7554406276030091,0.7337578954792309,0.7023569695454718,0.27136015715979356
0.441466571785023,-0.8985834898185341,-0.23828838233318958,-0.6639840847259337,-0.953986011461285,-1.3195026321189764,-1.1383936114374322,-1.5986861587773202,-1.2823221308450403,-0.6771030836358987,-0.8628814978609747,-0.22385669772586517,-0.6485257221126219,-0.8643369386990997,-1.2533799712510136,-1.1268282817557935,-1.6454688120122913,-1.2922593384111922,0.1986475101967393
0.445223734098087,0.18453938461932146,-0.3282128177190394,-0.09325250134788693,0.6900628394246083,1.0758974717237402,1.2034964771108796,0.6628807785268966,0.6891231914345872,0.3430304615871088,-0.41754458349283724,-0.35666294431630235,-0.3772149568768027,-0.3854442031800253,-0.12033758795852909,-0.27992808336644764,0.7337578954792309,0.7023569695454718,0.27136015715979356
0.448980896411151,0.10411155248305115,-0.12302996293841421,-0.13563246124544107,0.6103956677190754,0.9517564421942986,0.9037704498750144,0.6628807785268966,0.677370815538925,0.3430304615871088,-0.025105888524596883,-0.21413847452734028,-0.1381311549174504,0.17693347436300713,1.0635826392249847,0.4663752162282523,0.7337578954792309,0.663179980657075,0.27136015715979356
0.4527380587242151,0.8028508474426799,0.20230872638754752,0.23255529804986566,1.4396430585774287,1.0758974717237402,1.2239332094710782,0.6628807785268966,0.6891231914345872,0.3430304615871088,2.2657312642461545,0.4670733311321083,1.4088437736625028,2.2913317859370026,1.306032912864972,1.394151094190043,0.7337578954792309,0.7023569695454718,0.27136015715979356
0.4564952210372791,-0.8916709891902401,-0.595796315712049,-0.6603416702577359,-0.8650920455295548,-1.0879757959893757,-1.1243150932824988,-0.9896157619346957,-1.2434681499387543,0.3430304615871088,-0.6287183508988813,-0.6684073237238617,-0.5058674772140287,-0.5265920586072044,-0.4542881590326343,-0.6815186538776583,0.7337578954792309,0.5468509314526698,0.27136015715979356
0.46025238335034313,-0.9705730900809786,-0.4216605704286123,-0.701917674269835,-1.0087903563211875,-1.4622420907377236,-1.28501304031857,-1.9741863822475605,-1.6869633315414871,-2.2626284500774037,-0.885046543761926,-0.3806079641558809,-0.6620292412929422,-0.8663729521632232,-1.2581971033073267,-1.1689796982793081,-1.6590221289110578,-1.4247334643745766,0.27136015715979356
0.46400954566340713,-0.7476385957571942,-0.2651884691152284,-0.5844464621499427,-0.8129524463219913,-0.9521767424196055,-0.8309678988467735,-0.632373444667008,-0.4338867603288278,0.3430304615871088,-0.5862155664847063,0.021669032496400363,-0.47997368177058625,-0.655012518439552,-0.7581261859641668,-0.6006908235516377,-0.2520398134223439,0.2877504007243733,0.27136015715979356
0.4677667079764712,-1.006542537341815,-0.5530528970150538,-0.7208711098152386,-0.9111957375936837,-1.2080541595275622,-1.3582711191984096,-1.3055021522772696,-1.8891414277519452,-0.6203871660465285,-1.0144406484649544,-0.6741483771664736,-0.7408594761810423,-0.8149342909020347,-1.1364951457999146,-1.4150493354637486,-1.3166056914924746,-2.1980849386709043,-0.9844541673748832
0.4715238702895352,-0.9085595273704475,-0.45549217555894955,-0.6692407733641432,-0.9068021655161405,-1.1966109773974922,-1.158711559071897,-1.2753989314255718,-1.3383957275657201,-0.1913613267625676,-0.8519174906266703,-0.5031468432581454,-0.6418461653617276,-0.791985269027776,-1.0821986144264397,-1.1059779556267566,-1.163838840261179,-1.226730609893729,0.056064267488615066
0.47528103260259924,-0.43373140324491327,-0.10205542600914767,-0.41903886782757804,-0.5357481695572376,-0.23019040185937115,-0.19164092494990667,0.6088087017271914,0.5821813996091564,0.3430304615871088,-0.5738097721657394,-0.22033712816070655,-0.4724157510411914,-0.6224704496824826,-0.6811328628104636,-0.5770986412489029,-0.03541405029356984,0.42458304690970117,0.27136015715979356
0.47903819491566324,1.8796193023024044,0.05814212236509069,2.7446310443259776,1.7346092401179118,1.0758974717237402,1.2239332094710782,0.6628807785268966,0.6891231914345872,0.3430304615871088,2.104524959729025,0.18558423715354655,2.89650778998741,2.167352920628956,1.306032912864972,1.394151094190043,0.7337578954792309,0.7023569695454718,0.27136015715979356
0.4827953572287273,-0.6622610324474885,0.03161584032519586,-0.5394583328779085,-0.7445116373606483,-0.7739207292596254,-0.6570815385100409,-0.1634409334735256,0.046005885334325425,0.3430304615871088,0.5654407768765497,1.1280254676424561,0.2216451459642713,0.21224965144712477,1.2937838202352712,1.394151094190043,0.7337578954792309,0.7023569695454718,0.27136015715979356
0.4865525195417913,1.8796193023024044,1.044222505318906,2.185619470937385,1.7346092401179118,1.0758974717237402,1.2239332094710782,0.6628807785268966,0.6891231914345872,0.3430304615871088,1.9895335053672984,1.0421407194945207,1.1639815542687393,1.2591922882982995,1.306032912864972,1.394151094190043,0.7337578954792309,0.7023569695454718,0.27136015715979356
0.49030968185485535,-0.9153094646326363,-0.5051486325458334,-0.6727975280706222,-0.9393074836043288,-1.2812719931983167,-1.1724589884611107,-1.4981140142768983,-1.3763359676620808,0.3430304615871088,-0.8068094561390786,-0.5139912759343648,-0.6143651841983397,-0.7818716757337962,-1.0582702292170871,-1.0201957037541576,-1.09651475949554,-0.9515117251696378,0.27136015715979356
0.49406684416791935,1.8796193023024044,0.8664703489243807,3.358152624464763,1.7346092401179118,1.0758974717237402,1.2239332094710782,0.6628807785268966,0.6891231914345872,0.3430304615871088,2.027831552534769,0.49491343015926137,1.2210014667101494,2.0014855630465602,1.306032912864972,1.394151094190043,0.7337578954792309,0.7023569695454718,0.27136015715979356
0.4978240064809834,-0.416904013900824,-0.16490027671649074,-0.4101719859703767,-0.4453974981970723,0.005130464556570748,-0.15736899947460498,0.6628807785268966,0.6891231914345872,0.3430304615871088,0.1882880542851061,0.06236865474007219,-0.00812604630763429,0.2195739835606556,1.2196566430500058,0.8721879092026077,0.7337578954792309,0.7023569695454718,0.27136015715979356
0.5015811687940473,0.406546986239507,-0.30322020833388047,0.02373030179013028,1.4159504306839288,1.0758974717237402,0.992530250792534,0.6628807785268966,0.6891231914345872,0.3430304615871088,1.123009008077419,-0.1525590364444107,0.5613301318651714,1.9439953974871036,1.306032912864972,1.148811780491998,0.7337578954792309,0.7023569695454718,0.27136015715979356
0.5053383311071115,1.8796193023024044,1.0241685514303334,3.3098043320132167,1.7346092401179118,1.0758974717237402,1.2239332094710782,0.6628807785268966,0.6891231914345872,0.3430304615871088,1.1059902552603242,0.09141836795149463,0.5509618675214952,0.6718362440519848,0.8259063564069122,0.8044359908327109,0.7337578954792309,0.7023569695454718,0.27136015715979356
0.5090954934201755,-0.6722558276336207,-0.16217373606116467,-0.5447249055048429,-0.8087334013495644,-0.941188121046761,-0.6774376893517229,-0.6034660225633972,-0.010173144832367732,0.3430304615871088,-0.49039213972986595,-0.1234284357603197,-0.4215955720707413,-0.5965272894818201,-0.6197523116270506,-0.41846276988991365,0.13728415517065415,0.2981217052439097,0.27136015715979356
0.5128526557332395,-0.27439530563947573,-0.5919669112327852,-0.33507965560724207,0.11214331310807711,0.8712574934805656,0.14051363491325625,0.6628807785268966,0.6891231914345872,0.3430304615871088,-0.8177225876194609,-0.7329309197870864,-0.6210137461242315,-0.5691186106448726,-0.5549043979107275,-1.0409492791205743,-0.4823053944920632,-1.1433341105065464,0.27136015715979356
0.5166098180463035,-0.9459628635052694,-0.48455969526792,-0.6889497701544917,-0.9798825713643159,-1.3869509512275415,-1.2348900037686925,-1.7761203395080014,-1.5486334673013509,0.3430304615871088,-0.8723932012565545,-0.44247984391711087,-0.654320497806463,-0.8455134766137558,-1.2088443607455113,-1.1449167519293624,-1.5201649516645528,-1.3491080631728254,0.27136015715979356
0.5203669803593676,0.43556928921937055,-0.38933832165921056,0.03902306803474826,0.6938809372884593,1.0758974717237402,1.1598228336558372,0.6628807785268966,0.6891231914345872,0.3430304615871088,-0.2389125928732089,-0.31722493277179536,-0.2683877285313314,-0.28945412451158775,0.10677136450664651,0.059777571865608004,0.6954537014268044,0.7023569695454718,0.27136015715979356
0.5241241426724316,0.947137502476844,-0.08762489412167287,0.3085844846098028,1.7346092401179118,1.0758974717237402,1.2239332094710782,0.6628807785268966,0.6891231914345872,0.3430304615871088,2.123533939979573,0.14440752106082022,1.5738408790353267,2.3904779541272787,1.306032912864972,1.394151094190043,0.7337578954792309,0.7023569695454718,0.27136015715979356
0.5278813049854956,-1.0283872922235748,-0.4151887677704043,-0.7323817997253234,-1.0237734338266706,-1.5012659377893118,-1.4027617883108414,-2.076845194536312,-2.011927049731397,-2.6960986341117286,-0.8280569999576806,-0.21445105121747896,-0.627309737382271,-0.8041476329849253,-1.1109743147501088,-1.0606023004109613,-1.2448011599383846,-1.084123296533915,0.27136015715979356
0.5316384672985596,-0.8520571313881948,-0.3419109208140068,-0.6394678799236447,-0.8793330270780556,-1.1250668332352187,-1.0436345340692157,-1.0871899919992565,-1.0208054468982901,0.3430304615871088,-0.807238096774064,-0.4020853209325838,-0.6146263231583888,-0.771307049419721,-1.033274716673931,-1.021010852526012,-1.0261882460049265,-0.9596946797338525,0.27136015715979356
0.5353956296116237,1.5245020877238014,0.5910458341301248,0.723422213933542,1.4476423940835967,1.0758974717237402,1.2239332094710782,0.6628807785268966,0.6891231914345872,0.3430304615871088,0.3577375743014235,0.3185042605950437,0.0951069834754416,0.11603559892003114,0.9703078944642907,1.0119102646288618,0.7337578954792309,0.7023569695454718,0.27136015715979356
0.5391527919246877,0.09573643732443776,-0.10324571747729752,-0.14004557341235652,0.2476950670537027,1.0723123966709585,0.8867130610731168,0.6628807785268966,0.6891231914345872,0.3430304615871088,-0.10710649507106641,-0.15739007404183075,-0.1880880450699083,-0.1785067333203454,0.36926876154724475,0.310434112511787,0.7337578954792309,0.7023569695454718,0.27136015715979356
0.5429099542377517,-0.9373627722354424,-0.7069624790483384,-0.6844181109831613,-0.8755284203864494,-1.1151576280288555,-1.2173744117149672,-1.061122156199629,-1.5002938287308434,0.3430304615871088,-1.0050970677998379,-0.8455652168598571,-0.7351671252024763,-0.8739606504085792,-1.2761493148694936,-1.397280585414853,-1.7095318532639145,-2.1422410352785626,-0.29579674998820554
0.5466671165508157,-0.9085087720114188,-0.4277238904435266,-0.6692140287656235,-1.0140461249809636,-1.4759308881321562,-1.158608186894155,-2.0101970728469802,-1.3381104403944488,-2.4146812581444586,-0.38301917471836,-0.3687167561222528,-0.35618118497856593,-0.5470707578114018,-0.5027399989376646,-0.21427088182485093,0.5850775344334213,0.5952254349821602,0.27136015715979356
0.5504242788638798,-0.45869175396344514,-0.40090548485460803,-0.4321912633899473,-0.5695423299777679,-0.31820824378837753,-0.24247705063587105,0.4681589968413716,0.23967495183820078,0.3430304615871088,-0.6937991329944616,-0.6193629021420076,-0.5455163727419242,-0.6432496863630626,-0.7302957631957564,-0.8052832138991052,-0.49389555493910975,-0.7664818262118365,0.27136015715979356
0.5541814411769438,-0.5339496550206697,-0.15438468510612152,-0.47184702364188486,-0.5812687063008801,-0.34874992095283197,-0.3957529464816218,0.6628807785268966,0.6891231914345872,0.3430304615871088,-0.23140757278628388,0.030929271981746862,-0.26381547620461077,-0.27888704102200257,0.1317726906355747,0.07404991892569701,0.7337578954792309,0.7023569695454718,0.27136015715979356
0.5579386034900078,0.2294173141696684,0.4766304532817877,-0.06960490568216779,-0.01894636480252329,1.0758974717237402,1.1589775790579917,0.6628807785268966,0.6891231914345872,0.3430304615871088,-0.233312903434467,0.1268232271005916,-0.26497625290986054,-0.268402783536559,0.15657805352229026,0.07042653884674846,0.7337578954792309,0.7023569695454718,0.27136015715979356
0.5616957658030718,0.033500825126820184,0.5614680067894489,-0.17283947919196324,-0.3911858543216259,0.14632621678013613,1.010822703565615,0.6628807785268966,0.6891231914345872,0.3430304615871088,-0.05408113399867917,0.3545534233232716,-0.15578362379850755,-0.3436292940561255,-0.021405069720291315,0.41127279747817863,0.7337578954792309,0.7023569695454718,0.27136015715979356
0.5654529281161358,1.8796193023024044,0.3472369941581143,2.9578447002155426,1.7346092401179118,1.0758974717237402,1.2239332094710782,0.6628807785268966,0.6891231914345872,0.3430304615871088,0.3485383260800022,0.2358815544330853,0.08950256355420344,-0.1061334270874184,0.5405013096710518,1.2486974797749517,0.7337578954792309,0.7023569695454718,0.27136015715979356
0.5692100904291999,0.8806350839082571,0.07222471930341252,0.2783961634338179,0.6664129194716382,1.0758974717237402,1.2239332094710782,0.6628807785268966,0.6891231914345872,0.3430304615871088,0.9838463309562486,0.4817666276593015,0.4765486300317064,0.7137871738978095,1.306032912864972,1.394151094190043,0.7337578954792309,0.7023569695454718,0.27136015715979356
0.5729672527422639,1.8796193023024044,-0.15617119564691048,2.5801343250356696,1.7346092401179118,1.0758974717237402,1.2239332094710782,0.6628807785268966,0.6891231914345872,0.3430304615871088,1.7253496313519923,-0.2351569340180776,1.0326331187890407,1.8280249362790864,1.306032912864972,1.394151094190043,0.7337578954792309,0.7023569695454718,0.27136015715979356
0.5767244150553279,1.604655364980899,0.5748041883951619,0.6967220727467449,1.685577807505204,1.0758974717237402,1.2239332094710782,0.6628807785268966,0.6891231914345872,0.3430304615871088,-0.13721481036463024,0.2273146420144907,-0.20643080938767944,-0.33851937448312003,-0.009315190250398717,0.25317692728278557,0.6359954904501592,0.6713288525988437,0.27136015715979356
0.5804815773683919,-0.29167993726183744,-0.007462483490195315,-0.3441874728334784,-0.2794074286327629,0.43745627241478796,0.09767176380290697,0.6628807785268966,0.6891231914345872,0.3430304615871088,-0.3734399829540809,0.13088835970004348,-0.35034529362517636,-0.4568890220141305,-0.289373369463862,-0.19605406856766824,0.7337578954792309,0.7023569695454718,0.27136015715979356
0.584238739681456,-0.5922057109007384,-0.06429023667938658,-0.5025439757592071,-0.6788888786926534,-0.6030044074007751,-0.5144016069946052,0.6628807785268966,0.6891231914345872,0.3430304615871088,-0.6330148826055074,-0.14278532907735203,-0.5084850354437102,-0.6827658557168128,-0.8237895487188021,-0.6896893970550846,-0.4717369429347324,-0.08475640147993153,0.27136015715979356
0.58799590199452,-0.7161016978116799,0.12254028424947377,-0.5678286765560266,-0.8251750926333751,-0.9840109687357027,-0.7667374829450694,-0.7161187468516328,-0.2566232638738932,0.3430304615871088,-0.560026952671927,0.14127502479211584,-0.46401890096358245,-0.6507047138780337,-0.7479340807491017,-0.550887760930932,-0.22336365710558606,0.3849540978369801,0.27136015715979356
0.591753064307584,-0.12419929300953651,-0.24627339084726477,-0.25593664226275276,-0.14516307505305212,1.0758974717237402,1.2239332094710782,0.6628807785268966,0.6891231914345872,0.3430304615871088,-0.6288966261601635,-0.45534415079443835,-0.5059760871136376,-0.6864107997765748,-0.8324133506646857,-0.6818576811383196,-0.29478152591437284,0.2500112737680434,0.27136015715979356
0.595510226620648,-0.9270951489878793,-0.18987230301240746,-0.679007776650915,-0.971789002035624,-1.3658710221229415,-1.196462598744253,-1.7206660301943046,-1.4425812788063055,-1.1921551881048231,-0.7242176299962858,0.03310958399534947,-0.5640481077780795,-0.782379973458262,-1.0594728427094975,-0.863130273764119,-1.0998983914115428,-0.4635051467816417,0.27136015715979356
0.5992673889337121,0.24758764957839965,0.10350410406789957,-0.0600303832128518,0.6156489629772625,1.0758974717237402,1.0673902977087733,0.6628807785268966,0.6891231914345872,0.3430304615871088,-0.7725201518158226,-0.1757389115510895,-0.593475253237762,-0.8003275087658974,-1.1019360430692666,-0.954987503631779,-1.2193713899267822,-0.7521954742668054,0.27136015715979356
0.6030245512467761,1.8796193023024044,-0.03561416057822851,1.3884648185334783,1.7346092401179118,1.0758974717237402,1.2239332094710782,0.6628807785268966,0.6891231914345872,0.3430304615871088,0.7135708921888362,-0.08377738613748005,0.3118898430535893,0.7470162464719996,1.306032912864972,1.394151094190043,0.7337578954792309,0.7023569695454718,0.27136015715979356
0.6067817135598401,-0.21219038139223717,-0.0026889360778774986,-0.3023019202760003,-0.2781117239931927,0.44083097161527895,0.25956616578775327,0.6628807785268966,0.6891231914345872,0.3430304615871088,-0.3226105887294517,0.03874323997040793,-0.319378712148039,-0.4178011348217853,-0.1968928835899706,-0.09939146849121092,0.7337578954792309,0.7023569695454718,0.27136015715979356
0.6105388758729041,-0.5724148166463978,0.08307832090010883,-0.49211552975292133,-0.701159388920134,-0.6610085780766648,-0.4740939847541671,0.1335935264577856,0.6891231914345872,0.3430304615871088,-0.6606864708608745,0.4941262332492021,-0.5253432826328203,-0.781931486337067,-1.0584117388777028,-0.7423126421244262,-1.0969129062044403,-0.0837976191945822,0.27136015715979356
0.6142960381859681,-0.7821981272811633,0.021018412511133188,-0.6026569686520015,-0.8970054667054836,-1.17109519962369,-0.9013544374019494,-1.208275373939826,-0.6281399619077505,0.3430304615871088,-0.6554163074026446,0.17763106821452773,-0.5221325627606563,-0.7564891191953759,-0.9982160454275265,-0.732290336911637,-0.9275483756635524,-0.05229936284389219,0.27136015715979356
0.6180532004990322,-0.9963706418723934,-0.5457452220843292,-0.7155112174667083,-1.0057340004230384,-1.4542817257819296,-1.3375542726132352,-1.9532452994612715,-1.8319669472561562,0.3430304615871088,-0.8241466881703687,-0.471167741786738,-0.6249274743155974,-0.7984809832271349,-1.0975672323898151,-1.0531660342457503,-1.2070794546181582,0.022733508619522537,0.27136015715979356
0.6218103628120962,-0.9370098049329452,-0.4190387669081285,-0.6842321213856838,-0.9225121990709167,-1.2375282019391485,-1.2166555319862644,-1.383038592580599,-1.498309860038578,-0.37000994827231076,0.6176145584513949,2.9388632624243227,0.2534307629827925,0.23608014780952366,1.022727999155741,1.151998103882739,0.7337578954792309,0.7023569695454718,0.27136015715979356
0.6255675251251602,1.6496894010688405,-0.4083190635208995,0.6014084295478882,1.686854321248623,1.0758974717237402,1.2239332094710782,0.6628807785268966,0.6891231914345872,0.3430304615871088,-0.0614248914146011,-0.16970421118683923,-0.16025763073558336,-0.031420357603203976,1.0079608722163464,0.5916514147824491,0.7337578954792309,0.7023569695454718,0.27136015715979356
0.6293246874382242,1.3905357981461455,1.535449955422502,0.5422250228412636,0.5226605561858446,1.0758974717237402,1.2239332094710782,0.6628807785268966,0.6891231914345872,0.3430304615871088,2.1684341925210564,1.6121223932872946,1.3281775034244971,1.7377400882649028,1.306032912864972,1.394151094190043,0.7337578954792309,0.7023569695454718,0.27136015715979356
0.6330818497512883,-0.7014134957076437,-0.28797716666937057,-0.5600889998843803,-0.6904759129944466,-0.6331831643490233,-0.7368223869321272,0.20679297091405338,-0.17406339809075155,0.3430304615871088,-0.724433613243007,-0.32273801336986624,-0.5641796903575937,-0.6799532214332077,-0.8171349607168037,-0.8635410105537131,-0.4180648703817077,-0.46479601673787174,0.27136015715979356
0.6368390120643523,-0.05481761355334796,0.09592758190876931,-0.2193772483952673,-0.3111383242850889,0.3548122616437609,0.5160255607830772,0.6628807785268966,0.6891231914345872,0.3430304615871088,-0.2742759220589419,-0.036280407022481385,-0.28993198321383523,-0.4292725856871396,-0.22403390926081257,-0.0074731085447471545,-0.45568881460957805,0.7023569695454718,0.27136015715979356
0.6405961743774163,0.002264594321412264,0.1785920828396415,-0.18929883379250328,-0.2367610832160195,0.5485298793051774,0.6963412825438635,0.6628807785268966,0.6891231914345872,0.3430304615871088,-0.5956673699790437,-0.0004366592048228391,-0.48573196489550013,-0.7163118965641501,-0.9031582324606702,-0.6186653816810688,-0.6600969859607058,0.27449999264683606,0.27136015715979356
0.6443533366904803,-0.6988980929892272,-0.04166839013580202,-0.558763554904686,-0.8070911367393523,-0.9369107966490378,-0.7316993287593353,-0.5922137992276642,-0.15992475066800016,0.3430304615871088,-0.5940983785646787,-0.07485621438772484,-0.48477609474967076,-0.6300181048483807,-0.6989903339374263,-0.6156816201799916,-0.08565721621985965,0.27468794393610985,0.27136015715979356
0.6481104990035444,-0.7262014087741023,-0.3269922780398418,-0.5731505326125107,-0.8443215362343429,-1.033878419958094,-0.7873073131396612,0.21205585202671218,0.6891231914345872,0.3430304615871088,-0.98085670348458,-0.5359984937865163,-0.7203992683736766,-0.9433268340048725,-1.4402671227887547,-1.3511825219368867,-2.1712880670145243,-1.9658053973461578,0.055933643911482624
0.6518676613166084,-0.9251554003809547,-0.28463233456803283,-0.6779856619676115,-0.9626784923052261,-1.3421424431209987,-1.1925119609870845,-1.6582440005461556,-1.4316782844502665,-0.928582211989809,-0.6777114394188837,0.11660419695824767,-0.5357153337666081,-0.7430533395203868,-0.9664274909241034,-0.7746891390735012,-0.8381091931994062,-0.1855509762304681,0.27136015715979356
0.6556248236296724,1.8796193023024044,0.920716302054504,1.671728549351236,1.7346092401179118,1.0758974717237402,1.2239332094710782,0.6628807785268966,0.6891231914345872,0.3430304615871088,1.1538001475689128,0.7894184274190165,0.5800888903430611,0.7148390618470161,1.306032912864972,1.394151094190043,0.7337578954792309,0.7023569695454718,0.27136015715979356
0.6593819859427364,-0.3805323474077468,-0.015415392768411841,-0.39100660843325674,-0.1655793098032424,0.7339248115215082,-0.08329173068537037,0.6628807785268966,0.6891231914345872,0.3430304615871088,-0.7701090093958443,0.05211875066352827,-0.5920063229201749,-0.820205088251438,-1.1489656560993604,-0.9504022179122689,-1.3516922899086745,-0.737784767152243,0.27136015715979356
0.6631391482558004,-0.6184255788587095,-0.3112949668664838,-0.5163600506559566,-0.8115220578980191,-0.9484512555120592,-0.567802960125083,0.6628807785268966,0.6891231914345872,0.3430304615871088,-0.9828889981945007,-0.6348359046591427,-0.721637394868796,-0.9420256141800355,-1.4371884851269783,-1.3550473504240137,-2.1626261180874993,-1.7245097540794572,-0.3654631676143366
0.6668963105688646,0.9127705194847796,0.26290292748703636,0.29047543799847936,1.3371944744527808,1.0758974717237402,1.2239332094710782,0.6628807785268966,0.6891231914345872,0.3430304615871088,0.4770222200899919,-0.08941539657439239,0.16777827454884867,0.614420654065151,1.2218937280783642,1.0083246759035327,0.7337578954792309,0.7023569695454718,0.27136015715979356
0.6706534728819286,-0.7089137513011261,-0.250398570306157,-0.5640411209702075,-0.7104801157667647,-0.6852846734742509,-0.7520979710105185,0.06973116257474625,-0.21622104888770924,0.3430304615871088,-0.48189854924768377,0.006224785292457001,-0.4164210570934858,-0.5060105093612899,-0.4055929797579511,-0.40231045187557596,0.37265254279019616,0.3346639939508575,0.27136015715979356
0.6744106351949926,-0.48183380326965297,-0.013045282554180448,-0.44438553862395846,-0.5880296069630337,-0.36635887700837527,-0.28960988704621304,0.6628807785268966,0.6891231914345872,0.3430304615871088,0.0559825128815937,0.05577199202160024,-0.08873000372728186,-0.024239802329407027,0.73425857698834,0.6205815733082971,0.7337578954792309,0.7023569695454718,0.27136015715979356
0.6781677975080566,-0.7612497349544762,-0.08151576160074066,-0.5916186004261996,-0.8159673435910546,-0.9600291272091194,-0.8586893676179869,-0.6530304674115939,-0.5103926401719899,0.3430304615871088,-0.49775776931539706,0.09332213876680535,-0.42608290409918503,-0.5253251250564538,-0.45129064141887715,-0.4324700370981563,0.6112621102972455,0.6769135095032264,0.27136015715979356
0.6819249598211207,-0.28834447757021525,0.5586667768744841,-0.34242991398579725,-0.4262876846275739,0.05490251183107987,0.10446501162285744,0.6628807785268966,0.6891231914345872,0.3430304615871088,0.25489880764375883,0.5628758291159188,0.0324549472808055,0.09968035000134716,0.9794180150936729,0.9988620258415751,0.7337578954792309,0.7023569695454718,0.27136015715979356
0.6856821221341847,-0.5177989909572964,-0.30886214414650953,-0.46333672966597755,-0.6225705538613929,-0.4563217453366907,-0.36285929055923505,0.4455392566273198,0.4136182685642974,0.3430304615871088,-0.4655652937515199,-0.32464196020177993,-0.4064704154455938,-0.5450213095493102,-0.49789108064953164,-0.3712493902978006,0.34130240704981696,0.5177746185419523,0.27136015715979356
0.6894392844472487,-0.9466064584458863,-0.5181596492319096,-0.6892889006152919,-0.9390036120044117,-1.2804805510640742,-1.236200797581685,-1.4960319922407437,-1.5522510041203275,-0.49332787877445855,-0.734437140794907,-0.42375449673802923,-0.5702740980466906,-0.689752840542254,-0.8403204946937198,-0.8825647860256338,-0.48329889049628516,-0.5245842335054014,0.2524887303735056
0.6931964467603127,-0.5408570536545271,-0.02096462907682265,-0.47548674970839927,-0.6470200981336642,-0.5200012715096661,-0.4098210735313475,0.28067250184200704,0.34847239804794367,0.3430304615871088,-0.716557434958733,0.03589159740292029,-0.5593813188584064,-0.7647560980996009,-1.0177754097392793,-0.8485628294591464,-0.9825799296580233,-0.4177223567597422,0.27136015715979356
0.6969536090733768,-0.28611038560233154,-0.5214556728269597,-0.34125270050768536,0.11486085040545678,1.0758974717237402,0.10901513118463348,0.6628807785268966,0.6891231914345872,0.3430304615871088,0.2677140922662703,-0.5626073874313723,0.040262350093087144,0.8062719980731087,1.306032912864972,0.9236903209276576,0.7337578954792309,0.7023569695454718,0.27136015715979356
0.7007107713864408,-0.9985010622406763,-0.3408629877291212,-0.7166338031111875,-1.024013070521963,-1.5018900783066131,-1.3418932468058395,-2.0784871014483275,-1.8439416748927524,-2.7030314796751163,-0.707615153941016,0.006800648669569065,-0.5539334500031754,-0.7611380525185251,-1.0092152485925483,-0.8315572336425391,-0.9584953549837493,-0.36427690633140775,0.27136015715979356
0.7044679336995048,-0.6342668079791799,0.1325011012672071,-0.5247072936068289,-0.7564619056890085,-0.8050455394530368,-0.6000663975931527,-0.24531999688171333,0.20335662155353115,0.3430304615871088,-0.31205163318776125,0.35629757773741183,-0.3129459233634572,-0.4446518479202731,-0.26042067114189194,-0.07931143188402821,0.7337578954792309,0.7023569695454718,0.27136015715979356
0.7082250960125688,-0.7669355471642147,-0.24051966280858691,-0.5946146341005291,-0.8055560838645838,-0.9329127082336867,-0.8702695199716279,-0.5816961532456377,-0.5423516157892238,0.3430304615871088,-0.1451079997791371,-0.016958671423489374,-0.21123954450733862,-0.2043676698532866,0.3080827485005057,0.23816639600770165,0.7337578954792309,0.7023569695454718,0.27136015715979356
0.7119822583256328,1.8796193023024044,-0.01289505482022147,1.398983586262885,1.7346092401179118,1.0758974717237402,1.2239332094710782,0.6628807785268966,0.6891231914345872,0.3430304615871088,2.3699115711891032,0.23147172508890848,1.6317285202705585,2.3904779541272787,1.306032912864972,1.394151094190043,0.7337578954792309,0.7023569695454718,0.27136015715979356
0.7157394206386969,-0.6934155308894154,-0.297955183512901,-0.5558746201198694,-0.689231793892517,-0.6299428211331545,-0.7205331308508971,0.1936020317632186,-0.12910820907208764,0.3430304615871088,-0.4279056907324981,-0.1301858822221599,-0.38352721135916384,-0.3687918892474339,-0.08093883315163669,-0.29963187053003953,0.4348046969208123,0.20667344870375073,0.27136015715979356
0.7194965829517609,-0.50138721017882,-0.39543525628334025,-0.45468884506229323,-0.4874537015734949,-0.10440610078064883,-0.32943382471569743,0.6156254404562079,0.3263206856266224,0.3430304615871088,-0.7600621806179216,-0.4501749880940443,-0.5858855350043572,-0.6976384020238587,-0.8589774395835463,-0.9312960962082575,-0.5357914282757219,-0.6777377513686172,0.27136015715979356
0.7232537452648249,-0.6256403109751878,-0.20182011950779025,-0.5201617204218382,-0.6715669545480953,-0.5839342498956827,-0.5824970256372108,0.6628807785268966,0.6891231914345872,0.3430304615871088,-0.7927857841755813,-0.3123618007317267,-0.6058216005674352,-0.7976939435145318,-1.095705125730907,-0.9935267926784032,-1.2018402954353777,-0.8815677751150707,0.27136015715979356
0.7270109075778889,1.8796193023024044,1.0581973048385145,0.8070468100264555,1.7346092401179118,1.0758974717237402,1.2239332094710782,0.6628807785268966,0.6891231914345872,0.3430304615871088,1.8443102394956483,0.2704671861108782,0.9409906543054909,1.8896586606105505,1.306032912864972,1.394151094190043,0.7337578954792309,0.7023569695454718,0.27136015715979356
0.730768069890953,1.028608906064577,-0.4527909352596988,0.37882359054113063,1.731936183907619,1.0758974717237402,1.2239332094710782,0.6628807785268966,0.6891231914345872,0.3430304615871088,1.1537505388282268,-0.455290520235193,0.5800586674152836,1.566220799119958,1.306032912864972,1.1889470796427455,0.7337578954792309,0.7023569695454718,0.27136015715979356
0.734525232204017,-0.881374528609401,-0.2587932281461458,-0.6549161406256133,-0.9424383797943701,-1.2894265004422314,-1.1033445480321227,-1.5195658211003853,-1.185593510307947,0.3430304615871088,-0.6419630972322824,0.014932528028744257,-0.5139365192070278,-0.706757977792233,-0.8805540163341092,-0.706706276855846,-0.5964985417349856,0.028106618117512052,0.27136015715979356
0.738282394517081,-0.627392900460814,0.06378447515808813,-0.5210852150647348,-0.746229823450396,-0.7783957932875546,-0.5860664810656143,-0.17521334426163065,0.24199367720558204,0.3430304615871088,-0.7970018617571517,-0.11190001059619661,-0.6083901440634818,-0.811653694696946,-1.1287333773136914,-1.0015445357063375,-1.294767446918981,-0.8985156371511653,0.27136015715979356
0.742039556830145,0.5023429412066596,-0.10510378661109095,0.0742082100219103,1.663178637379171,1.0758974717237402,1.2239332094710782,0.6628807785268966,0.6891231914345872,0.3430304615871088,0.5801235241823299,0.1333979270566963,0.23059025533825375,1.2072012392832163,1.306032912864972,1.1027939836825171,0.7337578954792309,0.7023569695454718,0.27136015715979356
0.7457967191432091,-0.8149585052654154,-0.1362050951130128,-0.619919444443327,-0.8941823685457543,-1.1637423610124946,-0.9680766846775324,-1.1889324916817423,-0.8122804298988252,0.3430304615871088,-0.4706069568086407,0.047182737428429274,-0.40954192696407826,-0.590795041628612,-0.6061900266151837,-0.3808371547644989,0.16924849725804345,0.7023569695454718,0.27136015715979356
0.7495538814562731,-0.5413209388602368,0.16676757532798028,-0.47573118544528936,-0.6820023595166214,-0.6111135558336128,-0.4107658569956139,0.2648507988589713,0.6891231914345872,0.3430304615871088,-0.6765720579223504,0.04345979020683843,-0.5350211930930034,-0.7312339837393225,-0.938463335175019,-0.7725223696359711,-0.7594302073956148,-0.1787412196178788,0.27136015715979356
0.7533110437693371,-0.08733518165370506,0.00998035346822477,-0.236511780005221,-0.27366547919093404,0.4524113413393074,0.5138556466539844,0.6628807785268966,0.6891231914345872,0.3430304615871088,2.446577313958991,1.2885210108450529,1.7646122133983462,2.3904779541272787,1.306032912864972,1.394151094190043,0.7337578954792309,0.7023569695454718,0.27136015715979356
0.7570682060824011,-0.7531954049823271,-0.16430164586197957,-0.5873745200854155,-0.8324139932142635,-1.0028648890325718,-0.8422853140292446,-0.7657171645090415,-0.4651206322867462,0.3430304615871088,-0.7398823704889875,-0.0174979276260435,-0.573591472797179,-0.7822175765563546,-1.059088617685538,-0.8929200158738837,-1.0988173491130842,-0.5571288105668022,0.27136015715979356
0.7608253683954652,1.8796193023024044,17.598520775163482,3.358152624464763,1.7346092401179118,1.0758974717237402,1.2239332094710782,0.6628807785268966,0.6891231914345872,0.3430304615871088,2.446577313958991,17.59367072639876,4.993462488284967,2.3904779541272787,1.306032912864972,1.394151094190043,0.7337578954792309,0.7023569695454718,0.27136015715979356
0.7645825307085292,-0.6584578099532074,-0.18315000956160346,-0.5374542950652764,-0.7579231974880724,-0.8088515150707674,-0.6493356098205282,-0.25533225774364143,0.0673831469247685,0.3430304615871088,-0.09885391331020801,-0.0831009461376162,-0.18306035883849428,-0.11871546918496081,0.5107326664916291,0.3261281026235472,0.7337578954792309,0.7023569695454718,0.27136015715979356
0.7683396930215932,0.7370823082323188,0.13502197059949544,0.19789978166677152,0.508965813135756,1.0758974717237402,1.0873551672470498,0.6628807785268966,0.6891231914345872,0.3430304615871088,-0.2935062957879139,-0.028089179307089453,-0.3016476242124719,-0.4051338908224755,-0.16692265588299357,-0.04404363930632483,0.7337578954792309,0.7023569695454718,0.27136015715979356
0.7720968553346572,-0.011919342544687486,0.3325117929876094,-0.19677279721546823,-0.23618311151196347,0.5500352228750116,0.667453211002801,0.6628807785268966,0.6891231914345872,0.3430304615871088,-0.1312493057851934,0.10439143430557375,-0.20279646972203638,-0.2488604684736546,0.202814443410158,0.2645215673717077,0.7337578954792309,0.7023569695454718,0.27136015715979356
0.7758540176477212,0.11109688529041967,0.1623845583204574,-0.13195166920636242,-0.013225905739642715,1.0758974717237402,1.2239332094710782,0.6628807785268966,0.6891231914345872,0.3430304615871088,0.5861646065825397,0.02834852221907728,0.23427063896685899,0.49461829049400113,1.306032912864972,1.2214622272074558,0.7337578954792309,0.7023569695454718,0.27136015715979356
0.7796111799607853,-0.8242239468637216,-0.006036759071330742,-0.6248016976750702,-0.898869084110197,-1.175949043604513,-0.9869473792017862,-1.2210442292873602,-0.8643598885936125,0.1484914175337231,-0.29540274710062364,0.3588865625428224,-0.302802991396915,-0.42189880810854613,-0.2065878260320478,-0.04765013349342465,0.6253689413975559,0.6307292638538271,0.27136015715979356
0.7833683422738493,1.0638859955955617,0.8020934370804705,0.3701029456331927,0.5637493994396829,1.0758974717237402,1.2239332094710782,0.6628807785268966,0.6891231914345872,0.3430304615871088,0.17253142065418411,0.5708212542948526,-0.017725395003021463,-0.1357000855269038,0.4705476965556694,0.8422234132952572,0.7337578954792309,0.7023569695454718,0.27136015715979356
0.7871255045869133,1.6985702706979364,0.06604667079459993,1.6512742584036677,1.7346092401179118,1.0758974717237402,1.2239332094710782,0.6628807785268966,0.6891231914345872,0.3430304615871088,2.2917810907468823,0.34263334233330417,4.198040561967655,2.3904779541272787,1.306032912864972,1.394151094190043,0.7337578954792309,0.7023569695454718,0.27136015715979356
0.7908826668999773,-0.8125286833449149,-0.3500264961936036,-0.6186390946836263,-0.813916862237408,-0.9546885908141421,-0.9631279267879566,-0.6389812855723818,-0.798622817468629,0.3430304615871088,-0.7930732805334493,-0.24455553775843936,-0.6059967507836859,-0.7990927682875058,-1.0990146930661862,-0.9940735264313417,-1.2111519801408122,-0.8750356332652377,0.2658985776073545
0.7946398292130414,-0.42165156318396957,-0.5446547042176914,-0.41267361933394586,-0.2163317969294596,0.3171849009586598,-0.16703821505494568,0.6100311124048955,0.1606975602485618,0.3430304615871088,-0.374367305296035,-0.5098457083635782,-0.3509102423776758,-0.2920306319484428,0.10067544383317904,-0.19781756368795134,0.4328028969357105,0.21522044214026997,0.27136015715979356
0.7983969915261054,0.2030132044288242,1.0778587314013335,-0.08351806338175435,-0.1229022155645224,0.84507850458414,1.1052009852693851,0.6628807785268966,0.6891231914345872,0.3430304615871088,0.05857740070371297,0.8599861165468272,-0.08714913095881151,-0.22189845290348936,0.2666055684663284,0.6255162888920418,0.7337578954792309,0.7023569695454718,0.27136015715979356
0.8021541538391694,1.8796193023024044,1.6463545483212094,2.0500973611424183,1.7346092401179118,1.0758974717237402,1.2239332094710782,0.6628807785268966,0.6891231914345872,0.3430304615871088,0.42446869572646023,0.4328976050339219,0.13576130840280418,0.10623969375581944,0.88325120328291,0.9429614867917755,0.7337578954792309,0.7023569695454718,0.27136015715979356
0.8059113161522334,-0.6824838092119307,-0.3600014888888056,-0.5501143513920226,-0.6748048966512091,-0.5923675612329323,-0.6982687651203262,0.6628807785268966,0.6891231914345872,0.3430304615871088,-0.21096818670433523,-0.23123671258854572,-0.25136327361387556,-0.18954697194447748,0.34314796798530967,0.11291963659174972,0.7337578954792309,0.7023569695454718,0.27136015715979356
0.8096684784652975,-0.9491413930341818,-0.4463841959857946,-0.6906246375528836,-0.977107053542291,-1.37972203694501,-1.2413636358282094,-1.7571034611002718,-1.566499436834985,-1.346009879469481,-0.9617294520312878,-0.4645477218400788,-0.7087464521322617,-0.9116908884928968,-1.365417653498419,-1.3148080994989448,-1.9606941773023772,-1.883045226719128,-1.4150812574265057
0.8134256407783615,-1.0724790479908466,-0.5718656815110288,-0.7556151356439582,-1.0588494540592905,-1.5926224196759777,-1.492562370969954,-2.3171738303308835,-2.259759249513601,-3.7108707288206637,-1.0149342528182803,-0.5367226248878886,-0.7411601927183511,-0.9457884175043275,-1.4460911377048984,-1.4159880261746882,-2.1876743148605144,-2.2010350704040293,-2.7917934472942076
0.8171828030914255,-1.1495462439824116,-0.6066012855463686,-0.7962242704271197,-1.130967312373359,-1.7804554113631996,-1.649523212821566,-2.81130019900391,-2.6929407452664647,-5.797287308066201,0.07861526898814651,0.4998826139721855,-0.0749415433941035,-0.5054922812572136,-0.40436687135709387,0.709460516690391,0.7337578954792309,0.7023569695454718,0.27136015715979356
0.8209399654044895,1.0196974667465029,-0.12116158409814316,0.34681861692740407,1.7346092401179118,1.0758974717237402,1.2239332094710782,0.6628807785268966,0.6891231914345872,0.3430304615871088,2.3649908809030924,0.1589473217150352,1.3179776080876349,2.3904779541272787,1.306032912864972,1.394151094190043,0.7337578954792309,0.7023569695454718,0.27136015715979356
0.8246971277175535,0.05334601308449853,0.33649788495231503,-0.1623824241220084,-0.19849388646771263,0.6481978702404468,0.800377538033247,0.6628807785268966,0.6891231914345872,0.3430304615871088,0.03610254755792866,0.47043506293593973,-0.10084139272470606,-0.24012381867668514,0.2234850315685257,0.5827757098521423,0.7337578954792309,0.7023569695454718,0.27136015715979356
0.8284542900306177,-0.6091047377679089,-0.3617414527059562,-0.5114486056853851,-0.525422162968813,-0.20329602708136252,-0.5488194348319406,0.4025223500578172,0.3447883042574173,0.3430304615871088,-0.7111592976702418,-0.41962539621123907,-0.5560926340192738,-0.662570320677985,-0.7760076646869644,-0.8382971555546089,-0.3023505262936931,-0.38545923750798017,-0.26297273879125654
0.8322114523436817,0.5279242564314347,-0.04139927295591345,0.08768781135588631,1.4953105054742044,1.0758974717237402,1.2239332094710782,0.6628807785268966,0.6891231914345872,0.3430304615871088,0.8993052607293148,0.06316080763368452,0.4250440237053535,1.8175889215489376,1.306032912864972,1.3709666351523744,0.7337578954792309,0.7023569695454718,0.27136015715979356
0.8359686146567457,1.6961004327948843,0.8009996802384173,0.9671245839984861,1.5181749838683647,1.0758974717237402,1.2239332094710782,0.6628807785268966,0.6891231914345872,0.3430304615871088,0.5932914933784244,0.1336583036436633,0.23861252271364897,0.5254814095380915,1.195109889505288,1.1294000322597644,0.7337578954792309,0.7023569695454718,0.27136015715979356
0.8397257769698097,-0.9721870738657612,-0.2585922784849072,-0.7027681332000052,-0.9997325678404608,-1.4386508257143527,-1.2883002009624134,-1.9121255801824417,-1.6960352576835849,-2.0005807340292407,-0.7630433848167653,0.022295657356288957,-0.5877017617001852,-0.7914255169995652,-1.0808742619669909,-0.9369654722379176,-1.1601126877790107,-0.695555554333034,0.21642997444994364
0.8434829392828738,-0.733986474248278,-0.3477048347999027,-0.577252729001895,-0.7752486569858487,-0.8539761619460345,-0.8031629624204562,-0.3740402530635319,-0.3571505259382749,0.3430304615871088,-0.4234892189405927,-0.33849280092742806,-0.3808365825277221,-0.36509748866327474,-0.07219801891027383,-0.2912330364876099,0.4640545641425172,0.23570957029655246,0.27136015715979356
0.8472401015959378,-0.9013662406971075,-0.5305986442622396,-0.6654504038782263,-0.9507634145380355,-1.3111092877345658,-1.1440611709605757,-1.576606050568234,-1.297963496440068,0.3430304615871088,-1.013143722620911,-0.6924963092360409,-0.7400693554166297,-0.9491722456856708,-1.454097149203666,-1.412582962883392,-2.2101997531647646,-2.1903335846517504,-0.7702335768801715
0.8509972639090018,-1.115724435873504,-0.5777227920026561,-0.7784024936460472,-1.0315241902597614,-1.5214530010590814,-1.5806391772028454,-2.1299506696611235,-2.5028341605233746,-2.920333062334345,-1.1498450671048286,-0.6999501957803115,-0.8233513497541539,-0.9918181124072755,-1.5549956821819233,-1.6725488269927846,-2.4940843915944573,-3.0073583365719716,-4.587724237122019
0.8547544262220658,-0.6230610235772862,-0.1557581154083004,-0.5188026125908315,-0.6787558368952065,-0.6026578962949518,-0.5772438551261682,0.2870948375927561,0.2663424144819213,0.3430304615871088,-0.5859259533284348,-0.2105991050180696,-0.4797972419460038,-0.5663840009285286,-0.5484344131300555,-0.6001400642689633,0.2937893231801139,0.18543885974603727,0.27136015715979356
0.8585115885351299,1.8796193023024044,-0.13270834107312166,1.5978277470643003,1.7346092401179118,1.0758974717237402,1.2239332094710782,0.6628807785268966,0.6891231914345872,0.3430304615871088,-0.014729497943330987,-0.4858698333101302,-0.13180958942813362,-0.06778216124125253,0.3912336628547515,0.28454722469080185,0.7263688461485729,0.46723132335631246,0.27136015715979356
0.8622687508481939,0.7178233368675686,0.2644678339793254,0.18775162259761172,0.7239032383249597,0.9570128415455349,0.7323696551349577,0.6628807785268966,0.6891231914345872,0.3430304615871088,0.4588024393380965,0.15055304477078543,0.15667831292711948,0.342021332552453,0.7437736398395128,0.717453471788344,0.7337578954792309,0.7023569695454718,0.27136015715979356
0.8660259131612579,-0.004081297528928209,-0.03191693302581527,-0.19264268423566946,0.09465699771943113,0.8563801202300435,0.6834167623986384,0.6628807785268966,0.6857597078505272,0.3430304615871088,-0.5704621488829993,-0.02475426223463891,-0.4703762923633701,-0.635102063121448,-0.7110187899381862,-0.5707324435886184,-0.11950006588130534,0.15737132424414857,0.27136015715979356
0.8697830754743219,-0.4506882417214492,0.14329925921863135,-0.42797396051299397,-0.5352194266086011,-0.22881327596853843,-0.22617649625458636,0.6628807785268966,0.6891231914345872,0.3430304615871088,0.007580530412790254,0.4756270241252792,-0.11821774318668918,0.11218221147640212,1.0506823488218147,0.5285351984565065,0.7337578954792309,0.7023569695454718,0.27136015715979356
0.8735402377873859,-0.7980529772404283,-0.5949490336096792,-0.6110113888521733,-0.7618321395815862,-0.8190324647678463,-0.9336456160937159,-0.29232839493678814,-0.7172573552672108,0.30266929038808404,-0.7255016815993616,-0.7195319888888462,-0.5648303852219492,-0.5809696562965676,-0.5829435307139206,-0.8655721633140343,-0.23940262256791633,-0.6617087119515582,-0.14690531302340015
0.87729740010045,1.0875197221130088,-0.2689779432640511,1.1002091357420942,1.4349411610749843,1.0758974717237402,0.9467736046138899,0.6628807785268966,0.6891231914345872,0.3430304615871088,-0.10216560015258748,-0.37424042476568176,-0.18507792410748442,-0.20076387785977098,1.0737480319310673,0.3519356667947932,0.7337578954792309,0.7023569695454718,0.27136015715979356
0.881054562413514,-0.41204269393533893,-0.5280743806970992,-0.40761040324815084,0.14822005639227148,0.9203658518245439,-0.14746806997437886,0.6628807785268966,0.6891231914345872,0.3430304615871088,0.11727334022562573,-0.5317352549973517,-0.051390046647283,0.7941762884370712,1.044177963907222,0.7371387509470663,0.7337578954792309,0.5576485723309123,0.27136015715979356
0.884811724726578,1.8796193023024044,-0.016240167326538175,3.358152624464763,1.7346092401179118,1.0758974717237402,1.2239332094710782,0.6628807785268966,0.6891231914345872,0.3430304615871088,1.4446548324070696,0.12446436776291406,0.7572850862340401,1.5285528978295522,1.306032912864972,1.394151094190043,0.7337578954792309,0.7023569695454718,0.27136015715979356
0.888568887039642,0.3916674381792989,0.39207669922236327,0.01588979890281284,0.14025987251763805,1.0758974717237402,1.2239332094710782,0.6628807785268966,0.6891231914345872,0.3430304615871088,1.688418263409732,0.7397159498991926,0.9057920724462177,1.3799823246804483,1.306032912864972,1.394151094190043,0.7337578954792309,0.7023569695454718,0.27136015715979356
0.8923260493527061,-0.49326389362373385,-0.7015411860763353,-0.45040841351645255,-0.1679326800147423,0.3111834619263086,-0.31288926786879284,0.4124040637579553,-0.35138872497034906,0.3430304615871088,-0.4237688789454864,-0.7163974878132113,-0.3810069586350841,-0.22073984274358258,0.2206750467522865,-0.291764867795517,0.44721529116591835,-0.0990931102853442,0.27136015715979356
0.8960832116657701,-1.0784354588157963,-0.5512864055355068,-0.7587537562581134,-1.0254974777095762,-1.5057562586043844,-1.5046936447949486,-2.0886577408765423,-2.2932392135537185,-2.745976345745597,-0.981648325834536,-0.5996188907752843,-0.7208815451816748,-0.8692217641529723,-1.26493728641518,-1.3526879554718134,-1.6779860760373764,-2.002094625897099,0.27136015715979356
0.8998403739788341,-0.8104405330754286,-0.44204368895864804,-0.6175387824865874,-0.8446439287181654,-1.0347181002557306,-0.9588750430545535,-0.8495124096940991,-0.7868856828102951,0.3430304615871088,-0.7237406389780775,-0.2977464397627105,-0.5637575125141654,-0.7556765197077846,-0.9962934652925691,-0.8622231767440452,-0.9221390703906697,-0.5523411852554048,0.12668545071445994
0.9035975362918981,-0.38072786019107174,-0.5640081619284955,-0.3911096302814995,0.02870564643985544,1.0758974717237402,1.0641956210438357,0.6628807785268966,0.6891231914345872,0.3430304615871088,0.2263544638024205,-0.4845467435738179,0.015064994818109313,1.1438543763404538,1.306032912864972,1.1484903416222556,0.7337578954792309,0.7023569695454718,0.27136015715979356
0.9073546986049622,-0.03143496521769829,-0.3099912488887123,-0.20705619394878422,0.5029198857492911,0.6451739500566371,0.46775991977604137,0.6628807785268966,0.5129097303427446,0.3430304615871088,-0.34852480608456365,-0.5453716955231941,-0.33516632353677583,-0.1735289638512856,0.38104597879107943,-0.1486727095270825,0.43961233063130145,0.06903801713045937,0.27136015715979356
0.9111118609180262,-0.6317014108934778,-0.2470224385076881,-0.5233555050191523,-0.1799464387482498,0.8090283357318143,-0.5948415171355869,0.6628807785268966,0.2455268681126223,0.3430304615871088,-0.18599358140228825,-0.1264240402553207,-0.2361480981874786,0.2702993916976084,1.306032912864972,0.16041401108125122,0.7337578954792309,0.7023569695454718,0.27136015715979356
0.9148690232310902,1.7770932711172713,0.3579964808426376,0.4065262546185518,1.7062681378135047,1.0758974717237402,1.2239332094710782,0.6628807785268966,0.6891231914345872,0.3430304615871088,-0.316005697668908,0.083706943554904,-0.3153548417027204,-0.4528120367710161,-0.2797273741628464,-0.08683090284070555,0.7127355883294266,0.7023569695454718,0.27136015715979356
0.9186261855441542,-0.9200193310273961,-0.3213090482904132,-0.6752793051325044,-0.9360621472678624,-1.2728194233722006,-1.1820514562396292,-1.4758781035531332,-1.4028093191760125,-0.31722125253681893,-0.7974301234632614,-0.18975647298118845,-0.6086510521702589,-0.7710129898166851,-1.0325789826008454,-1.002358963866606,-1.024230752571165,-0.9010752346116884,0.000503767853813517
0.9223833478572182,-0.1910312626028733,-0.07662462285058289,-0.29115251363475825,0.029475623391293646,1.0758974717237402,0.30266041691868334,0.6628807785268966,0.6891231914345872,0.3430304615871088,0.4490949863003355,0.16618202607324525,0.15076428148891471,0.8604336269405597,1.306032912864972,1.1610011435917065,0.7337578954792309,0.7023569695454718,0.27136015715979356
0.9261405101702823,-0.8074134529930326,-0.4472153462498492,-0.6159437185753621,-0.8227902176966067,-0.9777994948422032,-0.9527098643170642,-0.6997784170111052,-0.7698709846500061,0.3430304615871088,-0.7549460194426715,-0.5192773970100207,-0.5827686373056871,-0.6865142869601526,-0.8326581974882579,-0.9215666581704055,-0.47626152992620285,-0.7078004772494046,0.27136015715979356
0.9298976724833463,-1.1303344675488234,-0.86254315203331,-0.7861009798548125,-1.0546345898721647,-1.581644687276115,-1.6103950654472814,-2.2882950535074706,-2.5849546437287585,-3.5889319646245625,-1.2223627694431431,-1.0304417921779063,-0.8675310094225359,-1.0391282781538447,-1.6669297730036463,-1.8104562281436567,-2.8090182956159127,-3.440775856980894,-6.460973526083702
0.9336548347964103,1.8796193023024044,0.45376565768202776,0.815600375339457,1.7346092401179118,1.0758974717237402,1.2239332094710782,0.6628807785268966,0.6891231914345872,0.3430304615871088,2.2969966541540354,0.9716394698202298,1.548856786218376,2.2592357741930305,1.306032912864972,1.394151094190043,0.7337578954792309,0.7023569695454718,0.27136015715979356
0.9374119971094743,-0.9346700927180691,-0.4571484877988525,-0.6829992532702,-0.8694928226097114,-1.0994377437515326,-1.2118902982936093,-1.0197683489470142,-1.4851587388146719,0.22167843447288682,-0.6904168820470595,-0.4738813148253679,-0.5434558179952765,-0.5244767806036402,-0.44928349002697526,-0.7988511645765867,0.6169093623468515,-0.26148776493223413,0.27136015715979356
0.9411691594225384,-0.6332776768112807,-0.15411728859430282,-0.5241860892163132,-0.7213873643493345,-0.7136929093846706,-0.5980518587375724,-0.005001493944923737,0.6891231914345872,0.3430304615871088,-0.6140426915379686,-0.23930916768725008,-0.4969266859993625,-0.6334370568562396,-0.7070794471020754,-0.6536098539932285,-0.10841646651004005,0.7023569695454718,0.27136015715979356
0.9449263217356024,-0.728084447487285,-0.5723223319787948,-0.5741427650652646,-0.7073105514197985,-0.6770294539273332,-0.7911424512663023,0.6628807785268966,0.6891231914345872,0.3430304615871088,-0.5681526795608298,-0.44234372651810067,-0.46896930392636854,-0.5594993528313404,-0.5321455920442393,-0.56634051028147,0.7337578954792309,0.7023569695454718,0.27136015715979356
0.9486834840486664,-0.767621873205724,-0.2896428317973713,-0.5949762809253069,-0.7616111212912164,-0.8184568164101685,-0.8716673431553306,-0.2806006231581255,-0.5462093368002227,-0.029975684744313644,-0.5516748626868385,-0.1769438062921816,-0.4589305917485516,-0.5365615893544406,-0.47787569761976917,-0.535004535361429,0.5099005624959058,0.4277270794157274,-0.25105414252555447
0.9524406463617304,-0.8383435477767636,-0.529876990690111,-0.6322417604564499,-0.8253252475450739,-0.9844020514292275,-1.01570441930692,-0.7171475558455505,-0.9437237445669645,0.3430304615871088,-0.8135218357499748,-0.5990374660360474,-0.6184545394483288,-0.6973355801787912,-0.8582609743720191,-1.032960681102147,-0.5337756064246281,-0.9972507864225213,0.27136015715979356
0.9561978086747945,-0.5377260955946117,-0.03777106495045548,-0.47383694921650504,-0.6870769271135966,-0.6243304099601916,-0.40344432909989775,0.639204311309098,0.679543894747021,0.3430304615871088,-0.5815606864363543,-0.2670616896447484,-0.47713780846376314,-0.5681615734092622,-0.5526400834413066,-0.5918386069281338,0.25939469133304593,0.23118056315710622,0.27136015715979356
0.9599549709878585,0.4542882892068379,0.3079687877291691,0.04888669916491661,-0.08588445130741533,1.0758974717237402,1.2239332094710782,0.6628807785268966,0.6891231914345872,0.3430304615871088,2.446577313958991,1.5406699874422844,1.9981714933416197,2.162976182263399,1.306032912864972,1.394151094190043,0.7337578954792309,0.7023569695454718,0.27136015715979356
0.9637121333009225,0.10281514531716844,-0.09409778347800565,-0.13631557904485792,0.6606788829796229,0.8117593251257752,0.6610993237235261,0.6628807785268966,0.6891231914345872,0.3430304615871088,0.7278181960160859,-0.16395177763836302,0.32056966899930817,1.1870367311469858,1.2144260876192137,1.0094562468128772,0.7337578954792309,0.7023569695454718,0.27136015715979356
0.9674692956139865,-0.5646194704918667,0.44801865401877994,-0.48800791614900435,-0.7940048962071989,-0.9028273148796784,-0.45821739706731757,-0.5025514511643837,0.6891231914345872,0.3430304615871088,-0.41589460972885545,0.45314802467063753,-0.3762097501892757,-0.6159850521215623,-0.6657886536295538,-0.27679031718769725,0.007757888353453932,0.6688439072876311,0.27136015715979356
0.9712264579270506,-0.7961008523013559,-0.5710709576861152,-0.6099827526893506,-0.7593020165141682,-0.812442688030156,-0.9296697717685976,0.01703652672724633,-0.7062847956700584,0.3430304615871088,-0.6769998985917267,-0.448885305351805,-0.5352818446933146,-0.6496381893740031,-0.7454107234787515,-0.7733359971078546,-0.3849877747475245,-0.5152256672717943,0.27136015715979356
0.9749836202401146,-0.944426738345776,-0.38991022983197354,-0.6881403373881492,-0.9850359697059177,-1.4003731222471456,-1.2317614158510795,-1.8114296244533745,-1.5399991711434093,-1.5753985846525353,-1.02727204495284,-0.4830966522484656,-0.7486766947583811,-0.9648216240646569,-1.4911229958295353,-1.4394508882670303,-2.314374400423539,-2.274774517488761,-3.5187964116907606
0.9787407825531786,-0.9808986008754395,-0.3836534942352722,-0.7073585113752003,-0.9795234529094079,-1.3860156171045879,-1.3060427514167188,-1.7736597853235658,-1.7450012574425082,-1.415917885884146,-0.85454135738533,-0.2695822244102305,-0.6434446928477738,-0.8423319479984259,-1.2013169824884138,-1.1109677806485807,-1.4989861793696173,-1.2424127094053177,0.27136015715979356
0.9824979448662426,1.8796193023024044,1.3832650587052198,1.1237636746951518,1.7346092401179118,1.0758974717237402,1.2239332094710782,0.6628807785268966,0.6891231914345872,0.3430304615871088,2.446577313958991,2.302192274946187,3.8425337860745143,2.3904779541272787,1.306032912864972,1.394151094190043,0.7337578954792309,0.7023569695454718,0.27136015715979356
0.9862551071793066,1.166544135175239,-0.21598522104860096,0.4241967552384613,1.7346092401179118,1.0758974717237402,1.2239332094710782,0.6628807785268966,0.6891231914345872,0.3430304615871088,0.7585435913012544,0.01255003398777961,0.33928837440647236,1.0031522909540056,1.2459505690728427,1.2434306608104937,0.7337578954792309,0.7023569695454718,0.27136015715979356
0.9900122694923708,-0.7168485885983723,-0.6222927559061174,-0.5682222368540868,-0.3892444214132587,0.13702493897733511,-0.7682586568393849,0.41279559891119,-0.4607627212358556,0.3430304615871088,-0.40136681279084985,-0.7336480241165252,-0.3673590405865646,0.23071835220350773,0.4699931317910046,-0.24916270826510425,0.4886193975252033,-0.34352504986031784,0.27136015715979356
0.9937694318054348,-0.9997165122733802,-0.44889800699352705,-0.7172742620453065,-0.974735868532188,-1.3735462188507996,-1.3443687236660935,-1.740856929854273,-1.8507735111416999,-1.277409953831202,-0.6594606244097176,-0.2901402876076457,-0.5245964652727632,-0.6459664339763305,-0.7367234869055495,-0.739981441702488,-0.1918219162504968,-0.07647108633253788,0.27136015715979356
0.9975265941184988,-0.6542123002465062,-0.2679733776229475,-0.5352172021791998,-0.7566894894377193,-0.805638287731746,-0.6406888857626561,-0.24687932121480743,0.1619808913165766,0.3430304615871088,-0.1659736959775687,0.25967456508193365,-0.2239514662459752,-0.4259931074984779,-0.21627478595983773,0.19848596153248058,0.7291964435822202,0.7023569695454718,0.27136015715979356
1.0012837564315629,1.3607374440779172,0.6680354907706306,0.5265233308164831,0.847475785717971,1.0758974717237402,1.2239332094710782,0.6628807785268966,0.6891231914345872,0.3430304615871088,-0.3164979133148045,0.2943784850497492,-0.3156547122035493,-0.5010324819793663,-0.3938151523018855,-0.08776695263741174,0.7337578954792309,0.7023569695454718,0.27136015715979356
1.0050409187446268,0.2450341228778032,-0.35225589526112605,-0.061375916920452495,0.6145722556687853,1.0758974717237402,0.9868140464505046,0.6628807785268966,0.6891231914345872,0.3430304615871088,1.2872633246087846,-0.3579497875227142,0.6613981093303644,1.9508828080931209,1.306032912864972,1.394151094190043,0.7337578954792309,0.7023569695454718,0.27136015715979356
1.0087980810576909,-0.6740935303844038,0.04478648447561179,-0.5456932490099848,-0.8009207402751453,-0.9208398253963838,-0.6811804928509901,-0.5499363984644094,-0.02050255692646437,0.3430304615871088,-0.5656853133434441,0.21424561422801694,-0.4674661206173759,-0.688013618088618,-0.8362055591188252,-0.5616483033891414,-0.4717212494408731,0.33608872401435447,0.27136015715979356
1.012555243370755,-0.8497013808132097,-0.5969193592364701,-0.6382265606906787,-0.7374501967065406,-0.7555290083365376,-1.0388366354473098,-0.23980240327366142,-1.0075641768019388,0.3430304615871088,-0.799815952036978,-0.7723178893613593,-0.610104560638057,-0.5927645541646236,-0.6108498199513801,-1.006896110074821,-0.4958237647050596,-1.0969191678466825,0.27136015715979356
1.0163124056838189,-0.44857780017452253,-0.3147549814084833,-0.4268619023392389,-0.6259258003091603,-0.4650605791410316,-0.22187821243068498,0.6628807785268966,0.6582433516774918,0.3430304615871088,-0.8582529737617305,-0.49197037168914415,-0.6457059055315975,-0.8355686721746144,-1.185315323682772,-1.118026186417575,-1.4539644630945783,-1.264595976589728,0.15257551702605768
1.020069567996883,-0.4945692341040934,-0.1972431536360979,-0.45109623856085534,-0.6129150323590434,-0.4311736678357136,-0.31554782236872764,0.6628807785268966,0.6891231914345872,0.3430304615871088,-0.10183420129722653,0.05215088823168807,-0.18487602735438008,-0.2899192527263568,0.10567088846700194,0.32046046896006664,0.7337578954792309,0.7023569695454718,0.27136015715979356
1.0238267303099469,1.6560475326254513,0.9470933616155297,0.6821315248653069,1.3959978404158737,1.0758974717237402,1.2239332094710782,0.6628807785268966,0.6891231914345872,0.3430304615871088,2.2556281207310165,0.5025433172708932,1.2513509863249042,2.1405739682058567,1.306032912864972,1.394151094190043,0.7337578954792309,0.7023569695454718,0.27136015715979356
1.027583892623011,1.8630509622430418,0.27032166105222555,2.863706237460587,1.7346092401179118,1.0758974717237402,1.2239332094710782,0.6628807785268966,0.6891231914345872,0.3430304615871088,1.0807017819290965,0.20821211406042123,0.5355554755746806,0.4433932588970329,1.306032912864972,1.3915653144858255,0.7337578954792309,0.7023569695454718,0.27136015715979356
1.031341054936075,-0.5663620990874073,-0.24203184894322016,-0.4889261620849408,-0.6695156404664383,-0.5785915446371628,-0.46176656539855787,0.6628807785268966,0.6891231914345872,0.3430304615871088,-0.972253670471735,-0.39813741233966277,-0.715158078176418,-0.9458303173892453,-1.4461902712727024,-1.3348220763276015,-2.187953233653693,-1.945945463676731,0.27136015715979356
1.035098217249139,-0.9046395412011253,-0.2741091464282694,-0.667175209090654,-0.9770383354317504,-1.3795430586920818,-1.150727820708676,-1.7566326286155434,-1.3163621573766124,0.3293977409565492,-0.47141132955508575,0.07485560455084589,-0.4100319716433589,-0.6141884252508795,-0.6615379013410688,-0.38236683581398,0.01477159459623343,0.7023569695454718,0.27136015715979356
1.038855379562203,1.4858142777258272,-0.07377030163173502,0.6963645591294907,1.7346092401179118,1.0758974717237402,1.2239332094710782,0.6628807785268966,0.6891231914345872,0.3430304615871088,1.9386785267041413,0.426976776624229,1.3921493672021754,1.9322012365840384,1.306032912864972,1.394151094190043,0.7337578954792309,0.7023569695454718,0.27136015715979356
1.042612541875267,0.3738748423816512,0.30447138931674295,0.006514319341206336,0.6468286801474593,1.0758974717237402,1.1147936272189019,0.6628807785268966,0.6891231914345872,0.3430304615871088,0.363380512532405,0.2019735943096026,0.09854480737961853,0.21580830631848505,1.0645798174089518,1.0666426214027218,0.7337578954792309,0.7023569695454718,0.27136015715979356
1.046369704188331,-1.0469738997275788,-0.4834378811096949,-0.7421756690828429,-1.043635289181101,-1.5529966990583783,-1.4406166696706506,-2.212931688101515,-2.116399183899043,-3.2707150366897313,-0.8311765449617886,-0.1500771989756832,-0.6292102448743433,-0.8360470988566129,-1.1864472634007823,-1.0665347600783022,-1.4571492497122518,-1.1027679228374085,0.27136015715979356
1.0501268665013952,-0.5458622718215869,-0.19128275206255815,-0.47812415692881377,-0.5174212587742689,-0.18245744692665009,-0.42001507692078816,0.6628807785268966,0.5592349512458855,0.3430304615871088,-0.3993991292434772,-0.10590811317370048,-0.3661602768825987,-0.4244741121196166,-0.2126808994449086,-0.2454207512593541,0.6864609925110564,0.6570564970908827,0.27136015715979356
1.053884028814459,-0.3911201344809661,-0.06297645405730042,-0.3965856471770429,-0.49213933493879713,-0.11660996475456054,-0.1048556133591416,0.25820888811395254,0.24363535790007887,0.3430304615871088,0.5368859997094559,0.2673704709853584,0.20424883724969897,0.4183850625607531,0.9529799812844209,0.991645208150375,0.7337578954792309,0.7023569695454718,0.27136015715979356
1.0576411911275232,-0.8631867375574763,-0.24862770104471274,-0.6453324202276843,-0.9106654761867233,-1.206673078769285,-1.06630192622396,-1.301868986379193,-1.0833630550416726,0.3430304615871088,-0.6512063687910432,-0.14005141622927156,-0.5195677592838787,-0.7081935956022525,-0.8839506346252494,-0.7242842684040909,-0.6060551500126476,-0.027137766498759184,0.27136015715979356
1.0613983534405873,1.8796193023024044,2.666382128772631,2.21458226740591,1.7346092401179118,1.0758974717237402,1.2239332094710782,0.6628807785268966,0.6891231914345872,0.3430304615871088,2.2764859299077025,1.2929686106006877,1.6703808341616146,2.1537341281294364,1.306032912864972,1.394151094190043,0.7337578954792309,0.7023569695454718,0.27136015715979356
1.0651555157536512,-0.7652748008930284,-0.5093418957034529,-0.5937395345422867,-0.6579683587985045,-0.5485163245426179,-0.8668871193344537,-0.0770422230366564,-0.5330168457283418,0.15932268786988824,-0.6953840582057934,-0.5617567664214517,-0.5464819501689356,-0.5337616120436696,-0.4712510555442868,-0.8082972768087945,-0.10286811102230384,-0.4844366258708192,0.14018976596723598
1.0689126780667153,-1.1171803487158076,-0.5509085746333942,-0.77916966001411,-1.079882308895678,-1.6474030820527892,-1.5836043986884636,-2.4612836032233405,-2.5110175969985233,-4.319364908561756,-1.0028356742752185,-0.4736228045030468,-0.7337894257846455,-0.8984306348000208,-1.3340443869339238,-1.3929800781745036,-1.8724234346847557,-2.128725334387545,-1.1692399343500235
1.0726698403797792,-0.4359008739707817,-0.17271946757594883,-0.4201820303363669,-0.5023343872733516,-0.14316326549274214,-0.19605943203484086,0.6456914910537117,0.5680958390461335,0.3430304615871088,-0.5390618275955792,-0.24573273126048492,-0.4512464045811545,-0.5762683822651042,-0.5718204913816435,-0.5110182418913819,0.27214347431037506,0.2878283281378555,0.27136015715979356
1.0764270026928433,-0.20914060115705477,-0.17234447388434604,-0.3006948949387449,-0.21744136335961345,0.32310560412317874,0.2657775773619953,0.6628807785268966,0.6891231914345872,0.3430304615871088,-0.406043135024775,-0.24681003921799413,-0.37020797702736175,-0.4278762434873985,-0.2207302156013752,-0.25805570163679215,-0.27210497973872144,-0.5354217772581317,0.27136015715979356
1.0801841650059074,1.8796193023024044,0.40637733850632324,0.9281638069130744,1.7346092401179118,1.0758974717237402,1.2239332094710782,0.6628807785268966,0.6891231914345872,0.3430304615871088,0.8345915457543491,0.5294278529403684,0.38561875496017745,0.48086728306277887,1.306032912864972,1.393134481627475,0.7337578954792309,0.7023569695454718,0.27136015715979356
1.0839413273189713,-0.901249925472868,-0.19942773172223466,-0.6653891137202327,-0.9592312042254573,-1.3331638842956564,-1.143824274635471,-1.6346243870350594,-1.2973097085064826,-0.8288499241597616,-0.869242716191997,-0.1073041720963833,-0.652401140829417,-0.8811901416125919,-1.2932540219077169,-1.1389254533414597,-1.7576570680679549,-1.3302785169967115,-1.9447391015111366
1.0876984896320354,-0.09302900357680131,0.3468018130639488,-0.23951203424999512,-0.2882126761963057,0.4145227573178197,0.5022591811162972,0.6628807785268966,0.6891231914345872,0.3430304615871088,-0.49750783988878633,-0.05147598113958137,-0.4259306406289888,-0.5451097033278269,-0.4981002170386427,-0.4319947446304742,0.47956029999712313,0.48817319384692454,-0.8831013770207551
1.0914556519450993,1.8796193023024044,2.570796793540068,2.9558836902422017,1.7346092401179118,1.0758974717237402,1.2239332094710782,0.6628807785268966,0.6891231914345872,0.3430304615871088,1.4213880602039595,1.266928008061806,0.7431103668983499,0.970095686540381,1.306032912864972,1.394151094190043,0.7337578954792309,0.7023569695454718,0.27136015715979356
1.0952128142581634,-0.9129248478897336,-0.5516562813159822,-0.6715409983438964,-0.8960106137793536,-1.168504077178119,-1.1676022988327386,-1.2014589892711025,-1.3629324457848606,0.3430304615871088,-0.8648806725415291,-0.5164568158909781,-0.6497436710293216,-0.810057769922247,-1.1249574787122636,-1.1306301256608262,-1.2841437086189902,-1.3042078324336235,0.27136015715979356
1.0989699765712275,0.31581737995810244,0.04771716947275141,-0.024077987624055504,0.03601430264801742,1.0758974717237402,1.2239332094710782,0.6628807785268966,0.6891231914345872,0.3430304615871088,-0.6835809624287245,-0.35258863858012635,-0.5392911989778467,-0.6644575919075437,-0.7804728781539025,-0.7858512503674593,-0.30471442521388437,-0.2858583313608652,0.27136015715979356
1.1027271388842914,-0.952261961759112,-0.2962446886074646,-0.6922689635766917,-0.9852520997692406,-1.4009360390799042,-1.2477192205594152,-1.8129104721358686,-1.5840396186266401,-1.5816513680536521,-1.068964688465001,-0.44871092027219867,-0.774076931413,-0.9959718999637608,-1.5648233888970615,-1.518738068203426,-2.5217352888381335,-2.523959496985642,-4.7521937430706105
1.1064843011973555,1.862379401670832,-0.08693593300296007,0.7475806678987592,1.7346092401179118,1.0758974717237402,1.2239332094710782,0.6628807785268966,0.6891231914345872,0.3430304615871088,1.0123153877136688,-0.009807202892652628,0.4938927156558606,1.3191176743326543,1.306032912864972,1.389694838890944,0.7337578954792309,0.7023569695454718,0.27136015715979356
1.1102414635104196,-0.6357531390661573,-0.1904888299180201,-0.5254904883068157,-0.6146151212762443,-0.4356015972684145,-0.6030935711613654,0.6628807785268966,0.19500220934018228,0.3430304615871088,-0.21714717165513972,0.15072313807623203,-0.2551276710426459,-0.20705850802582138,0.30171632556288985,0.10116901944808461,0.7337578954792309,0.7023569695454718,0.27136015715979356
1.1139986258234835,-0.9644208087683909,-0.4991109899323104,-0.698675843321761,-0.9672897441269466,-1.3541525782712276,-1.2724828419415957,-1.6898386869521278,-1.6523824130717086,0.3430304615871088,-0.8939059803054094,-0.3886132561748295,-0.6674266391520014,-0.8610325987732285,-1.2455620260053863,-1.185827748203352,-1.6234725104427161,-1.4776837771269422,0.27136015715979356
1.1177557881365476,1.7899317482237342,0.10226879822511732,1.137405521545071,1.7346092401179118,1.0758974717237402,1.2239332094710782,0.6628807785268966,0.6891231914345872,0.3430304615871088,2.3071364719710594,0.1370128490267261,1.6937753477831414,2.295253791913207,1.306032912864972,1.394151094190043,0.7337578954792309,0.7023569695454718,0.27136015715979356
1.1215129504496115,-0.3668822176016863,-0.23679923340290837,-0.38381392477622284,-0.43759940125515906,0.02544082751393566,-0.05549085071074007,0.6628807785268966,0.586292706927699,0.3430304615871088,-0.6842355065531827,-0.3614595728376226,-0.5396899641858451,-0.6917366583454028,-0.8450141337593842,-0.7870960013211159,-0.49650475176844755,-0.29514444692655045,0.27136015715979356
1.1252701127626756,-1.086296894211618,-0.5916875817381116,-0.7628961943664494,-1.0604218664211609,-1.5967178119269494,-1.5207048347962704,-2.327947450465913,-2.3374269940965506,-3.7563616418609533,-1.030859372416487,-0.47226342535133325,-0.7508621874222756,-0.9605193711280415,-1.480944025552304,-1.446272932976616,-2.285735200115637,-2.2962149454677747,-3.026396941336969
1.1290272750757397,-0.680626680939167,0.09511574294468444,-0.549135771967043,-0.8295550065209383,-0.9954185777255665,-0.694486398143447,-0.7461283865574707,-0.057224276107745,0.3430304615871088,-0.5706841550214832,0.18877342568207242,-0.47051154424430675,-0.6944164776846735,-0.8513544865477201,-0.5711546341518965,-0.5143437500740243,0.4541204243223557,0.27136015715979356
1.1327844373888036,1.8796193023024044,1.3437706324249126,0.8762931876817233,1.449942539494555,1.0758974717237402,1.2239332094710782,0.6628807785268966,0.6891231914345872,0.3430304615871088,0.14704887342681375,0.5436657614023209,-0.03325002178637427,-0.09943139849001105,0.5563580598192297,0.7937630822379356,0.7337578954792309,0.7023569695454718,0.27136015715979356
1.1365415997018677,1.8796193023024044,0.626885501757604,2.9809221616280217,1.7346092401179118,1.0758974717237402,1.2239332094710782,0.6628807785268966,0.6891231914345872,0.3430304615871088,0.5013077513266238,0.5949857436284532,0.18257364823422847,0.26993752790178865,1.1555897675049027,1.1667798758187768,0.7337578954792309,0.7023569695454718,0.27136015715979356
1.1402987620149316,-0.7588427324406718,-0.11355337709070235,-0.590350274931169,-0.8101242394303235,-0.9448105979722955,-0.8537870854466262,-0.6129955591625699,-0.4968632917144927,0.3430304615871088,-0.43640014755967244,0.0032790848035400976,-0.38870225413618986,-0.5071133855387943,-0.40820234373438463,-0.3157858360784621,0.6284653956165616,0.7023569695454718,0.27136015715979356
1.1440559243279957,-0.9994930683883967,-0.5680183182613083,-0.7171565224191905,-0.9963449861388464,-1.4298277738313088,-1.3439136410613275,-1.8889150539142843,-1.8495175713729088,0.3430304615871088,-1.04194190172026,-0.5676744991380652,-0.7576139508830275,-0.9714037528925571,-1.5066960675868653,-1.4673486533204778,-2.3581902589357915,-2.362452046421292,-2.460917415277295
1.1478130866410599,-0.3258105081531957,0.09054852371657351,-0.3621719464570547,-0.25788716666797024,0.49350640037527066,0.02815887870234977,0.6628807785268966,0.6891231914345872,0.3430304615871088,-0.04621480659198426,0.21960520253069826,-0.15099125370869568,-0.15407223091498967,0.4270798845535677,0.4262322450927474,0.7337578954792309,0.7023569695454718,0.27136015715979356
1.1515702489541237,-0.48416974832286425,-0.3894338390759734,-0.44561642170321436,-0.5903343788906504,-0.3723617203600993,-0.2943674482543699,0.6237168551292037,0.2818152017961551,0.3430304615871088,-0.4848780563796951,-0.35531733924545694,-0.41823624989231595,-0.5191943929325739,-0.43678555745797826,-0.40797660058185337,0.29409474341548214,0.16259548040196117,0.27136015715979356
1.1553274112671879,1.8796193023024044,1.4898249000173656,3.1597493728197725,1.7346092401179118,1.0758974717237402,1.2239332094710782,0.6628807785268966,0.6891231914345872,0.3430304615871088,2.374951608780002,0.6375324585135113,1.3240459411078709,2.3904779541272787,1.306032912864972,1.394151094190043,0.7337578954792309,0.7023569695454718,0.27136015715979356
1.159084573580252,-0.5408916199010846,-0.17425106920859312,-0.47550496375326157,-0.5594417134873919,-0.2919009038641901,-0.4098914737462413,0.6628807785268966,0.6891231914345872,0.3430304615871088,-0.3037658049829027,-0.14552963223799809,-0.3078979825385611,-0.3821909505678519,-0.11264051339515464,-0.06355421678662371,0.7337578954792309,0.7023569695454718,0.27136015715979356
1.1628417358933159,-0.987916564987132,-0.5506020626007534,-0.7110564978770872,-0.9179503557580487,-1.2256467526407984,-1.3203360644260045,-1.351782436014965,-1.784448030507608,-0.2303757419706239,-0.9591046138337086,-0.5783668475779034,-0.7071473328205028,-0.7834144694726365,-1.0619204217657148,-1.3098164270852124,-1.1067848155734528,-1.8673573211955703,-0.4102409237250103
1.16659889820638,-0.40076607473800546,0.21824572710530366,-0.4016683971456734,-0.5956608816186713,-0.3862347466260345,-0.12450126004078203,0.6628807785268966,0.6891231914345872,0.3430304615871088,-0.1265161478143953,0.22939996757943,-0.19991290748048765,-0.3122871399313254,0.052749300085701036,0.2735226456455867,0.7337578954792309,0.7023569695454718,0.27136015715979356
1.1703560605194439,0.6484840860040698,-0.29447859743237853,0.15121458569299348,1.5698244514994872,1.0758974717237402,1.1584023044370468,0.6628807785268966,0.6891231914345872,0.3430304615871088,-0.0871381067930136,-0.2927830942160777,-0.1759227865219387,0.09091811629152206,1.0067179251716762,0.3484081304936437,0.7337578954792309,0.7023569695454718,0.27136015715979356
1.174113222832508,-0.05628075080070223,-0.06074472689396634,-0.22014822153007002,-0.21506571491572932,0.6050360766447123,0.5771034338245926,0.6628807785268966,0.6891231914345872,0.3430304615871088,-0.19222347857288893,-0.20887273840934134,-0.2399435126572098,-0.21529176248922255,0.2822367520225797,0.1485665738275644,0.6386504245954246,0.5514075377768268,0.27136015715979356
1.177870385145572,0.20602297470903153,-0.4495278222082579,-0.08193212055091709,0.3118670969446233,0.7520423324091925,0.613216402425569,0.6628807785268966,0.23872767244353482,0.3430304615871088,-0.5977703321155474,-0.7179500764263284,-0.4870131438144465,-0.5864931859241727,-0.5960119961744856,-0.6226645988875231,-0.05901168482626548,-0.3684973967523448,0.27136015715979356
1.181627547458636,1.8796193023024044,0.1616481482694589,3.218482406645516,1.7346092401179118,1.0758974717237402,1.2239332094710782,0.6628807785268966,0.6891231914345872,0.3430304615871088,2.446577313958991,0.12461578239502194,4.238443664176797,2.3904779541272787,1.306032912864972,1.394151094190043,0.7337578954792309,0.7023569695454718,0.27136015715979356
1.1853847097717,-0.9286360651641409,-0.39842445319480296,-0.6798197339550086,-0.9030823517819232,-1.1869226178350876,-1.1996009444065894,-1.249912067345052,-1.4512425044480932,0.08478449936437661,-0.8117589703807733,-0.4013582995883068,-0.6173805562753772,-0.7347756161393045,-0.9468427055801115,-1.0296082282002157,-0.7830061154638738,-0.9867146454183684,0.06565692123887953
1.189141872084764,1.8796193023024044,2.901751764202905,0.8955197934309009,1.7346092401179118,1.0758974717237402,1.2239332094710782,0.6628807785268966,0.6891231914345872,0.3430304615871088,2.446577313958991,1.3157394331763395,1.722335931803699,2.3904779541272787,1.306032912864972,1.394151094190043,0.7337578954792309,0.7023569695454718,0.27136015715979356
1.192899034397828,-0.5644052034360106,0.2454811845459958,-0.48789501208341635,-0.7250291236062795,-0.7231779738642263,-0.4577810046822596,0.27575102627240194,0.6891231914345872,0.3430304615871088,-0.6433448046281063,0.03750076875236502,-0.514778291085348,-0.6889654429741328,-0.8384575413619714,-0.7093338790821281,-0.47805734914396664,-0.3052777763132489,0.27136015715979356
1.1966561967108922,-0.2966960709492187,-0.38323046822296947,-0.3468306317856149,-0.005213628122013311,0.8345205132064407,0.0874555290446348,0.6628807785268966,0.6450423367271244,0.3430304615871088,-0.42447560048929467,-0.2573016339596526,-0.381437511676324,-0.33529285349795696,-0.0016813617213254299,-0.2931088448976692,0.7227708800958417,0.3974652255773033,0.27136015715979356
1.200413359023956,1.6316636039192953,0.5122539186742746,1.4253801102482648,1.4364153438337566,1.0758974717237402,1.2239332094710782,0.6628807785268966,0.6891231914345872,0.3430304615871088,-0.48591665304072007,-0.2275020186953079,-0.4188689898376935,-0.5974004120519355,-0.6218180871220114,-0.4099517068213916,0.367297908700286,0.7023569695454718,0.27136015715979356
1.2041705213370202,1.785703031511203,-0.08621468753982645,1.8909534969451427,1.7346092401179118,1.0758974717237402,1.2239332094710782,0.6628807785268966,0.6891231914345872,0.3430304615871088,0.5141699292611002,-0.40255430943282466,0.19040961966487158,0.46004359804156986,1.1217832369410432,0.7556810714245948,0.7337578954792309,0.7023569695454718,0.27136015715979356
1.2079276836500843,-0.6720083011741039,-0.4166919328091238,-0.5445944760111062,-0.4812944824549007,-0.08836424123922691,-0.6769335583662053,0.4854653228436478,-0.014415996891020827,0.3430304615871088,0.09452804008476617,-0.27831151815427857,-0.06524707171669755,0.5890976174733611,1.071778415209345,0.6938838610418533,0.7337578954792309,0.7023569695454718,0.27136015715979356
1.2116848459631482,0.04499991669155841,0.24360354393465133,-0.16678024538660358,-0.01596071709652179,1.0758974717237402,0.7833792510298605,0.6628807785268966,0.6891231914345872,0.3430304615871088,0.4688751505853857,0.6355596397251945,0.1628148691126303,0.24421962010102896,1.306032912864972,1.394151094190043,0.7337578954792309,0.7023569695454718,0.27136015715979356
1.2154420082762123,-0.18287835828729646,0.27651740165503313,-0.2868564913652834,-0.4053208591858454,0.10951119879114163,0.31926523442169275,0.6628807785268966,0.6891231914345872,0.3430304615871088,-0.8786945175512061,-0.18753991782396087,-0.6581594226535556,-0.9014887617491578,-1.3412798014429932,-1.156900007410503,-1.8927807478306042,-1.3867692244572767,-0.9221297434581428
1.2191991705892762,-0.9288961958954877,-0.5326150567836021,-0.6799568050368703,-0.8542328050157231,-1.0596925984451415,-1.2001307461991528,-0.9152120399289954,-1.452704654690454,0.3430304615871088,-0.9164369097503898,-0.6696905361693936,-0.6811530640495751,-0.7717832070585894,-1.0344012879203743,-1.2286749679177167,-1.029357928075832,-1.6123446841561413,-0.013752878520885366
1.2229563329023403,-1.0864217491114083,-0.618480305721182,-0.7629619843486679,-1.067329566642588,-1.6147091115661962,-1.5209591236662392,-2.375276598974883,-2.338128782082312,-3.9562059051733636,-1.0479616104652938,-0.6066624205036448,-0.761281313128148,-0.9621496612497814,-1.4848012312854268,-1.4787963738348409,-2.296587701361933,-2.398430120101633,-3.3031666021883663
1.2267134952154044,1.4748504343466495,-0.17086634128100264,0.8829462288269091,1.5845183356792154,1.0758974717237402,1.1984023415995428,0.6628807785268966,0.6891231914345872,0.3430304615871088,0.7044838965725144,-0.23815152028614373,0.3063538103223801,0.3622734719744372,1.306032912864972,1.1030223911879211,0.7337578954792309,0.7023569695454718,0.27136015715979356
1.2304706575284683,1.8796193023024044,1.6727163250183648,0.9895964971619042,1.5436694341236932,1.0758974717237402,1.2239332094710782,0.6628807785268966,0.6891231914345872,0.3430304615871088,0.5139136222091581,0.4605455707173256,0.19025347078038965,0.26353791002720417,1.306032912864972,1.394151094190043,0.7337578954792309,0.7023569695454718,0.27136015715979356
1.2342278198415324,-0.44199247447411877,-0.27806885623414573,-0.42339188665334426,-0.35476033384418915,0.2411975100352007,-0.2084660433164055,0.5244594680321735,0.32979674999988307,0.3430304615871088,-0.4499729392683542,-0.2617767647265317,-0.39697114985550336,-0.4433403798968191,-0.2573177866237252,-0.34159730514810105,0.4449226925437452,0.3004531083992321,0.27136015715979356
1.2379849821545963,1.8796193023024044,1.3325972343909076,1.192128214186848,1.7346092401179118,1.0758974717237402,1.2239332094710782,0.6628807785268966,0.6891231914345872,0.3430304615871088,2.446577313958991,2.040912786696003,3.0371768202565668,2.3904779541272787,1.306032912864972,1.394151094190043,0.7337578954792309,0.7023569695454718,0.27136015715979356
1.2417421444676604,-0.8503644317411445,-0.3904424603661016,-0.6385759431244649,-0.8796017926750008,-1.1257668407966879,-1.0401870547859156,-1.0890314799683627,-1.0112910723899728,0.3430304615871088,-0.7476398939585802,-0.3818758048586201,-0.5783175567146931,-0.6956934161957596,-0.854375675525145,-0.9076725503111678,-0.5228440633607286,-0.603493304728792,0.27136015715979356
1.2454993067807245,-0.1366744797863824,-0.23357523430044472,-0.26251021140261743,-0.3317967775319235,0.30100673874421585,0.4133675249358943,0.6628807785268966,0.6891231914345872,0.3430304615871088,-0.289699835466799,-0.35625969423407017,-0.29932863014473937,-0.39611588800469183,-0.14558639695200926,-0.03680486817124927,0.7337578954792309,0.6897378212112658,0.27136015715979356
1.2492564690937884,-0.6543259822467224,-0.348317888084818,-0.535277104808455,-0.6901781482261437,-0.6324076276295894,-0.6409204190658726,0.5917208707368116,0.606109238292642,0.3430304615871088,-0.3303014885161626,-0.1537717476008083,-0.3240642071949623,-0.3750323634022788,-0.09570356267215543,-0.11401730422368767,0.7337578954792309,0.7023569695454718,0.27136015715979356
1.2530136314068525,-1.0652599374689908,-0.6793982212440358,-0.7518111587582719,-1.0323879609571212,-1.523702716150595,-1.4778593880684556,-2.135868924695736,-2.219181866962861,-2.945322510797851,-1.1776512673010753,-0.8578720852859291,-0.8402916060188924,-1.0382619695362987,-1.6648801190667841,-1.7254280644933775,-2.803251459869178,-3.1735480247784036,-6.426671976380153
1.2567707937199166,-0.8997068132092909,-0.32835546310725483,-0.6645759992285103,-0.907438837315559,-1.1982692070177707,-1.1406814562566967,-1.2797611841551597,-1.2886361390344063,0.3430304615871088,-0.7961673080315207,-0.33777726872685465,-0.6078817123511615,-0.7414033740202427,-0.9625237339781809,-0.9999574592862157,-0.8271257170635404,-0.8935277487494623,0.27136015715979356
1.2605279560329805,1.0842765925806936,-0.2638473659736047,0.3808473939114058,1.7346092401179118,1.0758974717237402,1.2239332094710782,0.6628807785268966,0.6891231914345872,0.3430304615871088,0.30054248745966927,-0.07569115407159506,0.060262257430707386,0.24321474813679925,1.306032912864972,1.394151094190043,0.7337578954792309,0.7023569695454718,0.27136015715979356
1.2642851183460446,0.961110181442314,1.272575407740553,0.3159471295859208,0.42218894758106995,1.0758974717237402,1.2239332094710782,0.6628807785268966,0.6891231914345872,0.3430304615871088,0.07728058565256503,0.24237728846426335,-0.07575466699882316,-0.009600579432552771,0.6559505283296299,0.5943141337952567,0.7337578954792309,0.7023569695454718,0.27136015715979356
1.2680422806591085,-1.0561442195855157,-0.6018711975393062,-0.747007799671277,-0.9291588623417716,-1.254839623493923,-1.4592936321114256,-1.4285792071051917,-2.1679439795995155,-0.43849989926595134,-0.9719352239779097,-0.7224590473885313,-0.7149640723369313,-0.6772970024366999,-0.8108504454608189,-1.3342164844934286,-0.4003829746346604,-1.9440422002626094,-0.3112701961786521
1.2717994429721726,0.9067311297621373,0.01706882988288643,0.28729309318757534,0.8295673376251168,1.0758974717237402,1.2239332094710782,0.6628807785268966,0.6891231914345872,0.3430304615871088,0.7913526071551432,0.3539683456387677,0.3592764753492912,0.5139724883195596,1.306032912864972,1.394151094190043,0.7337578954792309,0.7023569695454718,0.27136015715979356
1.2755566052852367,-0.28402778463864475,-0.2508280768598898,-0.34015531241478664,-0.38273055946642126,0.30421238417522006,0.12410539270789167,0.6628807785268966,0.6891231914345872,0.3430304615871088,0.5718895704225889,-0.03144512707043783,0.22557391776686025,0.5849356565479655,1.306032912864972,1.394151094190043,0.7337578954792309,0.7023569695454718,0.27136015715979356
1.2793137675983006,1.8796193023024044,-0.14980472106372977,0.5710361999261802,1.7346092401179118,1.0758974717237402,1.2239332094710782,0.6628807785268966,0.6891231914345872,0.3430304615871088,-0.4135390256824059,-0.43702438151676104,-0.37477466746965377,-0.4849619152105975,-0.10843362631245597,0.11063113665141497,0.7337578954792309,0.7023569695454718,0.27136015715979356
1.2830709299113647,-0.1655147790849584,0.24185651937861238,-0.27770707417067286,-0.33684836996845396,0.28784972406962506,0.35462920444927676,0.6628807785268966,0.6891231914345872,0.3430304615871088,0.9002701790988721,0.8793020085749337,0.42563187693015686,0.5700739718101102,1.306032912864972,1.394151094190043,0.7337578954792309,0.7023569695454718,0.27136015715979356
1.2868280922244288,1.8796193023024044,1.9691016538510244,3.3214012040568064,1.7346092401179118,1.0758974717237402,1.2239332094710782,0.6628807785268966,0.6891231914345872,0.3430304615871088,2.106457559818485,1.4223242757319536,1.1604724228686087,1.6607082949078078,1.306032912864972,1.394151094190043,0.7337578954792309,0.7023569695454718,0.27136015715979356
1.2905852545374927,-0.38106967669623615,-0.501314281384446,-0.39128974417237966,0.012743088234125585,0.7649942016922958,-0.08438609588690237,0.6628807785268966,0.5408023342846715,0.3430304615871088,-0.7164813580264174,-0.5831688055991637,-0.55933497082379,-0.6088901114735008,-0.6490022881974602,-0.8484181534464681,-0.23877343688069647,-0.6137961466041338,0.27136015715979356
1.2943424168505568,-0.9257254574807939,-0.32569621992819464,-0.6782860430221395,-0.9558896089473846,-1.3244606053469823,-1.1936729821082377,-1.6117289436743039,-1.4348824776740596,0.3430304615871088,-0.8379170686395584,-0.21046700855485792,-0.6333167462177135,-0.8325457726098737,-1.1781632558536923,-1.0793532591871156,-1.4338416512978907,-1.1430541007563657,-0.31420319929674384
1.2980995791636207,-1.0030124071949227,-0.5634699681601952,-0.7190109729685191,-0.9529963463966797,-1.3169250216047568,-1.3510813909025643,-1.591905319523244,-1.869299171425394,-0.7194740786390144,-0.8936543940997579,-0.6103091288012257,-0.6672733663291659,-0.7478053608748167,-0.9776705965332158,-1.1853493050278505,-0.8697424080386884,-1.4761801184904089,-0.03221856503798873
1.3018567414766848,1.8796193023024044,0.5108908257283129,3.3122316979799393,1.7346092401179118,1.0758974717237402,1.2239332094710782,0.6628807785268966,0.6891231914345872,0.3430304615871088,1.969687650177122,0.22775770865533604,1.0771486568639814,1.5050517261516876,1.306032912864972,1.394151094190043,0.7337578954792309,0.7023569695454718,0.27136015715979356
1.305613903789749,-0.6474017280769716,-0.05529192581940583,-0.5316284970287832,-0.7333643597617892,-0.7448873310208234,-0.6268179627652976,-0.0870636819954344,0.12952748762243382,0.3430304615871088,-0.3426682312204818,0.1896718822978089,-0.33159834667079036,-0.46783449058103216,-0.3152699405986338,-0.13753522180880737,0.7337578954792309,0.7023569695454718,0.27136015715979356
1.3093710661028128,-0.47041789695645353,-0.10058527388640569,-0.4383701377496954,-0.5632166068122105,-0.30173271977049376,-0.26635939450701307,0.6628807785268966,0.6891231914345872,0.3430304615871088,-0.8109036051166516,-0.2028500651383951,-0.6168594456355957,-0.8188349831728886,-1.1457240384918657,-1.027981574337695,-1.3425717862178153,-0.9816023724165357,0.20947755559739384
1.313128228415877,-1.0388200476338738,-0.5773120903474808,-0.7378791473992014,-0.9858381806710391,-1.402462503283486,-1.4240099218514903,-1.8169260937103895,-2.0705677792312875,-1.598607069995972,-0.994843434878617,-0.6081998642211522,-0.7289203468543333,-0.8680287439559751,-1.2621146450446479,-1.3777811828838171,-1.6700443894613897,-2.08095801040878,-0.8868054134701738
1.3168853907289408,1.0832224076082733,0.6136504600541297,0.38029191062074674,1.579715016363949,1.0758974717237402,1.2239332094710782,0.6628807785268966,0.6891231914345872,0.3430304615871088,0.11311972392928693,0.20876120735244158,-0.05392053711303432,0.04478159143451742,0.8747684399571111,0.7292397909643896,0.7337578954792309,0.7023569695454718,0.27136015715979356
1.320642553042005,-0.11158306487747731,-0.2151042566945347,-0.24928875398709988,-0.2288331515589425,1.0758974717237402,1.2239332094710782,0.6628807785268966,0.6891231914345872,0.3430304615871088,-0.7353826672827628,-0.5382363279560939,-0.5708501372356609,-0.7226103322262425,-0.9180600967494613,-0.8843629000923408,0.11313089783868929,0.7023569695454718,0.27136015715979356
1.324399715355069,-1.037300163021319,-0.4765466658669336,-0.7370782722889556,-1.0292522942062607,-1.5155357838467634,-1.4209144106520177,-2.1143844316562452,-2.062024768403307,-2.8546056308332126,-1.0616804460920668,-0.5379667296478498,-0.7696391825792466,-0.9758518758183138,-1.51722016082773,-1.5048855756035018,-2.38780048533153,-2.480423668277131,-3.9555399937211035
1.328156877668133,-1.1462041883491667,-0.7834251933151564,-0.7944632359698894,-1.0932486054453927,-1.6822159776018768,-1.642716531211321,-2.5528647972731524,-2.6741556235363744,-4.7060605672568405,-1.1916676437156273,-0.864898710056265,-0.8488307450127054,-1.0475771740586166,-1.686919546166018,-1.752083101574747,-2.8652608331334117,-3.257319888955398,-6.795508144518715
1.331914039981197,-0.644972129672787,-0.23652746963946006,-0.5303482650468744,-0.7267095570004656,-0.7275547099340425,-0.6218696601058382,0.4334269025562942,0.5527045881227682,0.3430304615871088,-0.5433586565541099,-0.32737284391314425,-0.45386414390438284,-0.5436400920598033,-0.4946231714914144,-0.5191895503547458,0.5376455160840833,0.5225365675281418,0.27136015715979356
1.3356712022942612,1.5458903121410195,-0.5513015278449288,0.8935459770575382,1.6944777122004127,1.0758974717237402,1.0085976710939886,0.6628807785268966,0.6891231914345872,0.3430304615871088,-0.03799015257803152,-0.622857168663165,-0.1459805817829463,-0.08822943869279484,0.5828614796558754,0.4418731248208103,0.7337578954792309,0.5310526167624773,0.27136015715979356
1.339428364607325,-0.783583997184938,-0.7073271769918485,-0.6033872271879474,-0.43021901060571416,0.04466326267650632,-0.9041770041762335,-0.10710270511838603,-0.7039496832631302,0.3430304615871088,-0.5843472944149807,-0.7687017191279031,-0.47883548210971677,-0.07929606901890521,0.25957540952972274,-0.5971379180200042,-0.13091741900894516,-0.7507490330817224,0.27136015715979356
1.3431855269203892,-1.0285485649092072,-0.7978551936626888,-0.7324667793868166,-0.8284739898457333,-0.9926030393705171,-1.403090248379725,-0.738721637983946,-2.0128335358476557,-0.4319145471169879,-0.6585209486829005,-0.8129161814690233,-0.524023990518726,-0.2392803797005672,0.20604559990182758,-0.7381944540673123,0.7337578954792309,-0.3244189448183672,0.27136015715979356
1.346942689233453,-0.2405424087471579,-0.04383462962207903,-0.31724149716624567,-0.2750549814943623,0.4487923434834277,0.20182229662822893,0.6628807785268966,0.6891231914345872,0.3430304615871088,-0.3954961610790883,-0.12987674159396553,-0.3637824877409217,-0.3902414306232946,-0.131687649490841,-0.23799845051112584,0.5759239329304566,0.5158983648355484,0.27136015715979356
1.3506998515465172,-0.8978331975653093,-0.4784208762483436,-0.6635887320879411,-0.9509522826540258,-1.3116012000582284,-1.1368655098608027,-1.5779001089123703,-1.2781048667247892,0.3430304615871088,-0.9290646535911847,-0.6239295800941734,-0.6888462121675775,-0.8634160584518671,-1.2512012028699875,-1.2526892331154553,-1.6393387043108996,-1.6944832418729432,0.08696738612244499
1.3544570138595813,-0.6645371469376726,-0.16449301050119294,-0.5406576893476046,-0.7593559633576488,-0.812583194102305,-0.661717244298131,-0.2651490689030817,0.6891231914345872,0.3430304615871088,0.020696223383819674,0.33027333722284724,-0.11022732383953357,-0.1820081622362842,0.3609845110886425,0.5534773997894914,0.7337578954792309,0.7023569695454718,0.27136015715979356
1.3582141761726452,1.1483434822737446,0.1769963998797564,0.41460625752658103,1.1695519484580525,1.0758974717237402,1.2239332094710782,0.6628807785268966,0.6891231914345872,0.3430304615871088,0.2792750646816807,0.3940729890452467,0.0473055934706185,0.06346088105659353,0.9388653231876198,1.0036619479724775,0.7337578954792309,0.7023569695454718,0.27136015715979356
1.3619713384857093,0.8844762790059312,0.1390993423690917,0.27556631083471606,1.7346092401179118,1.0758974717237402,1.2239332094710782,0.6628807785268966,0.6891231914345872,0.3430304615871088,0.4179855078701841,0.3196124573282401,0.13181158269693014,0.31947456709630956,1.2533275319784032,1.1215965207521175,0.7337578954792309,0.7023569695454718,0.27136015715979356
1.3657285007987732,-0.857752207867038,-0.20866664344482821,-0.6424687952333831,-0.9028069771298077,-1.1862053968034152,-1.0552335547293956,-1.2480252964389824,-1.052816495383842,0.3430304615871088,-0.7031805619385869,-0.13992023756223018,-0.551231781870871,-0.7253159487668647,-0.9244614847557739,-0.8231239402741687,-0.7200350831427138,-0.3377726210639236,0.27136015715979356
1.3694856631118373,-0.6844298913106209,-0.06882470580179365,-0.5511398033917752,-0.7785133178158424,-0.8624790629594201,-0.7022323021426988,-0.39640856846536904,-0.07860146955784991,0.3430304615871088,-0.7644407962020039,-0.05028337827712986,-0.5885531008549816,-0.8051679736039761,-1.1133884026679888,-0.9396229388462402,-1.251593354586571,-0.7039074816287288,-0.09256593788007288
1.3732428254249014,-1.0369765234292847,-0.47565093182642554,-0.7369077363865525,-1.0319433261255782,-1.5225446522178951,-1.4202552619420055,-2.132822442176259,-2.0602056457434186,-2.9324589357288113,-0.9122957116772393,-0.25233273483663576,-0.6786301390865411,-0.8914603323200648,-1.3175529107673518,-1.2207996237534031,-1.82602358514751,-1.58759393030553,0.27136015715979356
1.3769999877379653,-0.876037939045564,-0.5190091039679787,-0.6521041233711644,-0.8327690592439883,-1.0037896685000827,-1.0924756487581944,-0.7681499528919544,-1.15559745531024,0.3430304615871088,-0.7631098498980244,-0.2995762293337614,-0.5877422539465615,-0.7803119971566874,-1.0545800877697313,-0.93709186932894,-1.086132304571614,-0.5806095776922074,0.27136015715979356
1.3807571500510294,-1.0476213716839586,-0.6205846077528048,-0.7425168424654559,-1.0130199076900612,-1.4732580763158099,-1.441935359705251,-2.003165790508908,-2.1200385127589296,-2.3849921240006924,-1.1081091453473781,-0.7046571045428129,-0.7979247468732725,-0.9878860036641343,-1.5456924592861656,-1.593179344526915,-2.4679091639668913,-2.757914695408279,-4.432032119139039
1.3845143123640935,1.716840737310442,-0.029082237593801453,0.8438751991406752,1.7346092401179118,1.0758974717237402,1.2239332094710782,0.6628807785268966,0.6891231914345872,0.3430304615871088,2.2522719017835544,0.15275905253957922,2.088674409037654,2.3904779541272787,1.306032912864972,1.394151094190043,0.7337578954792309,0.7023569695454718,0.27136015715979356
1.3882714746771574,-0.8724588281582679,-0.4966175120187673,-0.6502181770284176,-0.9018689832355965,-1.1837623653067417,-1.085186162606246,-1.2415984899916077,-1.1354798866394717,0.3430304615871088,-0.9563579814296987,-0.6233134198259657,-0.7054740133284264,-0.8931463619915365,-1.3215419941999806,-1.304593137811834,-1.8372471329485678,-1.8509414866112504,0.27136015715979356
1.3920286369902215,-0.559364367618175,-0.017306752484931177,-0.48523883680011315,-0.658063430547899,-0.5487639415896477,-0.4475144597090929,0.6628807785268966,0.6891231914345872,0.3430304615871088,-0.07223833987275788,0.14901815030017432,-0.16684546318639912,-0.1808344359819611,0.36376150370910815,0.3767431172275008,0.7337578954792309,0.7023569695454718,0.27136015715979356
1.3957857993032854,-1.049619465201917,-0.36388953227708076,-0.7435697009214591,-1.0552883512257338,-1.5833474271211567,-1.446004827092013,-2.292774397891367,-2.131269453856856,-3.6078457060867115,-0.9500425659502988,-0.10019854229435185,-0.7016264988933633,-0.9343544260771106,-1.419038739670093,-1.2925830698164555,-2.111560619169597,-1.813196058540965,-2.312445597522141
1.3995429616163495,0.09321783001974646,-0.030295208649389622,-0.14137270698957033,0.48491883758628423,1.0758974717237402,0.8815834761991421,0.6628807785268966,0.6891231914345872,0.3430304615871088,-0.15534118900806654,-0.08853125522589045,-0.21747386802943314,-0.10247678170486672,0.549152796511028,0.21870587138348352,0.7337578954792309,0.7023569695454718,0.27136015715979356
1.4033001239294136,-0.8916551855656302,-0.20291782162090197,-0.660333342829787,-0.9351071939639571,-1.2703322206156662,-1.124282906433202,-1.469335097155795,-1.2433793204743004,-0.13092660607830992,-0.7050952633969941,0.02807891244998894,-0.552398267516049,-0.7438444237074534,-0.9682991666590204,-0.8267651408858049,-0.8433752756049752,-0.34921624285097685,0.27136015715979356
1.4070572862424775,-1.0225692422085253,-0.43219659168169433,-0.7293160857831393,-1.030312524202529,-1.518297182711502,-1.3909123105071188,-2.121648757168143,-1.9792247880822178,-2.8852787746805286,-1.073786422008498,-0.5410712323722532,-0.7770144561841175,-0.9945306795386465,-1.5614135150271813,-1.5279075912382771,-2.5121413851205254,-2.5527776162738873,-4.695128520533769
1.4108144485555416,-0.5411588366598901,-0.38187227007606145,-0.4756457686863459,-0.3477314536372395,0.259504426357266,-0.410435707474734,0.6628807785268966,0.27715517619309804,0.3430304615871088,-0.8443993570373277,-0.3288693526501049,-0.6372659239502031,-0.834314817663366,-1.1823487505895591,-1.0916806705311246,-1.4456178151792565,-1.181796880427319,0.27136015715979356
1.4145716108686055,0.03686501150523168,0.6132432062431818,-0.17106678334752373,-0.2985515646350015,0.38759483139822765,1.2239332094710782,0.6628807785268966,0.6891231914345872,0.3430304615871088,-0.6702299089188078,-0.043885301111348,-0.5311573919036687,-0.7389919322976333,-0.9568183526392978,-0.7604614623183411,-0.8110732525659512,-0.03632391839310491,0.27136015715979356
1.4183287731816696,-0.39992135709695653,-0.22273099280848166,-0.40122328879447783,-0.4597032392777243,-0.03212924071337417,-0.12278084462459814,0.6628807785268966,0.6153380836714807,0.3430304615871088,-0.7906763295676299,-0.4303410113214138,-0.6045364662669802,-0.7893852370259082,-1.0760470355079619,-0.9895152286954343,-1.1465309696163253,-0.8607097444043283,-0.5383793952564973
1.4220859354947337,0.0675999917327694,-0.6055485903769433,-0.15568484024052442,0.6252893169685114,1.0758974717237402,0.6657124032571038,0.6628807785268966,0.6891231914345872,0.3430304615871088,-0.903623048111991,-0.8793788929745727,-0.6733465281560218,-0.7921485522460374,-1.0825849364418905,-1.2043067612553755,-0.26226179369238506,-0.6796523684359685,0.27136015715979356
1.4258430978077976,-0.188622751305388,-0.14130404627079027,-0.28988339311405076,-0.21698028575603223,0.5528771603398706,0.30756577199223867,0.6628807785268966,0.6891231914345872,0.3430304615871088,-0.6675622703012313,-0.30176138965879273,-0.5295321974691714,-0.6821517921157892,-0.8223366971000688,-0.7553883960586932,-0.43270029677276334,-0.11028726531414626,0.27136015715979356
1.4296002601208617,-0.9368438777282453,-0.5839532885701809,-0.6841446891113779,-0.8926394067740779,-1.1597236736525456,-1.216317592174118,-1.178360656701288,-1.4973772116686164,-0.19508646153742842,-1.0124132969647528,-0.7001245627870731,-0.7396243612171244,-0.8997786886392753,-1.3372338321302073,-1.4111939075117188,-1.8813971478757376,-2.1859680398740493,-0.5210652954727265
1.4333574224339258,-0.9436693784767689,-0.3849136199175649,-0.6877412606006242,-0.9885883401826764,-1.409625371132921,-1.2302189198371205,-1.8357692258350116,-1.535742181166564,0.3430304615871088,-0.7701681467494855,-0.07172114677333113,-0.5920423509253823,-0.8056109875639262,-1.1144365572040398,-0.9505146798145168,-1.2545424061010158,-0.8124309680109743,-0.06215307151775753
1.4371145847469897,0.10637526782556166,-0.31496585772295016,-0.13443963827748492,0.3057524319585198,0.9708752048261194,0.908380902627334,0.6628807785268966,0.6891231914345872,0.3430304615871088,-0.7896209330154046,-0.3442162569283597,-0.603893491393413,-0.7629258003003503,-1.013444993287362,-0.9875081739900646,-0.9703960190260728,-0.8544019417304611,0.03754555725617454
1.4408717470600538,-0.8960915892453928,-0.7010285135678784,-0.6626710237673894,-0.8671055682663834,-1.0932200726266785,-1.1333184194995571,0.6628807785268966,-1.268315584951511,0.3430304615871088,-0.8969443525441879,-0.6256366945612071,-0.6692776940961972,-0.8399886608010736,-1.1957728522189257,-1.1916058410781623,-1.4833874053289742,-0.6931371491969666,0.27136015715979356
1.4446289093731177,-0.11088701143274927,-0.1467202502583859,-0.24892198148695074,-0.2118978974677124,1.0758974717237402,0.4658882205435445,0.6628807785268966,0.6891231914345872,0.3430304615871088,1.2054517191119511,0.3043395534265933,0.6115563635051646,0.9607601504666078,1.306032912864972,1.394151094190043,0.7337578954792309,0.7023569695454718,0.27136015715979356
1.4483860716861818,0.4030940647472465,0.18221409842774497,0.02191084861720983,0.2718611392834227,1.0758974717237402,1.2239332094710782,0.6628807785268966,0.6891231914345872,0.3430304615871088,1.319940172415411,0.633756263572269,0.6813056900807514,1.0442204830724104,1.306032912864972,1.394151094190043,0.7337578954792309,0.7023569695454718,0.27136015715979356
1.452143233999246,-0.24394683405418677,-0.16463287005911553,-0.31903539617053367,-0.3913652563509446,0.14585895914562436,0.19488858825416366,0.6628807785268966,0.6891231914345872,0.3430304615871088,-0.31954279393444446,-0.29138288415002994,-0.3175097322216842,-0.3704231618995543,-0.08479836351506093,-0.09355742254378306,0.42679965992061203,0.30948205661920625,0.27136015715979356
1.4559003963123098,-0.2504655140656479,-0.3986575826259137,-0.3224702941422011,0.35417989914593195,1.0080404501369338,0.18161215475745646,0.6628807785268966,0.6604720327952197,0.3430304615871088,0.1388299762822015,-0.40938740604174856,-0.03825718647844238,0.7543934941420268,1.0150473542502803,0.7665318845075639,0.7337578954792309,0.6020204981186971,0.27136015715979356
1.459657558625374,1.8796193023024044,0.48413431722364286,0.9607840574173122,1.7346092401179118,1.0758974717237402,1.2239332094710782,0.6628807785268966,0.6891231914345872,0.3430304615871088,2.3191836656601623,0.569076965664508,2.173294636551537,2.3904779541272787,1.306032912864972,1.394151094190043,0.7337578954792309,0.7023569695454718,0.27136015715979356
1.4634147209384378,-0.8949216209732241,-0.516433812159867,-0.6620545306065161,-0.8851701326565772,-1.1402697389958634,-1.1309355742101117,-1.1271838000587804,-1.2617393938808443,0.3430304615871088,-0.7398578049404728,-0.38022773607175064,-0.5735765068297268,-0.7018209132620182,-0.8688731054601478,-0.8928732994054316,-0.5013687160828207,-0.43176614832174415,0.27136015715979356
1.467171883251502,0.4253008803327681,0.4864284483614098,0.03361231972453037,0.23588392537758526,1.0758974717237402,1.2239332094710782,0.6628807785268966,0.6891231914345872,0.3430304615871088,-0.08570522604461565,0.22292651147604378,-0.1750498385138172,-0.21804181864303723,0.2757302215459191,0.35113304942789964,0.7337578954792309,0.7023569695454718,0.27136015715979356
1.470929045564566,-0.4655379759587329,-0.15154811521942124,-0.43579875355726283,-0.38670292327093375,0.15800213687072032,-0.2564205807469284,0.6628807785268966,0.49696238648174207,0.3430304615871088,-0.08601810624159778,0.13600803017081636,-0.17524045322131404,-0.06505756531405402,0.6376852693923049,0.3505380430577887,0.7337578954792309,0.6340253972358882,0.27136015715979356
1.47468620787763,-0.44396471929628767,-0.3311905384494697,-0.4244311246167628,-0.3601416673563768,1.0758974717237402,-0.2124828653071653,0.6628807785268966,0.6891231914345872,0.3430304615871088,-0.24931859418612945,-0.22945781649045746,-0.2747273336441464,-0.23300808059502703,0.27929180708317036,0.050258188530999434,0.7337578954792309,0.7023569695454718,0.27136015715979356
1.478443370190694,1.8796193023024044,1.7457885756946259,0.8660506998995134,1.7346092401179118,1.0758974717237402,1.2239332094710782,0.6628807785268966,0.6891231914345872,0.3430304615871088,2.446577313958991,3.1877649545252393,1.9903846129677383,2.283438860001845,1.306032912864972,1.394151094190043,0.7337578954792309,0.7023569695454718,0.27136015715979356
1.4822005325037582,-0.2990369782234165,-0.09649667101040237,-0.34806412961552313,-0.44942586559004233,-0.005361531694093267,0.08268786140437023,0.6628807785268966,0.6449723961419004,0.3430304615871088,-0.1123907285314578,-0.04673518784709056,-0.19130733675126224,-0.238528657454778,0.22725912363247522,0.30038505028147366,0.3796403183251797,0.27149477591245214,0.27136015715979356
1.485957694816822,0.7390862652406253,0.4147654158210944,0.19895572978065765,0.5800960285477137,1.0758974717237402,1.2239332094710782,0.6628807785268966,0.6891231914345872,0.3430304615871088,0.4665295948646583,0.5166624333216128,0.1613858959083826,0.1629718368879035,1.1771943455774339,1.394151094190043,0.7337578954792309,0.7023569695454718,0.27136015715979356
1.4897148571298862,-0.6786522109599106,-0.32021758222465835,-0.5480953614982135,-0.7442964671188731,-0.7733603123090985,-0.6904650442305706,0.6628807785268966,0.6891231914345872,0.3430304615871088,-0.20385289909502818,-0.012898788784630189,-0.24702845639152274,-0.3034960957182841,0.09057960347144924,0.18442562461920062,0.7337578954792309,0.7023569695454718,0.27136015715979356
1.49347201944295,-0.47727809700077106,-0.47311679887929414,-0.4419849933916424,-0.5236551710187585,-0.19869384681665694,-0.2803313933629746,0.6628807785268966,0.6891231914345872,0.3430304615871088,0.27812883066932265,-0.06849763108573262,0.04660727806716294,0.08393764815098545,1.2941458539968302,1.2109710117704973,0.7337578954792309,0.7023569695454718,0.27136015715979356
1.4972291817560142,-0.4486052653424377,0.04310509959776261,-0.42687637460193584,-0.5616607282866046,-0.29768039036140387,-0.2219341500552747,0.6628807785268966,0.6891231914345872,0.3430304615871088,-0.6026524034463513,-0.21519457953938173,-0.4899874279260064,-0.5734311538089446,-0.5651077144830176,-0.6319488666973794,0.29103031227000814,0.2630553668625325,0.27136015715979356
1.5009863440690783,-0.760882809934306,0.03767569804295124,-0.5914252560673217,-0.8436592572117044,-1.0321534956042422,-0.8579420605527486,-0.8427657845557801,-0.5083302175416797,0.3430304615871088,-0.2527324844572139,0.43170402477671915,-0.27680716388501503,-0.44166896950740253,-0.25336329186816003,0.03349619130496121,0.7337578954792309,0.7023569695454718,0.27136015715979356
1.5047435063821422,-0.06679592353262319,0.1089939458094954,-0.22568899748856566,-0.2608632514765147,0.4857551037315292,0.5556874429742497,0.6628807785268966,0.6891231914345872,0.3430304615871088,0.991972426327458,0.2962890729972536,0.48149925748344424,0.7052569732446841,1.306032912864972,1.394151094190043,0.7337578954792309,0.7023569695454718,0.27136015715979356
1.5085006686952063,1.8796193023024044,2.557358553450683,3.358152624464763,1.7346092401179118,1.0758974717237402,1.2239332094710782,0.6628807785268966,0.6891231914345872,0.3430304615871088,2.446577313958991,1.811117750041907,2.6941358804440934,2.3904779541272787,1.306032912864972,1.394151094190043,0.7337578954792309,0.7023569695454718,0.27136015715979356
1.5122578310082702,-0.6288479269780749,-0.843738837601109,-0.5218519144001952,0.2675787913540925,0.20789766178010363,-0.5890298973950561,0.3993815317301989,-0.7455722568225662,0.3430304615871088,-0.02177737767009112,-0.915152855965981,-0.1361033400251852,1.0905519625687123,0.7117960608653316,0.03252708660196145,0.6213102105165998,-0.41684136865492766,0.27136015715979356
1.5160149933213343,-0.541462039080489,-0.1201561775698559,-0.47580553559892474,-0.728125491616527,-0.7312425514921,-0.4110532323058386,-0.051168787816783606,0.5199696001334198,0.3430304615871088,-0.4881886294214979,0.010736800538554539,-0.42025313660518576,-0.5854151933886893,-0.593461505968683,-0.4142723395503227,0.21125506077300896,0.5259255340790062,0.27136015715979356
1.5197721556343984,1.8796193023024044,0.16714024802620184,2.416434213959272,1.7346092401179118,1.0758974717237402,1.2239332094710782,0.6628807785268966,0.6891231914345872,0.3430304615871088,1.5528943067763599,0.07036409883634748,0.8232273732360559,2.0012037515027084,1.306032912864972,1.394151094190043,0.7337578954792309,0.7023569695454718,0.27136015715979356
1.5235293179474623,-1.08233425639866,-0.7037488295497878,-0.7608081555975175,-1.0368904049230554,-1.5354294581781027,-1.5126342288909658,-2.166718097689087,-2.315153686331054,-3.075581145167427,-1.1495786413397517,-0.8753426941831907,-0.8231890362879458,-1.0069558334750126,-1.5908109666581336,-1.6720421633275449,-2.5948530428688588,-3.0057659861423636,-5.187103351085393
1.5272864802605264,-0.8724083136376177,-0.268330533840889,-0.6501915593352314,-0.9381342031418272,-1.2782161512125487,-1.0850832809380444,-1.4900751064678739,-1.1351959531794398,0.3430304615871088,-0.7625209689171738,-0.32766424447406783,-0.5873834924237854,-0.7630706650265132,-1.0137877378362212,-0.9359719904161037,-0.9713603532879708,-0.6924332242464069,0.27136015715979356
1.5310436425735905,-0.7466712271231535,-0.06131750932061925,-0.5839367251244895,-0.8359267987233048,-1.0120140898464023,-0.8289976832027985,-0.789785680555075,-0.42844934708903654,0.3430304615871088,-0.4251401294790458,0.2933406777987631,-0.3818423599224856,-0.5391247674296542,-0.48394008151984214,-0.29437258413665457,0.5194007697563392,0.7023569695454718,0.27136015715979356
1.5348008048866544,-0.3943636716399753,-0.15320524374558295,-0.39829476914482387,-0.34426862041809875,0.2685234729356128,-0.1114616448425085,0.6628807785268966,0.6891231914345872,0.3430304615871088,0.7212357486030508,0.18462581664089564,0.3165594718044766,0.9088074232132431,1.306032912864972,1.150418323768007,0.7337578954792309,0.7023569695454718,0.27136015715979356
1.5385579671997185,-0.9822981785781153,-0.5211139931604362,-0.7080959929824668,-0.978809950356928,-1.3841572796256076,-1.3088932365241894,-1.768771115117078,-1.7528680437562745,-1.2756434939838521,-1.001050582477178,-0.5781554028953837,-0.7327019016964391,-0.9114480631931058,-1.364843137879381,-1.3895853571237002,-1.9590777399373513,-2.1180563523891918,-1.6051533814581957
1.5423151295127824,-0.6030250142612013,-0.260031794106774,-0.5082450077323041,-0.676143796943944,-0.5958547647278011,-0.5364370131340943,0.22697868406094346,0.0751915368048886,0.3430304615871088,1.9718677017900015,3.9519308149329744,1.3594166526939964,1.436211939620196,1.306032912864972,1.394151094190043,0.7337578954792309,0.7023569695454718,0.27136015715979356
1.5460722918258465,-0.5779598654858469,-0.08535843384361089,-0.4950373907704816,-0.6900942342889126,-0.6321890714183672,-0.4853874478515333,0.6628807785268966,0.6891231914345872,0.3430304615871088,-0.6999001774877261,-0.18107575479335972,-0.5492332868283176,-0.728766575274904,-0.9326255386086372,-0.8168856111516681,-0.7430051839730103,-0.33734399275692095,0.27136015715979356
1.5498294541389106,-0.5081740438019264,-0.14828240992802688,-0.4582650416243383,-0.6180826206974014,-0.4446327971012386,-0.34325640000578195,0.6628807785268966,0.6891231914345872,0.3430304615871088,-0.4168403259703323,-0.11646751193069829,-0.37678590498106235,-0.47957198309728183,-0.3430404109108966,-0.2785887921101348,0.7337578954792309,0.7023569695454718,0.27136015715979356
1.5535866164519745,-1.062348463117822,-0.49750636562815365,-0.750277011150809,-1.0472630886988512,-1.5624454050043166,-1.4719296606492973,-2.2377881029186755,-2.2028169687975843,-3.3756696379072273,-1.1233123393583861,-0.6262680300503263,-0.8071869258395201,-1.0197170048950168,-1.6210034231456047,-1.6220913605953324,-2.6798014989093115,-2.8487798281699885,-5.692382817170845
1.5573437787650386,0.09724130824581616,-0.10628932218999897,-0.13925260948923485,-0.06748537435157917,1.0758974717237402,1.2239332094710782,0.6628807785268966,0.6891231914345872,0.3430304615871088,-0.0033237090643872817,-0.10591416455742739,-0.12486088787426604,-0.12113935236665364,1.2770493248001653,1.296573372923016,0.7337578954792309,0.7023569695454718,0.27136015715979356
1.5611009410781025,-0.5932474664083301,-0.03105577224684754,-0.5030929095730634,-0.6864316845845535,-0.6226498576333901,-0.5165233245343585,0.23450261100849062,0.4339193078929041,0.3430304615871088,-0.6774924041723683,0.0055687342251782386,-0.5355818918298904,-0.7193888775777044,-0.9104382549842256,-0.7742725982754187,-0.6805798066802629,-0.1842418653462991,0.27136015715979356
1.5648581033911666,-0.1677471823578547,-0.29287969342517806,-0.2788833978221688,-0.01992177249789337,0.7226197826867515,0.3500825242105867,0.6628807785268966,0.6334614932625126,0.3430304615871088,-0.36721860502455217,-0.4696063533821091,-0.3465550692974287,-0.28989854498549084,0.10571988221094993,-0.18422283241189077,0.7337578954792309,0.38433011266140993,0.27136015715979356
1.5686152657042307,-0.4019410620973096,0.1334075725779899,-0.40228753502176334,-0.5364125361020463,-0.23192076322347566,-0.12689432758019684,0.6628807785268966,0.6891231914345872,0.3430304615871088,-0.5659626976246956,0.0024794208392089597,-0.4676351102950394,-0.622185544781191,-0.6804587884208851,-0.5621758069381275,-0.03351749779957637,-0.279509113987391,0.27136015715979356
1.5723724280172946,1.7438615493051124,1.0071871902647858,0.728403498216787,1.7346092401179118,1.0758974717237402,1.2239332094710782,0.6628807785268966,0.6891231914345872,0.3430304615871088,0.38597221721400343,0.8421596597755987,0.11230825812306558,0.10048098638153792,1.029343319783604,1.2481252083606105,0.7337578954792309,0.7023569695454718,0.27136015715979356
1.5761295903303587,-0.8636920324899153,-0.576691922937134,-0.6455986760548573,-0.8884279130902983,-1.1487547198235104,-1.0673310478490372,-1.1495049733892198,-1.0862032312257643,0.3430304615871088,-1.021998695354598,-0.722495529791528,-0.7454640338073223,-0.9542237016126397,-1.466048705863603,-1.4294225239503966,-2.2438262414885357,-2.243257218492482,-1.5256838732023759
1.5798867526434228,-0.7828400462809874,-0.28122586932952987,-0.6029952160067721,-0.7852803806170204,-0.880104068479485,-0.9026618178680067,-0.4427741185066201,-0.6317480785508731,0.3430304615871088,-0.685975840670934,-0.19512715176713405,-0.5407502207377257,-0.6673197836564745,-0.7872447172738503,-0.7904056063909731,-0.33396671055804544,-0.23494493360680263,0.27136015715979356
1.5836439149564867,1.8796193023024044,1.963437620982639,3.358152624464763,1.7346092401179118,1.0758974717237402,1.2239332094710782,0.6628807785268966,0.6891231914345872,0.3430304615871088,2.446577313958991,1.3413601023104824,4.993462488284967,2.3904779541272787,1.306032912864972,1.394151094190043,0.7337578954792309,0.7023569695454718,0.27136015715979356
1.5874010772695508,0.14920485571321207,0.25326809293196484,-0.11187137839908884,0.04137082693451427,1.0194063313402404,0.9956108593489829,0.6628807785268966,0.6891231914345872,0.3430304615871088,0.1966938925747819,0.08167073019851706,-0.0030049922354440945,0.1530990269090386,1.1538356447274,0.8881733482836179,0.7337578954792309,0.7023569695454718,0.27136015715979356
1.5911582395826147,-0.5986882958217944,-0.5615168721854553,-0.5059598540899969,-0.4246268586492507,0.05922817983444405,-0.5276045265181647,0.5227056735044008,-0.11267678358052274,0.3430304615871088,-0.5539009724726891,-0.6619150489654948,-0.46028679540024137,-0.37845928460176664,-0.1038115306475181,-0.5392379432790015,0.41892625803506245,-0.24275455663023282,0.27136015715979356
1.5949154018956788,0.11609616664118493,0.23389497150502808,-0.12931739028158631,0.06244811936887579,1.0758974717237402,0.9281792155414542,0.6628807785268966,0.6891231914345872,0.3430304615871088,0.7295541682037103,0.2918949343873054,0.3216272681505527,0.7154654021598442,1.306032912864972,1.3822019812058295,0.7337578954792309,0.7023569695454718,0.27136015715979356
1.598672564208743,-0.6854878455984976,-0.41262488039718703,-0.5516972728535612,-0.7055130132297558,-0.6723477151208792,-0.7043870113354899,0.09242297700488646,0.08324637632180346,0.3430304615871088,-0.6062357735654856,-0.5073616472299463,-0.4921705096732817,-0.5218229648524579,-0.44300466075996225,-0.6387633856983509,0.0021607199415898297,-0.3960601749180276,0.27136015715979356
1.6024297265218068,-0.2144860786807082,-0.2543137380331017,-0.30351159553937695,-0.3305667751996065,0.3042103144363193,0.2548905762013056,0.6628807785268966,0.5939534554803362,0.3430304615871088,-0.6390352624161412,-0.36792001945359776,-0.5121528065193481,-0.6791523916913056,-0.8152402273619667,-0.7011383937394059,-0.40736761751522926,-0.11852280901747005,0.27136015715979356
1.606186888834871,-1.0885946861693196,-0.6550881486012134,-0.7641069733770698,-1.0542407389596085,-1.5806188914896957,-1.5253846905434587,-2.285596524658033,-2.3503424887419633,-3.5775376013847313,-1.0304570588333195,-0.7329203330629307,-0.750617087583047,-0.9302741860714989,-1.4093850437221804,-1.4455078505358658,-2.0843993126293636,-2.293810432500304,0.27136015715979356
1.6099440511479348,-0.4673860413657807,-0.6206350637307068,-0.43677255747263105,-0.24098395655222854,0.31994677948752775,-0.26018448961055274,0.6628807785268966,0.21793279700692472,0.3430304615871088,0.5356671460565923,-0.5652250591457444,0.20350628008320032,1.2914147164395555,1.140027026312007,0.5682320961130669,0.7337578954792309,0.6956560704927116,0.27136015715979356
1.613701213460999,-0.8920068959130236,-0.5561804423602491,-0.6605186700980006,-0.7063783344497004,-0.6746014685920978,-1.1249992261526987,0.0978351350813325,-1.2453562240374332,0.3430304615871088,-0.8166100957164281,-0.672477743151374,-0.6203359872863885,-0.585568681657534,-0.5938246534984666,-1.0388336458034406,0.18818584368730779,-1.0157084310234856,0.27136015715979356
1.617458375774063,1.8796193023024044,1.6946641730162961,0.19080949012692616,0.05927982999651344,1.0758974717237402,1.2239332094710782,0.6628807785268966,0.6891231914345872,0.3430304615871088,0.39425085647598934,0.5612542497055749,0.11735181925805169,0.012990905145135479,1.306032912864972,1.394151094190043,0.7337578954792309,0.7023569695454718,0.27136015715979356
1.621215538087127,1.8796193023024044,1.5016529969887824,3.16053147164278,1.7346092401179118,1.0758974717237402,1.2239332094710782,0.6628807785268966,0.6891231914345872,0.3430304615871088,2.446577313958991,1.385315660363796,1.5112423107393185,2.032882331012309,1.306032912864972,1.394151094190043,0.7337578954792309,0.7023569695454718,0.27136015715979356
1.624972700400191,-0.8068101068981277,0.07424354309878185,-0.615625796500041,-0.9149828512204263,-1.217917803554153,-0.9514810443273695,-1.3314501317081602,-0.7664796796922465,0.3430304615871088,-0.5548060313410955,0.543700862065546,-0.46083818066889687,-0.6988988954236803,-0.8619597200399574,-0.5409590998022487,-0.5441822698873345,0.5490194182561784,0.27136015715979356
1.6287298627132551,-0.9425731602639,-0.4754540447230869,-0.6871636286706517,-0.9679019982494349,-1.3557472113647235,-1.2279862794597016,-1.694033638290435,-1.5295805265350086,0.3430304615871088,-1.1350793979584755,-0.6972895620582312,-0.8143557222504242,-1.027938374209233,-1.640454876865424,-1.6444688548953856,-2.7345294393777126,-2.9191081645141934,-6.017908504496596
1.632487025026319,-0.6956651936967477,-0.17243077405195628,-0.5570600383640935,-0.7940656027940278,-0.9029854268936165,-0.7251149631542229,-0.5029673914876985,0.6891231914345872,0.3430304615871088,-0.712055675648892,-0.2817740410692614,-0.5566387306653912,-0.7323522360862746,-0.9411090785959104,-0.8400018035715593,-0.7668741799911265,-0.3531521144218281,0.27136015715979356
1.6362441873393831,-0.41203438149209626,0.18546876111353905,-0.40760602315979355,-0.5926596240706412,-0.37841788687383443,-0.14745114022790992,0.6628807785268966,0.6891231914345872,0.3430304615871088,-0.005342528958424656,0.3366857357006461,-0.12609080516307009,-0.24704321062805812,0.20711400781719688,0.5039593297329257,0.7241581982298608,0.7023569695454718,0.27136015715979356
1.640001349652447,-0.3192628338958219,-0.02959462406725118,-0.3587217705032931,-0.3360418734440372,0.28995026696577103,0.04149436405878807,0.6628807785268966,0.6891231914345872,0.3430304615871088,-0.3491605951858532,0.09147952932472292,-0.33555366269962894,-0.48338925466602234,-0.35207193332735326,-0.14988179392732776,0.7337578954792309,0.7023569695454718,0.27136015715979356
1.6437585119655111,-0.45575681933615253,-0.18025922790384358,-0.43064475382351297,-0.4753953609351772,-0.07299981321433269,-0.23649954225565872,0.6628807785268966,0.6891231914345872,0.3430304615871088,-0.6261649801343332,-0.3404012697184813,-0.5043118977107149,-0.5974186039310807,-0.6218611284307924,-0.6766628915608879,0.09131709756967439,0.02565410209470944,0.27136015715979356
1.6475156742785753,-0.5509031069084097,-0.3506024906927691,-0.48078033182692154,-0.35314818694113714,0.24539639201698285,-0.4302816204051158,0.6628807785268966,0.34047730833013373,0.3430304615871088,-0.4121124715476167,-0.34359882293607935,-0.3739055737981611,-0.19858888514981096,0.3217551379675577,-0.2695977996292288,0.05369847788029388,-0.25420251530632104,0.27136015715979356
1.6512728365916391,-0.5968104817893135,-0.5565934987834636,-0.5049703746861914,-0.33977935040225016,0.2802159030393501,-0.5237800293688071,0.6628807785268966,0.6891231914345872,0.3430304615871088,-0.47412611860046666,-0.44899193351850125,-0.41168589133784844,-0.23682552274645277,0.2312886769454885,-0.387529568358576,0.7337578954792309,0.7023569695454718,0.27136015715979356
1.6550299989047033,1.8796193023024044,0.32908617925613615,0.965909196657714,1.7346092401179118,1.0758974717237402,1.2239332094710782,0.6628807785268966,0.6891231914345872,0.3430304615871088,2.1224141047623197,0.4451054754836674,1.1701935627057924,1.9575665577752905,1.306032912864972,1.394151094190043,0.7337578954792309,0.7023569695454718,0.27136015715979356
1.6587871612177674,-0.9560689886567018,-0.48592052070997305,-0.6942750060493453,-0.9817877447829824,-1.39191302901627,-1.2554728975825562,-1.7891739221443348,-1.605438264115838,0.3430304615871088,-0.8206184103260884,-0.4222511356694925,-0.6227779562069199,-0.8039911331316435,-1.110604041923653,-1.0464562845935457,-1.2437593730624406,-0.5140512235709052,-0.6338520755824242
1.6625443235308313,-0.4334627431124834,-0.6213847782655552,-0.41889730233543315,0.4365513266749617,0.13742954277844008,-0.1910937515382384,-0.04506772978339204,-0.5395257615444478,0.054998482559762224,-0.2916687248976164,-0.6549268036019028,-0.30052812850408306,0.11631023755945633,0.25672180304317854,-0.04054911841363446,0.19990180714025463,-0.39647530334924824,0.27136015715979356
1.6663014858438954,-1.046513430716212,-0.6634251538073912,-0.741933033446429,-0.9763379200254314,-1.3777188070536064,-1.4396788438844519,-1.7518336269621666,-2.1138109665320406,-1.442887314977487,-1.0294709652160199,-0.6988517997945743,-0.7500163338497003,-0.8860857313151053,-1.3048368048834191,-1.4436325896868827,-1.7902459874507104,-2.2879168336034827,-1.9317046931765927
1.6700586481569593,1.8177981960486431,1.2760107590213483,3.1152116560510086,1.7346092401179118,1.0758974717237402,1.2239332094710782,0.6628807785268966,0.6891231914345872,0.3430304615871088,1.8681884447663937,0.6379162433701272,1.852062987911585,1.919167759835709,1.167815812750452,1.2175599080275668,0.7337578954792309,0.6891428381110567,0.27136015715979356
1.6738158104700234,1.8796193023024044,1.4206322401882792,1.5000732719972134,1.7346092401179118,1.0758974717237402,1.2239332094710782,0.6628807785268966,0.6891231914345872,0.3430304615871088,1.797294624892563,1.3354398222907082,0.9721223675485493,1.263982325397643,1.306032912864972,1.394151094190043,0.7337578954792309,0.7023569695454718,0.27136015715979356
1.6775729727830875,-0.8159572222373236,-0.313950209604747,-0.6204456998961264,-0.8802664458885583,-1.127497948797611,-0.9701107467017932,-1.0935854515715009,0.6891231914345872,0.3430304615871088,-0.9825690674941353,-0.44478473899320686,-0.7214424848123003,-0.9373778593811216,-1.426192070306419,-1.3544389360643043,-2.131686983957269,-2.0075976348752067,0.27136015715979356
1.6813301350961514,-0.7913614572771555,-0.08668799579881371,-0.6074854160618505,-0.8404634528606467,-1.0238299332281613,-0.9200171637647002,-0.8208692496905683,-0.6796454687926123,0.3430304615871088,-0.7424548206924184,-0.24942047772468526,-0.5751586759880816,-0.7374173134620179,-0.9530928630965319,-0.8978120616876097,-0.8005913434578268,-0.5725036080658426,0.27136015715979356
1.6850872974092155,-0.45491588184085663,-0.03746068469167904,-0.43020163735026595,-0.5671894136385206,-0.3120800069615681,-0.23478682576833268,0.6628807785268966,0.6891231914345872,0.3430304615871088,-0.4239275906116831,-0.1330771436789389,-0.38110364988662504,-0.48430886821248903,-0.3542477047415298,-0.292066690836123,0.7337578954792309,0.7023569695454718,0.27136015715979356
1.6888444597222794,0.07133274221495906,-0.21414099630765498,-0.15290464958812292,-0.15759741640657327,1.0758974717237402,1.2239332094710782,0.6628807785268966,0.6891231914345872,0.3430304615871088,0.3348946237963918,-0.27341080019345365,0.08119046727880437,0.13799019115845482,0.8481296522209484,0.7472696814861988,0.7337578954792309,0.7023569695454718,0.27136015715979356
1.6926016220353435,-0.7158953714112299,-0.08897078456432302,-0.5677199566720674,-0.8294465006372073,-0.9951359710975615,-0.7663172630954413,-0.7453849421518597,0.6891231914345872,0.3430304615871088,-0.6852866899018132,-0.300826124372542,-0.540330372266824,-0.7032543032458738,-0.8722644527975338,-0.7890950437489376,-0.5731753111799123,-0.22685744683228617,0.27136015715979356
1.6963587843484076,0.7267415088758362,0.19301591895672715,0.19245088853616846,0.5902601125685681,1.0741253826936805,1.1337444395971428,0.6628807785268966,0.6891231914345872,0.3430304615871088,0.3554418614978182,0.08021094802565155,0.0937083758653112,0.20528689042271325,0.9544128786228572,0.7848847537317161,0.7337578954792309,0.7023569695454718,0.27136015715979356
1.7001159466614715,-0.4318203633009587,0.08335590912500808,-0.41803188064371366,-0.5795510080598594,-0.344276127540644,-0.18774875741278743,0.5737241035275409,0.6473096569230534,0.3430304615871088,0.008190393424745122,0.4167224004451178,-0.11784619886793686,-0.22890683659067038,0.2500239935811967,0.5296949790386966,0.7337578954792309,0.7023569695454718,0.27136015715979356
1.7038731089745356,-0.8347956251498329,-0.3270807441903037,-0.6303722481911658,-0.8623240481121268,-1.080766468812274,-1.0084784535093756,-0.9706504107117871,-0.9237814797605761,0.3430304615871088,-0.6184660565867174,-0.12839874727310735,-0.4996215143811422,-0.6431527934169756,-0.7300665180925922,-0.6620217969884529,-0.17309209799920713,0.04868180202210623,0.27136015715979356
1.7076302712875997,-1.0437075420788107,-0.40821780863574003,-0.7404545222796901,-1.037628336104393,-1.5373514207084704,-1.433964160263208,-2.1717741443256493,-2.0980395475615268,-3.096929974529219,-0.9545260794414675,-0.4614898261716069,-0.7043579712617841,-0.8732062518222315,-1.2743644359000916,-1.3011093975082428,-1.704509979249368,-1.8399927335238127,-0.6173515423276709
1.7113874336006636,-1.0597343142539104,-0.5250110372547121,-0.7488995337145019,-0.9075721102711378,-1.1986163201814573,-1.4666054886572373,-1.280674323883971,-2.1881232862207085,-0.48523489473294423,-1.0219024170098647,-0.5651194717817581,-0.7454053785498245,-0.8045350469064303,-1.1118909216651507,-1.4292394307761584,-1.2473800935955754,-2.24268179042322,-0.6273423183950965
1.7151445959137277,0.5440113518347583,0.7249793734909521,0.09616460900107696,0.20098711077971668,1.0758974717237402,1.2239332094710782,0.6628807785268966,0.6891231914345872,0.3430304615871088,-0.1868508298794718,0.34729705699637564,-0.2366703561293617,-0.35326457711174847,-0.04420179071294582,0.15878377589981377,0.7337578954792309,0.7023569695454718,0.27136015715979356
1.7189017582267916,-0.9606197197734051,-0.5700173679049542,-0.6966729297171572,-0.975978222960319,-1.376781965924092,-1.2647412584970497,-1.7493691083427685,-1.6310171435150274,0.3430304615871088,-0.95167814125207,-0.6527790045356421,-0.7026229336653457,-0.882960065277442,-1.2974415954053482,-1.2956934543429985,-1.769439080681845,-1.7409250664683225,0.27136015715979356
1.7226589205398557,1.0452477603282118,-0.36301488970800594,0.3602818719798191,1.7346092401179118,1.0758974717237402,1.2239332094710782,0.6628807785268966,0.6891231914345872,0.3430304615871088,0.8990312795483089,-0.3613055430282904,0.4248771072843683,2.13501559317823,1.306032912864972,1.211481933963488,0.7337578954792309,0.7023569695454718,0.27136015715979356
1.7264160828529198,-0.1237954823537236,0.2273568587028239,-0.255723861699796,-0.45730225116734574,-0.02587579960570765,0.46009719850807573,0.6628807785268966,0.6891231914345872,0.3430304615871088,-0.27685154092263986,-0.3121938878211614,-0.29150111683451335,-0.37284343997600883,-0.09052465133816284,-0.012371180220965665,0.2736633937619373,0.18597518195587018,0.27136015715979356
1.7301732451659837,-0.4290535394294053,-0.16049532707990427,-0.41657395393344815,-0.5995754775831326,-0.39643042198912165,-0.18211363602881753,0.6628807785268966,0.6891231914345872,0.3430304615871088,-0.7470151565119225,-0.40590741849620365,-0.5779369505056509,-0.7675117056096473,-1.0242950745181172,-0.9064844829166917,-1.0009234340063171,0.19085066755038754,0.27136015715979356
